ticker,cik,title
NVDA,1045810,NVIDIA CORP
AAPL,320193,Apple Inc.
GOOGL,1652044,Alphabet Inc.
MSFT,789019,MICROSOFT CORP
AMZN,1018724,AMAZON COM INC
AVGO,1730168,Broadcom Inc.
META,1326801,"Meta Platforms, Inc."
TSLA,1318605,"Tesla, Inc."
BRK-B,1067983,BERKSHIRE HATHAWAY INC
WMT,104169,Walmart Inc.
LLY,59478,ELI LILLY & Co
JPM,19617,JPMORGAN CHASE & CO
XOM,34088,EXXON MOBIL CORP
SPY,884394,SPDR S&P 500 ETF TRUST
V,1403161,VISA INC.
JNJ,200406,JOHNSON & JOHNSON
ASML,937966,ASML HOLDING NV
MU,723125,MICRON TECHNOLOGY INC
MA,1141391,Mastercard Inc
COST,909832,COSTCO WHOLESALE CORP /NEW
ORCL,1341439,ORACLE CORP
CVX,93410,CHEVRON CORP
NFLX,1065280,NETFLIX INC
CYATY,2070829,"Contemporary Amperex Technology Co., Limited/ADR"
PLTR,1321655,Palantir Technologies Inc.
ABBV,1551152,AbbVie Inc.
BAC,70858,BANK OF AMERICA CORP /DE/
CAT,18230,CATERPILLAR INC
PG,80424,PROCTER & GAMBLE Co
AMD,2488,ADVANCED MICRO DEVICES INC
HD,354950,"HOME DEPOT, INC."
KO,21344,COCA COLA CO
CSCO,858877,"CISCO SYSTEMS, INC."
GE,40545,GENERAL ELECTRIC CO
LRCX,707549,LAM RESEARCH CORP
BABA,1577552,Alibaba Group Holding Ltd
AMAT,6951,APPLIED MATERIALS INC /DE
AZN,901832,ASTRAZENECA PLC
MRK,310158,"Merck & Co., Inc."
NVS,1114448,NOVARTIS AG
TM,1094517,TOYOTA MOTOR CORP/
HSBC,1089113,HSBC HOLDINGS PLC
MS,895421,MORGAN STANLEY
RTX,101829,RTX Corp
SHEL,1306965,Shell plc
PM,1413329,Philip Morris International Inc.
GS,886982,GOLDMAN SACHS GROUP INC
UNH,731766,UNITEDHEALTH GROUP INC
GEV,1996810,GE Vernova Inc.
WFC,72971,WELLS FARGO & COMPANY/MN
TMUS,1283699,"T-Mobile US, Inc."
QQQ,1067839,"INVESCO QQQ TRUST, SERIES 1"
RY,1000275,ROYAL BANK OF CANADA
IBM,51143,INTERNATIONAL BUSINESS MACHINES CORP
LIN,1707925,LINDE PLC
INTC,50863,INTEL CORP
MCD,63908,MCDONALDS CORP
VZ,732712,VERIZON COMMUNICATIONS INC
AXP,4962,AMERICAN EXPRESS CO
PEP,77476,PEPSICO INC
KLAC,319201,KLA CORP
T,732717,AT&T INC.
SAP,1000184,SAP SE
C,831001,CITIGROUP INC
TTE,879764,TotalEnergies SE
NEE,753308,NEXTERA ENERGY INC
MUFG,67088,MITSUBISHI UFJ FINANCIAL GROUP INC
AMGN,318154,AMGEN INC
DTEGY,946770,DEUTSCHE TELEKOM AG
TMO,97745,THERMO FISHER SCIENTIFIC INC.
ABT,1800,ABBOTT LABORATORIES
TXN,97476,TEXAS INSTRUMENTS INC
TJX,109198,TJX COMPANIES INC /DE/
BHP,811809,BHP Group Ltd
CRM,1108524,"Salesforce, Inc."
GILD,882095,"GILEAD SCIENCES, INC."
DIS,1744489,Walt Disney Co
SCHW,316709,SCHWAB CHARLES CORP
ISRG,1035267,INTUITIVE SURGICAL INC
ANET,1596532,"Arista Networks, Inc."
NVO,353278,NOVO NORDISK A S
SAN,891478,"Banco Santander, S.A."
RTNTF,887028,RIO TINTO LTD
COP,1163165,CONOCOPHILLIPS
DE,315189,DEERE & CO
APH,820313,AMPHENOL CORP /DE/
ADI,6281,ANALOG DEVICES INC
TD,947263,TORONTO DOMINION BANK
BA,12927,BOEING CO
PFE,78003,PFIZER INC
SHOP,1594805,SHOPIFY INC.
BLK,2012383,"BlackRock, Inc."
UBER,1543151,"Uber Technologies, Inc"
APP,1751008,AppLovin Corp
ETN,1551182,Eaton Corp plc
UNP,100885,UNION PACIFIC CORP
ARM,1973239,ARM HOLDINGS PLC /UK
LMT,936468,LOCKHEED MARTIN CORP
RIO,863064,RIO TINTO PLC
HON,773840,HONEYWELL INTERNATIONAL INC
PDD,1737806,PDD Holdings Inc.
HTHIY,47710,HITACHI LTD
BKNG,1075531,Booking Holdings Inc.
QCOM,804328,QUALCOMM INC/DE
WELL,766704,WELLTOWER INC.
DHR,313616,DANAHER CORP /DE/
BUD,1668717,Anheuser-Busch InBev SA/NV
UL,217410,UNILEVER PLC
SCCO,1001838,SOUTHERN COPPER CORP/
BX,1393818,Blackstone Inc.
LOW,60667,LOWES COMPANIES INC
UTX,2046954,Ultratrex Inc.
HDB,1144967,HDFC BANK LTD
PANW,1327567,Palo Alto Networks Inc
CB,896159,Chubb Ltd
PBR,1119639,PETROBRAS - PETROLEO BRASILEIRO SA
BTI,1303523,British American Tobacco p.l.c.
SYK,310764,STRYKER CORP
SMFG,1022837,"SUMITOMO MITSUI FINANCIAL GROUP, INC."
SPGI,64040,S&P Global Inc.
SONY,313838,Sony Group Corp
GLW,24741,CORNING INC /NY
BBVA,842180,"BANCO BILBAO VIZCAYA ARGENTARIA, S.A."
PLD,1045609,"Prologis, Inc."
PGR,80661,PROGRESSIVE CORP/OH/
INTU,896878,INTUIT INC.
ACN,1467373,Accenture plc
ENB,895728,ENBRIDGE INC
DELL,1571996,Dell Technologies Inc.
UBS,1610520,UBS Group AG
BMY,14272,BRISTOL MYERS SQUIBB CO
PH,76334,Parker-Hannifin Corp
COF,927628,CAPITAL ONE FINANCIAL CORP
BP,313807,BP PLC
VRTX,875320,VERTEX PHARMACEUTICALS INC / MA
IBKR,1381197,"Interactive Brokers Group, Inc."
MDT,1613103,Medtronic plc
NOW,1373715,"ServiceNow, Inc."
SNY,1121404,Sanofi
MCK,927653,MCKESSON CORP
CME,1156375,CME GROUP INC.
HCA,860730,"HCA Healthcare, Inc."
NEM,1164727,NEWMONT Corp /DE/
MO,764180,"ALTRIA GROUP, INC."
GSK,1131399,GSK plc
CEG,1868275,Constellation Energy Corp
CMCSA,1166691,COMCAST CORP
GLD,1222333,SPDR GOLD TRUST
SO,92122,SOUTHERN CO
SBUX,829224,STARBUCKS CORP
ATEYY,1158838,ADVANTEST CORP
SNDK,2023554,Sandisk Corp
VRT,1674101,Vertiv Holdings Co
WDC,106040,WESTERN DIGITAL CORP
CNQ,1017413,CANADIAN NATURAL RESOURCES LTD
BSX,885725,BOSTON SCIENTIFIC CORP
SPOT,1639920,Spotify Technology S.A.
CRWD,1535527,"CrowdStrike Holdings, Inc."
EQNR,1140625,EQUINOR ASA
DUK,1326160,Duke Energy CORP
ADBE,796343,ADOBE INC.
NOC,1133421,NORTHROP GRUMMAN CORP /DE/
BMO,927971,BANK OF MONTREAL /CAN/
HWM,4281,Howmet Aerospace Inc.
IBN,1103838,ICICI BANK LTD
MFG,1335730,MIZUHO FINANCIAL GROUP INC
TT,1466258,Trane Technologies plc
STX,1137789,Seagate Technology Holdings plc
EQIX,1101239,EQUINIX INC
GD,40533,GENERAL DYNAMICS CORP
CVS,64803,CVS HEALTH Corp
AEM,2809,AGNICO EAGLE MINES LTD
WMB,107263,"WILLIAMS COMPANIES, INC."
WM,823768,WASTE MANAGEMENT INC
CM,1045520,CANADIAN IMPERIAL BANK OF COMMERCE /CAN/
ICE,1571949,"Intercontinental Exchange, Inc."
ITUB,1132597,Itau Unibanco Holding S.A.
BN,1001085,BROOKFIELD Corp /ON/
PWR,1050915,"QUANTA SERVICES, INC."
BNS,9631,BANK OF NOVA SCOTIA
MAR,1048286,MARRIOTT INTERNATIONAL INC /MD/
FDX,1048911,FEDEX CORP
MRSH,62709,"MARSH & MCLENNAN COMPANIES, INC."
KKR,1404912,KKR & Co. Inc.
UPS,1090727,UNITED PARCEL SERVICE INC
BAESY,895564,BAE SYSTEMS PLC /FI/
JCI,833444,Johnson Controls International plc
PNC,713676,"PNC FINANCIAL SERVICES GROUP, INC."
EPD,1061219,ENTERPRISE PRODUCTS PARTNERS L.P.
ADP,8670,AUTOMATIC DATA PROCESSING INC
BK,1390777,Bank of New York Mellon Corp
NGG,1004315,NATIONAL GRID PLC
MELI,1099590,MERCADOLIBRE INC
MGCLY,2039784,"Midea Group Co., Ltd./ADR"
FCX,831259,FREEPORT-MCMORAN INC
USB,36104,US BANCORP DE
MRVL,1835632,"Marvell Technology, Inc."
IAU,1278680,ISHARES GOLD TRUST
AMT,1053507,AMERICAN TOWER CORP /MA/
SNPS,883241,SYNOPSYS INC
NKE,320187,"NIKE, Inc."
REGN,872589,"REGENERON PHARMACEUTICALS, INC."
CDNS,813672,CADENCE DESIGN SYSTEMS INC
ABNB,1559720,"Airbnb, Inc."
SHW,89800,SHERWIN WILLIAMS CO
EOG,821189,EOG RESOURCES INC
MMM,66740,3M CO
E,1002242,ENI SPA
CMI,26172,CUMMINS INC
ITW,49826,ILLINOIS TOOL WORKS INC
SU,311337,SUNCOR ENERGY INC
MCO,1059556,MOODYS CORP /DE/
SLB,87347,SLB LIMITED/NV
MSI,68505,"Motorola Solutions, Inc."
KMI,1506307,"KINDER MORGAN, INC."
NET,1477333,"Cloudflare, Inc."
ECL,31462,ECOLAB INC.
RCL,884887,ROYAL CARIBBEAN CRUISES LTD
AMX,1129137,AMERICA MOVIL SAB DE CV/
ORLY,898173,O REILLY AUTOMOTIVE INC
KXIAY,2053383,Kioxia Holdings Corporation/ADR
PSX,1534701,Phillips 66
MDLZ,1103982,"Mondelez International, Inc."
ING,1039765,ING GROEP NV
LYG,1160106,Lloyds Banking Group plc
EMR,32604,EMERSON ELECTRIC CO
VLO,1035002,VALERO ENERGY CORP/TX
CSX,277948,CSX CORP
NTES,1110646,"NetEase, Inc."
MPC,1510295,Marathon Petroleum Corp
GM,1467858,General Motors Co
MNST,865752,Monster Beverage Corp
BCS,312069,BARCLAYS PLC
CTAS,723254,CINTAS CORP
CRH,849395,CRH PUBLIC LTD CO
CP,16875,CANADIAN PACIFIC KANSAS CITY LTD/CN
CI,1739940,Cigna Group
BAM,1937926,Brookfield Asset Management Ltd.
AON,315293,Aon plc
AEP,4904,AMERICAN ELECTRIC POWER CO INC
ROST,745732,"ROSS STORES, INC."
HLT,1585689,Hilton Worldwide Holdings Inc.
NU,1691493,Nu Holdings Ltd.
WBD,1437107,"Warner Bros. Discovery, Inc."
CL,21665,COLGATE PALMOLIVE CO
DASH,1792789,"DoorDash, Inc."
TRP,1232384,TC ENERGY CORP
RSG,1060391,"REPUBLIC SERVICES, INC."
ET,1276187,Energy Transfer LP
CVNA,1690820,CARVANA CO.
LHX,202058,"L3HARRIS TECHNOLOGIES, INC. /DE/"
TDG,1260221,TransDigm Group INC
TRV,86312,"TRAVELERS COMPANIES, INC."
APO,1858681,"Apollo Global Management, Inc."
B,756894,BARRICK MINING CORP
VALE,917851,Vale S.A.
IMO,49938,IMPERIAL OIL LTD
ELV,1156039,"Elevance Health, Inc."
APD,2969,"Air Products & Chemicals, Inc."
NSC,702165,NORFOLK SOUTHERN CORP
COR,1140859,"Cencora, Inc."
LNG,3570,"Cheniere Energy, Inc."
BKR,1701605,Baker Hughes Co
HOOD,1783879,"Robinhood Markets, Inc."
CNI,16868,CANADIAN NATIONAL RAILWAY CO
DLR,1297996,"DIGITAL REALTY TRUST, INC."
CIEN,936395,CIENA CORP
PCAR,75362,PACCAR INC
TEL,1385157,TE Connectivity plc
MPLX,1552000,MPLX LP
FTNT,1262039,"Fortinet, Inc."
RELX,929869,RELX PLC
TFC,92230,TRUIST FINANCIAL CORP
SPG,1063761,SIMON PROPERTY GROUP INC.
IFNNY,1107457,INFINEON TECHNOLOGIES AG
MFC,1086888,MANULIFE FINANCIAL CORP
NWG,844150,NatWest Group plc
OKE,1039684,ONEOK INC /NEW/
LITE,1633978,Lumentum Holdings Inc.
RACE,1648416,Ferrari N.V.
LSEGY,1842726,London Stock Exchange Group plc
TAK,1395064,TAKEDA PHARMACEUTICAL CO LTD
O,726728,REALTY INCOME CORP
EONGY,1136808,E.ON SE
BDX,10795,BECTON DICKINSON & CO
DB,1159508,DEUTSCHE BANK AKTIENGESELLSCHAFT
AJG,354190,Arthur J. Gallagher & Co.
AFL,4977,AFLAC INC
FANG,1539838,"Diamondback Energy, Inc."
AZO,866787,AUTOZONE INC
SNOW,1640147,Snowflake Inc.
BMWKY,1446250,Bayerische Motoren Werke AG/ADR
WPM,1323404,Wheaton Precious Metals Corp.
CTVA,1755672,"Corteva, Inc."
MPWR,1280452,MONOLITHIC POWER SYSTEMS INC
ALL,899051,ALLSTATE CORP
INFY,1067491,Infosys Ltd
D,715957,"DOMINION ENERGY, INC"
TRGP,1389170,Targa Resources Corp.
TGT,27419,TARGET CORP
AED,2057673,Brand Meditech Ltd
VST,1692819,Vistra Corp.
FAST,815556,FASTENAL CO
FIX,1035983,COMFORT SYSTEMS USA INC
KEYS,1601046,"Keysight Technologies, Inc."
ZTS,1555280,Zoetis Inc.
COHR,820318,COHERENT CORP.
ADSK,769397,"Autodesk, Inc."
UI,1511737,Ubiquiti Inc.
EA,712515,ELECTRONIC ARTS INC.
GWW,277135,"W.W. GRAINGER, INC."
TER,97210,"TERADYNE, INC"
NXPI,1413447,NXP Semiconductors N.V.
AME,1037868,AMETEK INC/
CARR,1783180,CARRIER GLOBAL Corp
COIN,1679788,"Coinbase Global, Inc."
CAH,721371,CARDINAL HEALTH INC
XEL,72903,XCEL ENERGY INC
EXC,1109357,EXELON CORP
NDAQ,1120193,"NASDAQ, INC."
CVE,1475260,CENOVUS ENERGY INC.
URI,1067701,"UNITED RENTALS, INC."
EW,1099800,Edwards Lifesciences Corp
F,37996,FORD MOTOR CO
CSLLY,1274152,CSL LTD
PSA,1393311,Public Storage
CCJ,1009001,CAMECO CORP
ASX,1122411,"ASE Technology Holding Co., Ltd."
SCMWY,1069336,SWISSCOM AG
ETR,65984,ENTERGY CORP /DE/
GRMN,1121788,GARMIN LTD
SE,1703399,Sea Ltd
MSTR,1050446,Strategy Inc
WDS,844551,WOODSIDE ENERGY GROUP LTD
NOK,924613,NOKIA CORP
MET,1099219,METLIFE INC
IDXX,874716,IDEXX LABORATORIES INC /DE
FER,1468522,Ferrovial SE
FERG,2011641,Ferguson Enterprises Inc. /DE/
FNV,1456346,FRANCO NEVADA Corp
YUM,1041061,YUM BRANDS INC
KR,56873,KROGER CO
HSY,47111,HERSHEY CO
CRWV,1769628,"CoreWeave, Inc."
ABEV,1565025,AMBEV S.A.
DAL,27904,"DELTA AIR LINES, INC."
AU,1973832,AngloGold Ashanti PLC
DDOG,1561550,"Datadog, Inc."
HLN,1900304,Haleon plc
CMG,1058090,CHIPOTLE MEXICAN GRILL INC
TYHOY,2018139,Toyota Tsusho Corporation/ADR
BSBR,1471055,Banco Santander (Brasil) S.A.
GALDY,2021390,Galderma Group AG/ADR
ARGX,1697862,ARGENX SE
GWLIF,850918,GREAT-WEST LIFECO INC.
ESLT,1027664,ELBIT SYSTEMS LTD
WAB,943452,WESTINGHOUSE AIR BRAKE TECHNOLOGIES CORP
CCEP,1650107,COCA-COLA EUROPACIFIC PARTNERS plc
AMP,820027,AMERIPRISE FINANCIAL INC
FITB,35527,FIFTH THIRD BANCORP
PYPL,1633917,"PayPal Holdings, Inc."
EQT,33213,EQT Corp
BE,1664703,Bloom Energy Corp
VG,2007855,"Venture Global, Inc."
ALNY,1178670,"ALNYLAM PHARMACEUTICALS, INC."
ROK,1024478,"ROCKWELL AUTOMATION, INC"
WCN,1318220,"Waste Connections, Inc."
DEO,835403,DIAGEO PLC
EBAY,1065088,EBAY INC
DHI,882184,HORTON D R INC /DE/
MT,1243429,ArcelorMittal
AIG,5272,"AMERICAN INTERNATIONAL GROUP, INC."
PEG,788784,PUBLIC SERVICE ENTERPRISE GROUP INC
RKT,1805284,"Rocket Companies, Inc."
JD,1549802,"JD.com, Inc."
ED,1047862,CONSOLIDATED EDISON INC
MSCI,1408198,MSCI Inc.
CBRE,1138118,"CBRE GROUP, INC."
SYY,96021,SYSCO CORP
HEI,46619,HEICO CORP
VTR,740260,"Ventas, Inc."
RBLX,1315098,Roblox Corp
TRI,1075124,THOMSON REUTERS CORP /CAN/
ODFL,878927,"OLD DOMINION FREIGHT LINE, INC."
ERIC,717826,ERICSSON LM TELEPHONE CO
PTCAY,1547873,PT Chandra Asri Petrochemical Tbk/ADR
BIDU,1329099,"Baidu, Inc."
PCG,1004980,PG&E Corp
HIG,874766,"HARTFORD INSURANCE GROUP, INC."
RKLB,1819994,Rocket Lab Corp
BBD,1160330,BANK BRADESCO
DIA,1041130,SPDR DOW JONES INDUSTRIAL AVERAGE ETF TRUST
GBTC,1588489,Grayscale Bitcoin Trust ETF
NUE,73309,NUCOR CORP
ROP,882835,ROPER TECHNOLOGIES INC
NTR,1725964,Nutrien Ltd.
ALC,1167379,ALCON INC
LVS,1300514,LAS VEGAS SANDS CORP
AXON,1069183,"AXON ENTERPRISE, INC."
TPL,1811074,Texas Pacific Land Corp
WEC,783325,"WEC ENERGY GROUP, INC."
KB,1445930,KB Financial Group Inc.
FMX,1061736,MEXICAN ECONOMIC DEVELOPMENT INC
FRFHF,915191,FAIRFAX FINANCIAL HOLDINGS LTD/ CAN
GFI,1172724,GOLD FIELDS LTD
XYZ,1512673,"Block, Inc."
PUK,1116578,PRUDENTIAL PLC
LYV,1335258,"Live Nation Entertainment, Inc."
KBGGY,1535759,Kongsberg Gruppen ASA/ADR
KDP,1418135,Keurig Dr Pepper Inc.
MCHP,827054,MICROCHIP TECHNOLOGY INC
TTWO,946581,TAKE TWO INTERACTIVE SOFTWARE INC
STT,93751,STATE STREET CORP
CCL,815097,CARNIVAL CORP
VMC,1396009,Vulcan Materials CO
CUK,1125259,CARNIVAL PLC
ARES,1176948,Ares Management Corp
SLF,1097362,SUN LIFE FINANCIAL INC
MLM,916076,MARTIN MARIETTA MATERIALS INC
CLS,1030894,CELESTICA INC
ADM,7084,Archer-Daniels-Midland Co
VOD,839923,VODAFONE GROUP PUBLIC LTD CO
MDY,936958,SPDR S&P MIDCAP 400 ETF TRUST
CCI,1051470,CROWN CASTLE INC.
EME,105634,"EMCOR Group, Inc."
MDLN,2046386,Medline Inc.
WDAY,1327811,"Workday, Inc."
CQP,1383650,"Cheniere Energy Partners, L.P."
ACGL,947484,ARCH CAPITAL GROUP LTD.
TEVA,818686,TEVA PHARMACEUTICAL INDUSTRIES LTD
CPNG,1834584,"Coupang, Inc."
QSR,1618756,Restaurant Brands International Inc.
KVUE,1944048,Kenvue Inc.
KGC,701818,KINROSS GOLD CORP
TCOM,1269238,Trip.com Group Ltd
RMD,943819,RESMED INC
ASTS,1780312,"AST SpaceMobile, Inc."
CHT,1132924,CHUNGHWA TELECOM CO LTD
PRU,1137774,PRUDENTIAL FINANCIAL INC
IR,1699150,Ingersoll Rand Inc.
KMB,55785,KIMBERLY CLARK CORP
IX,1070304,ORIX CORP
PAYX,723531,PAYCHEX INC
HMC,715153,HONDA MOTOR CO LTD
VIK,1745201,Viking Holdings Ltd
GEHC,1932393,GE HealthCare Technologies Inc.
A,1090872,"AGILENT TECHNOLOGIES, INC."
NRG,1013871,"NRG ENERGY, INC."
HAL,45012,HALLIBURTON CO
SATS,1415404,EchoStar CORP
SYM,1837240,Symbotic Inc.
CPRT,900075,COPART INC
HPE,1645590,Hewlett Packard Enterprise Co
ONC,1651308,BeOne Medicines Ltd.
HBAN,49196,HUNTINGTON BANCSHARES INC /MD/
RYAAY,1038683,RYANAIR HOLDINGS PLC
DLMAY,2073893,Dollarama Inc./ADR
EC,1444406,ECOPETROL S.A.
DVN,1090012,DEVON ENERGY CORP/DE
CHLSY,1885110,Chocoladefabriken Lindt & Spruengli AG/ADR
AMRZ,2035989,Amrize Ltd
SHG,1263043,SHINHAN FINANCIAL GROUP CO LTD
OTIS,1781335,Otis Worldwide Corp
MTB,36270,M&T BANK CORP
FISV,798354,FISERV INC
UAL,100517,"United Airlines Holdings, Inc."
ATO,731802,ATMOS ENERGY CORP
INSM,1104506,INSMED Inc
DTE,936340,DTE ENERGY CO
AEE,1002910,AMEREN CORP
IRM,1020569,IRON MOUNTAIN INC
JBL,898293,JABIL INC
WAT,1000697,WATERS CORP /DE/
CBOE,1374310,"Cboe Global Markets, Inc."
DOV,29905,DOVER Corp
TPR,1116132,"TAPESTRY, INC."
VEEV,1393052,VEEVA SYSTEMS INC
XYL,1524472,Xylem Inc.
VICI,1705696,VICI PROPERTIES INC.
CTSH,1058290,COGNIZANT TECHNOLOGY SOLUTIONS CORP
NBIS,1513845,Nebius Group N.V.
EXPE,1324424,"Expedia Group, Inc."
TDY,1094285,TELEDYNE TECHNOLOGIES INC
TS,1190723,TENARIS SA
STM,932787,STMicroelectronics N.V.
FSNUY,904868,Fresenius SE & Co. KGaA
SUNB,2083785,"Sunbelt Rentals Holdings, Inc."
EXR,1289490,Extra Space Storage Inc.
GELHY,1474968,Geely Automobile Holdings Limited/ADR
RJF,720005,RAYMOND JAMES FINANCIAL INC
CKHGF,1469059,Capitec Bank Holdings Ltd / ADR
FE,1031296,FIRSTENERGY CORP
IQV,1478242,IQVIA HOLDINGS INC.
WTW,1140536,WILLIS TOWERS WATSON PLC
FTI,1681459,TechnipFMC plc
FTS,1666175,Fortis Inc.
PPL,922224,PPL Corp
NTRA,1604821,"Natera, Inc."
DOW,1751788,DOW INC.
CHTR,1091667,"CHARTER COMMUNICATIONS, INC. /MO/"
EIX,827052,EDISON INTERNATIONAL
CNP,1130310,CENTERPOINT ENERGY INC
VRSK,1442145,"Verisk Analytics, Inc."
BIIB,875045,BIOGEN INC.
TW,1758730,Tradeweb Markets Inc.
HUBB,48898,HUBBELL INC
CRCL,1876042,"Circle Internet Group, Inc."
CTRA,858470,Coterra Energy Inc.
STZ,16918,"CONSTELLATION BRANDS, INC."
NTRS,73124,NORTHERN TRUST CORP
EXE,895126,EXPAND ENERGY Corp
RPRX,1802768,Royalty Pharma plc
PBA,1546066,PEMBINA PIPELINE CORP
BAP,1001290,CREDICORP LTD
AWK,1410636,"American Water Works Company, Inc."
RDDT,1713445,"Reddit, Inc."
DXCM,1093557,DEXCOM INC
DG,29534,DOLLAR GENERAL CORP
CW,26324,CURTISS WRIGHT CORP
EL,1001250,ESTEE LAUDER COMPANIES INC
MTD,1037646,METTLER TOLEDO INTERNATIONAL INC/
ROL,84839,ROLLINS INC
PHG,313216,KONINKLIJKE PHILIPS NV
FLEX,866374,FLEX LTD.
CASY,726958,CASEYS GENERAL STORES INC
MTZ,15615,MASTEC INC
FIS,1136893,"Fidelity National Information Services, Inc."
RSHGY,1447391,RESONA HOLDINGS INC
FTAI,1590364,FTAI Aviation Ltd.
ES,72741,EVERSOURCE ENERGY
VIV,1066119,TELEFONICA BRASIL S.A.
CFG,759944,CITIZENS FINANCIAL GROUP INC/RI
GFS,1709048,GLOBALFOUNDRIES Inc.
KHC,1637459,Kraft Heinz Co
ON,1097864,ON SEMICONDUCTOR CORP
FOXA,1754301,Fox Corp
Q,2058873,"Qnity Electronics, Inc."
STLD,1022671,STEEL DYNAMICS INC
WRB,11544,BERKLEY W R CORP
AXIA,1439124,BRAZILIAN ELECTRIC POWER CO
CINF,20286,CINCINNATI FINANCIAL CORP
LYB,1489393,LyondellBasell Industries N.V.
SYF,1601712,Synchrony Financial
BCE,718940,BCE INC
LPLA,1397911,LPL Financial Holdings Inc.
BG,1996862,Bunge Global SA
TSCO,916365,TRACTOR SUPPLY CO /DE/
MKL,1096343,MARKEL GROUP INC.
TECK,886986,TECK RESOURCES LTD
OMC,29989,OMNICOM GROUP INC.
FICO,814547,FAIR ISAAC CORP
DRI,940944,DARDEN RESTAURANTS INC
UTHR,1082554,UNITED THERAPEUTICS Corp
TELNY,1126113,TELENOR ASA
AER,1378789,AerCap Holdings N.V.
PPG,79879,PPG INDUSTRIES INC
AVB,915912,AVALONBAY COMMUNITIES INC
FUJIY,800365,FUJI PHOTO FILM CO LTD /FI
ULTA,1403568,"Ulta Beauty, Inc."
CMS,811156,CMS ENERGY CORP
EQR,906107,EQUITY RESIDENTIAL
NMR,1163653,NOMURA HOLDINGS INC
UMC,1033767,UNITED MICROELECTRONICS CORP
LEN,920760,LENNAR CORP /NEW/
FCNCA,798941,FIRST CITIZENS BANCSHARES INC /DE/
BRO,79282,"BROWN & BROWN, INC."
PHM,822416,PULTEGROUP INC/MI/
ZM,1585521,"Zoom Communications, Inc."
RF,1281761,REGIONS FINANCIAL CORP
ZS,1713683,"Zscaler, Inc."
VRSN,1014473,VERISIGN INC/CA
CHD,313927,CHURCH & DWIGHT CO INC /DE/
L,60086,LOEWS CORP
WWD,108312,"Woodward, Inc."
LH,920148,LABCORP HOLDINGS INC.
WIT,1123799,WIPRO LTD
SQM,909037,CHEMICAL & MINING CO OF CHILE INC
XPO,1166003,"XPO, Inc."
NI,1111711,NISOURCE INC.
BNTX,1776985,BioNTech SE
DGX,1022079,QUEST DIAGNOSTICS INC
STE,1757898,STERIS plc
KEY,91576,KEYCORP /NEW/
VLTO,1967680,Veralto Corp
FN,1408710,Fabrinet
PSTG,1474432,"Everpure, Inc."
WSM,719955,WILLIAMS SONOMA INC
SLV,1330568,iShares Silver Trust
TSN,100493,"TYSON FOODS, INC."
SOFI,1818874,"SoFi Technologies, Inc."
DLTR,935703,"DOLLAR TREE, INC."
PAAS,771992,PAN AMERICAN SILVER CORP
RCI,733099,ROGERS COMMUNICATIONS INC
SW,2005951,Smurfit Westrock plc
SBS,1170858,COMPANHIA DE SANEAMENTO BASICO DO ESTADO DE SAO PAULO-SABESP
RL,1037038,RALPH LAUREN CORP
HUM,49071,HUMANA INC
EDPFY,1039610,EDP ENERGIAS DE PORTUGAL SA
EFX,33185,EQUIFAX INC
ALB,915913,ALBEMARLE CORP
ALAB,1736297,"Astera Labs, Inc."
FSLR,1274494,"FIRST SOLAR, INC."
NTAP,1002047,"NetApp, Inc."
MDB,1441816,"MongoDB, Inc."
LUV,92380,SOUTHWEST AIRLINES CO
CPAY,1175454,"CORPAY, INC."
ATI,1018963,ATI INC
TU,868675,TELUS CORP
KEP,887225,KOREA ELECTRIC POWER CORP
MRNA,1682852,"Moderna, Inc."
BURL,1579298,"Burlington Stores, Inc."
TSEM,928876,TOWER SEMICONDUCTOR LTD
USFD,1665918,US Foods Holding Corp.
NVT,1720635,nVent Electric plc
BEP,1533232,Brookfield Renewable Partners L.P.
LDOS,1336920,"Leidos Holdings, Inc."
CHRW,1043277,"C. H. ROBINSON WORLDWIDE, INC."
RIVN,1874178,"Rivian Automotive, Inc. / DE"
CRS,17843,CARPENTER TECHNOLOGY CORP
GPN,1123360,GLOBAL PAYMENTS INC
KOF,910631,COCA COLA FEMSA SAB DE CV
IHG,858446,INTERCONTINENTAL HOTELS GROUP PLC /NEW/
HKHHY,1142231,HEINEKEN HOLDING N V
GIS,40704,GENERAL MILLS INC
STLA,1605484,Stellantis N.V.
JBHT,728535,HUNT J B TRANSPORT SERVICES INC
FUTU,1754581,Futu Holdings Ltd
CF,1324404,"CF Industries Holdings, Inc."
BCH,1161125,BANK OF CHILE
TROW,1113169,PRICE T ROWE GROUP INC
RGLD,85535,ROYAL GOLD INC
PFG,1126328,PRINCIPAL FINANCIAL GROUP INC
ILMN,1110803,"ILLUMINA, INC."
ZTO,1677250,ZTO Express (Cayman) Inc.
ROIV,1635088,Roivant Sciences Ltd.
PKG,75677,PACKAGING CORP OF AMERICA
BR,1383312,"BROADRIDGE FINANCIAL SOLUTIONS, INC."
AS,1988894,"Amer Sports, Inc."
IP,51434,INTERNATIONAL PAPER CO /NEW/
DIDIY,1764757,DiDi Global Inc.
FWONA,1560385,Liberty Media Corp
EXPD,746515,EXPEDITORS INTERNATIONAL OF WASHINGTON INC
DD,1666700,"DuPont de Nemours, Inc."
RVMD,1628171,"Revolution Medicines, Inc."
SNA,91440,Snap-on Inc
FLUT,1635327,Flutter Entertainment plc
CDE,215466,"Coeur Mining, Inc."
LULU,1397187,lululemon athletica inc.
NXT,1852131,Nextpower Inc.
BWXT,1486957,"BWX Technologies, Inc."
IOT,1642896,Samsara Inc.
TWLO,1447669,TWILIO INC
TLK,1001807,PERUSAHAAN PERSEROAN PERSERO PT TELEKOMUNIKASI INDONESIA TBK
CRDO,1807794,Credo Technology Group Holding Ltd
CIB,2058897,Grupo Cibest S.A.
ENTG,1101302,ENTEGRIS INC
EVRG,1711269,"Evergy, Inc."
XPEV,1810997,XPENG INC.
APG,1796209,APi Group Corp
YUMC,1673358,"Yum China Holdings, Inc."
LI,1791706,Li Auto Inc.
NVR,906163,NVR INC
AMCR,1748790,Amcor plc
INCY,879169,INCYTE CORP
TRMOY,2071881,Tourmaline Oil Corp/ADR
TEAM,1650372,Atlassian Corp
RBA,1046102,RB GLOBAL INC.
VNOM,2074176,"Viper Energy, Inc."
LNT,352541,ALLIANT ENERGY CORP
MTSI,1493594,"MACOM Technology Solutions Holdings, Inc."
WST,105770,WEST PHARMACEUTICAL SERVICES INC
SBAC,1034054,SBA COMMUNICATIONS CORP
CSGP,1057352,"COSTAR GROUP, INC."
ULS,1901440,UL Solutions Inc.
THC,70318,TENET HEALTHCARE CORP
PR,1658566,Permian Resources Corp
RBC,1324948,RBC Bearings INC
PKX,889132,POSCO HOLDINGS INC.
FTV,1659166,Fortive Corp
BEKE,1809587,KE Holdings Inc.
DKS,1089063,"DICK'S SPORTING GOODS, INC."
BJGPY,2098425,"Beijing Geekplus Technology Co., Ltd./ADR"
HPQ,47217,HP INC
IFF,51253,INTERNATIONAL FLAVORS & FRAGRANCES INC
YPF,904851,YPF SOCIEDAD ANONIMA
AGI,1178819,ALAMOS GOLD INC
SOAGY,1715801,Sartorius AG/ADR
WES,1423902,"Western Midstream Partners, LP"
ZBH,1136869,"ZIMMER BIOMET HOLDINGS, INC."
CG,1527166,Carlyle Group Inc.
JBS,1791942,JBS N.V.
PTC,857005,PTC INC.
WY,106535,WEYERHAEUSER CO
HOLX,859737,HOLOGIC INC
ESS,920522,"ESSEX PROPERTY TRUST, INC."
LII,1069202,LENNOX INTERNATIONAL INC
OVV,1792580,Ovintiv Inc.
ITT,216228,ITT INC.
TME,1744676,Tencent Music Entertainment Group
AKAM,1086222,AKAMAI TECHNOLOGIES INC
BIP,1406234,Brookfield Infrastructure Partners L.P.
SSNC,1402436,SS&C Technologies Holdings Inc
SUI,912593,SUN COMMUNITIES INC
FFIV,1048695,"F5, INC."
MKSI,1049502,MKS INC
WTKWY,861967,WOLTERS KLUWER N V /FI
CNC,1071739,CENTENE CORP
WF,1264136,WOORI FINANCIAL GROUP INC.
NPXYY,2019040,Nippon Sanso Holdings Corporation/ADR
RTO,930157,RENTOKIL INITIAL PLC /FI
PHYS,1477049,Sprott Physical Gold Trust
GMAB,1434265,GENMAB A/S
CDW,1402057,CDW Corp
PODD,1145197,INSULET CORP
SGI,1206264,SOMNIGROUP INTERNATIONAL INC.
TXT,217346,TEXTRON INC
HII,1501585,"HUNTINGTON INGALLS INDUSTRIES, INC."
CX,1076378,CEMEX SAB DE CV
BALL,9389,BALL Corp
RS,861884,"RELIANCE, INC."
PAA,1070423,PLAINS ALL AMERICAN PIPELINE LP
TOST,1650164,"Toast, Inc."
TRMB,864749,TRIMBLE INC.
GRAB,1855612,Grab Holdings Ltd
CHKP,1015922,CHECK POINT SOFTWARE TECHNOLOGIES LTD
TPG,1880661,TPG Inc.
GIB,1061574,CGI INC
HTHT,1483994,H World Group Ltd
NVMI,1109345,NOVA LTD.
MGA,749098,MAGNA INTERNATIONAL INC
VTRS,1792044,Viatris Inc
INVH,1687229,Invitation Homes Inc.
PUGBY,2029472,Puig Brands S.A./ADR
SN,1957132,"SharkNinja, Inc."
EMA,1127248,EMERA INC
KIM,879101,KIMCO REALTY CORP
TKO,1973266,"TKO Group Holdings, Inc."
CLH,822818,CLEAN HARBORS INC
J,52988,JACOBS SOLUTIONS INC.
WPC,1025378,W. P. Carey Inc.
NLY,1043219,ANNALY CAPITAL MANAGEMENT INC
APTV,1521332,Aptiv PLC
BSAC,1027552,BANCO SANTANDER CHILE
PAYP,2080845,PayPay Corp
NDSN,72331,NORDSON CORP
AFRM,1820953,"Affirm Holdings, Inc."
AA,1675149,Alcoa Corp
WSO,105016,WATSCO INC
DECK,910521,DECKERS OUTDOOR CORP
LPGCY,2068440,Laopu Gold Co. Ltd./ADR
WLK,1262823,WESTLAKE CORP
MAA,912595,MID AMERICA APARTMENT COMMUNITIES INC.
EWBC,1069157,EAST WEST BANCORP INC
TYL,860731,TYLER TECHNOLOGIES INC
NIO,1736541,NIO Inc.
KTOS,1069258,"KRATOS DEFENSE & SECURITY SOLUTIONS, INC."
IEX,832101,IDEX CORP /DE/
APA,1841666,APA Corp
TLN,1622536,Talen Energy Corp
PSLV,1494728,Sprott Physical Silver Trust
LTM,1047716,LATAM AIRLINES GROUP S.A.
GPC,40987,GENUINE PARTS CO
PNR,77360,PENTAIR plc
QXO,1236275,"QXO, Inc."
GGG,42888,GRACO INC
GFL,1780232,GFL Environmental Inc.
ROKU,1428439,"ROKU, INC"
DTM,1842022,"DT Midstream, Inc."
MKC,63754,MCCORMICK & CO INC
JLL,1037976,JONES LANG LASALLE INC
OWL,1823945,BLUE OWL CAPITAL INC.
LECO,59527,LINCOLN ELECTRIC HOLDINGS INC
REG,910606,REGENCY CENTERS CORP
CSL,790051,CARLISLE COMPANIES INC
ARNNY,1719117,ASR Nederland N.V./ADR
NWSA,1564708,NEWS CORP
YARIY,1279956,YARA INTERNATIONAL ASA
KSPI,1985487,Joint Stock Co Kaspi.kz
H,1468174,Hyatt Hotels Corp
COO,711404,"COOPER COMPANIES, INC."
STRL,874238,"STERLING INFRASTRUCTURE, INC."
SNN,845982,SMITH & NEPHEW PLC
IREN,1878848,IREN Ltd
USO,1327068,"United States Oil Fund, LP"
NYT,71691,NEW YORK TIMES CO
OKTA,1660134,"Okta, Inc."
OHI,888491,OMEGA HEALTHCARE INVESTORS INC
LOGI,1032975,LOGITECH INTERNATIONAL S.A.
LSCC,855658,LATTICE SEMICONDUCTOR CORP
KRMN,2040127,Karman Holdings Inc.
AEIS,927003,ADVANCED ENERGY INDUSTRIES INC
AR,1433270,ANTERO RESOURCES Corp
RGA,898174,REINSURANCE GROUP OF AMERICA INC
SMCI,1375365,"Super Micro Computer, Inc."
CNH,1567094,CNH Industrial N.V.
TRU,1552033,TransUnion
DSEEY,1481045,Daiwa Securities Group Inc.
WCC,929008,WESCO INTERNATIONAL INC
BBIO,1743881,"BridgeBio Pharma, Inc."
ASND,1612042,Ascendis Pharma A/S
HST,1070750,"HOST HOTELS & RESORTS, INC."
SNX,1177394,TD SYNNEX CORP
PFGC,1618673,Performance Food Group Co
PEN,1321732,Penumbra Inc
ONON,1858985,On Holding AG
EG,1095073,"EVEREST GROUP, LTD."
MEDP,1668397,"Medpace Holdings, Inc."
HAS,46080,"HASBRO, INC."
GLPI,1575965,"Gaming & Leisure Properties, Inc."
TOL,794170,"Toll Brothers, Inc."
BBY,764478,BEST BUY CO INC
LAMR,1090425,LAMAR ADVERTISING CO/NEW
ARCC,1287750,ARES CAPITAL CORP
ALGN,1097149,ALIGN TECHNOLOGY INC
UDR,74208,"UDR, Inc."
NBIX,914475,NEUROCRINE BIOSCIENCES INC
GWRE,1528396,"Guidewire Software, Inc."
RNR,913144,RENAISSANCERE HOLDINGS LTD
BJ,1531152,"BJ's Wholesale Club Holdings, Inc."
FIVE,1177609,"FIVE BELOW, INC"
AVY,8818,Avery Dennison Corp
CACI,16058,CACI INTERNATIONAL INC /DE/
ELS,895417,EQUITY LIFESTYLE PROPERTIES INC
FMS,1333141,Fresenius Medical Care AG
CRRFY,1078642,CARREFOUR SA
PNFP,2082866,"Pinnacle Financial Partners, Inc."
RRX,82811,REGAL REXNORD CORP
ERIE,922621,ERIE INDEMNITY CO
ALLE,1579241,Allegion plc
HUBS,1404655,HUBSPOT INC
CLX,21076,CLOROX CO /DE/
TIGO,912958,MILLICOM INTERNATIONAL CELLULAR SA
HRL,48465,HORMEL FOODS CORP /DE/
AMKR,1047127,"AMKOR TECHNOLOGY, INC."
ELAN,1739104,Elanco Animal Health Inc
CNA,21175,CNA FINANCIAL CORP
UNM,5513,Unum Group
COKE,317540,"Coca-Cola Consolidated, Inc."
WMG,1319161,Warner Music Group Corp.
BEN,38777,FRANKLIN RESOURCES INC
RPM,110621,RPM INTERNATIONAL INC/DE/
SUN,1552275,Sunoco LP
MLI,89439,MUELLER INDUSTRIES INC
TIMB,1826168,TIM S.A.
MAS,62996,MASCO CORP /DE/
LYTHF,1816319,Lytus Technologies Holdings PTV. Ltd.
GNRC,1474735,GENERAC HOLDINGS INC.
ALLY,40729,Ally Financial Inc.
PINS,1506293,"PINTEREST, INC."
GEN,849399,Gen Digital Inc.
PAC,1347557,Pacific Airport Group
VARRY,1919275,Var Energi ASA/ADR
DPZ,1286681,DOMINOS PIZZA INC
RGC,1829667,Regencell Bioscience Holdings Ltd
MOD,67347,MODINE MANUFACTURING CO
SMMT,1599298,Summit Therapeutics Inc.
IONQ,1824920,"IonQ, Inc."
HL,719413,HECLA MINING CO/DE/
FNF,1331875,"Fidelity National Financial, Inc."
SUZ,909327,Suzano S.A.
SKM,1015650,SK TELECOM CO LTD
PNW,764622,PINNACLE WEST CAPITAL CORP
CRBG,1889539,"Corebridge Financial, Inc."
ENSG,1125376,"ENSIGN GROUP, INC"
DRS,1833756,"Leonardo DRS, Inc."
CCK,1219601,"CROWN HOLDINGS, INC."
CONE,2103884,"Compass Sub North, Inc."
GMED,1237831,GLOBUS MEDICAL INC
AMH,1562401,American Homes 4 Rent
DOC,765880,"HEALTHPEAK PROPERTIES, INC."
DKNG,1883685,DraftKings Inc.
ACM,868857,AECOM
IONS,874015,IONIS PHARMACEUTICALS INC
JKHY,779152,JACK HENRY & ASSOCIATES INC
SOLS,2064953,Solstice Advanced Materials Inc.
FIG,1579878,"Figma, Inc."
UUGRY,1440130,United Utilities Group plc
BWA,908255,BORGWARNER INC
JAZZ,1232524,Jazz Pharmaceuticals plc
UHS,352915,UNIVERSAL HEALTH SERVICES INC
DINO,1915657,HF Sinclair Corp
BSY,1031308,BENTLEY SYSTEMS INC
WTRG,78128,"Essential Utilities, Inc."
BNT,1837429,Brookfield Wealth Solutions Ltd.
JHX,1159152,James Hardie Industries plc
RDY,1135951,DR REDDYS LABORATORIES LTD
SF,720672,STIFEL FINANCIAL CORP
AGNC,1423689,AGNC Investment Corp.
EXEL,939767,"EXELIXIS, INC."
SWK,93556,"STANLEY BLACK & DECKER, INC."
TTMI,1116942,TTM TECHNOLOGIES INC
SOLV,1964738,Solventum Corp
TXRH,1289460,"Texas Roadhouse, Inc."
AM,1623925,Antero Midstream Corp
WBS,801337,WEBSTER FINANCIAL CORP
EVR,1360901,Evercore Inc.
DT,1773383,"Dynatrace, Inc."
FPS,2080126,"Forgent Power Solutions, Inc."
GH,1576280,"Guardant Health, Inc."
FHN,36966,FIRST HORIZON CORP
AIZ,1267238,"ASSURANT, INC."
IT,749251,GARTNER INC
ONTO,704532,ONTO INNOVATION INC.
GL,320335,GLOBE LIFE INC.
ZG,1617640,"ZILLOW GROUP, INC."
RRC,315852,RANGE RESOURCES CORP
SCI,89089,SERVICE CORP INTERNATIONAL
PL,1836833,Planet Labs PBC
GDDY,1609711,GoDaddy Inc.
EQH,1333986,"Equitable Holdings, Inc."
WYNN,1174922,WYNN RESORTS LTD
AFG,1042046,AMERICAN FINANCIAL GROUP INC
GIL,1061894,Gildan Activewear Inc.
BF-A,14693,BROWN FORMAN CORP
IVZ,914208,Invesco Ltd.
WMS,1604028,"ADVANCED DRAINAGE SYSTEMS, INC."
TTD,1671933,"Trade Desk, Inc."
NTNX,1618732,"Nutanix, Inc."
KAIKY,1447126,Kawasaki Kisen Kaisha Ltd
ARMK,1584509,Aramark
AEG,769218,AEGON LTD.
ZBRA,877212,ZEBRA TECHNOLOGIES CORP
DY,67215,DYCOM INDUSTRIES INC
OBICY,2077146,"OBIC Co., Ltd./ADR"
KT,892450,KT CORP
CPT,906345,CAMDEN PROPERTY TRUST
BMRN,1048477,BIOMARIN PHARMACEUTICAL INC
DLAKY,1049724,DEUTSCHE LUFTHANSA A G /FI
ENLT,1922641,Enlight Renewable Energy Ltd.
SJM,91419,J M SMUCKER Co
EMBJ,1355444,EMBRAER S.A.
DVA,927066,DAVITA INC.
GME,1326380,GameStop Corp.
MDGL,1157601,"MADRIGAL PHARMACEUTICALS, INC."
PSKY,2041610,Paramount Skydance Corp
MGM,789570,MGM Resorts International
IAG,1203464,IAMGOLD CORP
AES,874761,AES CORP
RMBS,917273,RAMBUS INC
STN,1131383,STANTEC INC
SPXC,88205,"SPX Technologies, Inc."
AIT,109563,APPLIED INDUSTRIAL TECHNOLOGIES INC
CNM,1856525,"Core & Main, Inc."
CR,1944013,Crane Co
DCI,29644,DONALDSON Co INC
WTS,795403,WATTS WATER TECHNOLOGIES INC
XP,1787425,XP Inc.
AVAV,1368622,AeroVironment Inc
BPYPP,1545772,Brookfield Property Partners L.P.
EQX,1756607,Equinox Gold Corp.
GTLS,892553,CHART INDUSTRIES INC
AG,1308648,FIRST MAJESTIC SILVER CORP
IESC,1048268,"IES Holdings, Inc."
NCLTY,1801729,"Nitori Holdings Co., Ltd."
ASR,1123452,SOUTHEAST AIRPORT GROUP
BLD,1633931,TopBuild Corp
W,1616707,Wayfair Inc.
CAVA,1639438,"CAVA GROUP, INC."
EHC,785161,Encompass Health Corp
ALSN,1411207,Allison Transmission Holdings Inc
RVTY,31791,"REVVITY, INC."
EGP,49600,EASTGROUP PROPERTIES INC
BAH,1443646,Booz Allen Hamilton Holding Corp
CHWY,1766502,"Chewy, Inc."
RBRK,1943896,"Rubrik, Inc."
HLI,1302215,"HOULIHAN LOKEY, INC."
OGE,1021635,OGE ENERGY CORP.
ORI,74260,OLD REPUBLIC INTERNATIONAL CORP
PAG,1019849,"PENSKE AUTOMOTIVE GROUP, INC."
SFD,91388,SMITHFIELD FOODS INC
CELH,1341766,"Celsius Holdings, Inc."
MASI,937556,MASIMO CORP
MOG-A,67887,MOOG INC.
SEIC,350894,SEI INVESTMENTS CO
FLS,30625,FLOWSERVE CORP
CART,1579091,Maplebear Inc.
BILI,1723690,Bilibili Inc.
OKLO,1849056,Oklo Inc.
LKNCY,1767582,Luckin Coffee Inc.
GAP,39911,GAP INC
BMNR,1829311,"BITMINE IMMERSION TECHNOLOGIES, INC."
MP,1801368,MP Materials Corp. / DE
BZLFY,1072397,BUNZL PLC
BXP,1037540,"BXP, Inc."
SITM,1451809,SITIME Corp
VIRT,1592386,"Virtu Financial, Inc."
ACI,1646972,"Albertsons Companies, Inc."
BLDR,1316835,"Builders FirstSource, Inc."
TTC,737758,TORO CO
OSK,775158,OSHKOSH CORP
DAR,916540,DARLING INGREDIENTS INC.
EDU,1372920,New Oriental Education & Technology Group Inc.
WTFC,1015328,WINTRUST FINANCIAL CORP
SSB,764038,SouthState Bank Corp
SNROY,1584273,"Sanrio Company, Ltd./ADR"
AHR,1632970,"American Healthcare REIT, Inc."
ADC,917251,AGREE REALTY CORP
AOS,91142,SMITH A O CORP
NFG,70145,NATIONAL FUEL GAS CO
MICC,2071668,Magnum Ice Cream Co N.V.
DOCU,1261333,"DOCUSIGN, INC."
NCLH,1513761,Norwegian Cruise Line Holdings Ltd.
FRT,34903,FEDERAL REALTY INVESTMENT TRUST
KNX,1492691,Knight-Swift Transportation Holdings Inc.
BPOP,763901,"POPULAR, INC."
LFUS,889331,LITTELFUSE INC /DE
RYAN,1849253,"RYAN SPECIALTY HOLDINGS, INC."
DDS,28917,"DILLARD'S, INC."
PCOR,1611052,"PROCORE TECHNOLOGIES, INC."
LINE,1868159,"Lineage, Inc."
SAIA,1177702,SAIA INC
JOBY,1819848,"Joby Aviation, Inc."
BRX,1581068,Brixmor Property Group Inc.
OC,1370946,Owens Corning
AAOI,1158114,"APPLIED OPTOELECTRONICS, INC."
HMY,1023514,HARMONY GOLD MINING CO LTD
PMDIY,2013003,Pro Medicus Ltd./ADR
FRHC,924805,Freedom Holding Corp.
TEM,1717115,"Tempus AI, Inc."
ABVX,1956827,Abivax S.A.
HSIC,1000228,HENRY SCHEIN INC
GDS,1526125,GDS Holdings Ltd
SARO,2025410,"StandardAero, Inc."
BROS,1866581,Dutch Bros Inc.
MUSA,1573516,Murphy USA Inc.
AYI,1144215,ACUITY INC. (DE)
ELPC,1041792,ENERGY CO OF PARANA
FCFS,840489,"FirstCash Holdings, Inc."
TFII,1588823,TFI International Inc.
SPIIY,2083221,SPIE SA/ADR
BAX,10456,BAXTER INTERNATIONAL INC
YMM,1838413,Full Truck Alliance Co. Ltd.
CEF,1726122,Sprott Physical Gold & Silver Trust
CFR,39263,"CULLEN/FROST BANKERS, INC."
CGNX,851205,COGNEX CORP
UMBF,101382,UMB FINANCIAL CORP
ONB,707179,OLD NATIONAL BANCORP /IN/
UHAL,4457,U-Haul Holding Co /NV/
CAE,1173382,CAE INC
AGCO,880266,AGCO CORP /DE
LLYVA,2078416,"Liberty Live Holdings, Inc."
JEF,96223,Jefferies Financial Group Inc.
HESM,1789832,Hess Midstream LP
PPC,802481,PILGRIMS PRIDE CORP
BTSG,1865782,"BrightSpring Health Services, Inc."
SWKS,4127,"SKYWORKS SOLUTIONS, INC."
GLXY,1859392,Galaxy Digital Inc.
VIAV,912093,VIAVI SOLUTIONS INC.
ZION,109380,"ZIONS BANCORPORATION, NATIONAL ASSOCIATION /UT/"
CUBE,1298675,CubeSmart
SBSW,1786909,Sibanye Stillwater Ltd
CTRE,1590717,"CareTrust REIT, Inc."
AUR,1828108,"Aurora Innovation, Inc."
GWKSY,2062522,GAMES WORKSHOP GROUP PLC/ADR
TTEK,831641,TETRA TECH INC
ESI,1590714,Element Solutions Inc
FORM,1039399,FORMFACTOR INC
PRAX,1689548,"Praxis Precision Medicines, Inc."
TECH,842023,BIO-TECHNE Corp
QGEN,1015820,QIAGEN N.V.
ARE,1035443,"ALEXANDRIA REAL ESTATE EQUITIES, INC."
VICR,751978,VICOR CORP
CAMT,1109138,CAMTEK LTD
ATR,896622,"APTARGROUP, INC."
SSL,314590,SASOL LTD
BVN,1013131,BUENAVENTURA MINING CO INC
TAP,24545,MOLSON COORS BEVERAGE CO
REXR,1571283,"Rexford Industrial Realty, Inc."
COLB,887343,"COLUMBIA BANKING SYSTEM, INC."
R,85961,RYDER SYSTEM INC
AXSM,1579428,"Axsome Therapeutics, Inc."
NNN,751364,"NNN REIT, INC."
JHG,1274173,JANUS HENDERSON GROUP PLC
MOS,1285785,MOSAIC CO
MANH,1056696,MANHATTAN ASSOCIATES INC
ALV,1034670,AUTOLIV INC
EMN,915389,EASTMAN CHEMICAL CO
PSO,938323,PEARSON PLC
PRIM,1361538,Primoris Services Corp
PRI,1475922,"Primerica, Inc."
NE,1895262,Noble Corp plc
PCVX,1649094,"Vaxcyte, Inc."
VMI,102729,VALMONT INDUSTRIES INC
FR,921825,FIRST INDUSTRIAL REALTY TRUST INC
FRO,913290,Frontline plc
ICLR,1060955,ICON PLC
ARWR,879407,"ARROWHEAD PHARMACEUTICALS, INC."
IDCC,1405495,"InterDigital, Inc."
U,1810806,Unity Software Inc.
GSAT,1366868,"Globalstar, Inc."
UGI,884614,UGI CORP /PA/
CRL,1100682,"CHARLES RIVER LABORATORIES INTERNATIONAL, INC."
DOCN,1582961,"DigitalOcean Holdings, Inc."
AXS,1214816,AXIS CAPITAL HOLDINGS LTD
CHRD,1486159,Chord Energy Corp
AMG,1004434,"AFFILIATED MANAGERS GROUP, INC."
BOKF,875357,BOK FINANCIAL CORP
NXE,1698535,NexGen Energy Ltd.
WAL,1212545,WESTERN ALLIANCE BANCORPORATION
VIPS,1529192,Vipshop Holdings Ltd
TX,1342874,Ternium S.A.
IBRX,1326110,"ImmunityBio, Inc."
ZWS,1439288,Zurn Elkay Water Solutions Corp
VIST,1762506,"Vista Energy, S.A.B. de C.V."
KNSL,1669162,"Kinsale Capital Group, Inc."
POOL,945841,POOL CORP
MTDR,1520006,Matador Resources Co
IDA,1057877,IDACORP INC
MSGS,1636519,Madison Square Garden Sports Corp.
NUVL,1861560,"Nuvalent, Inc."
GGAL,1114700,GRUPO FINANCIERO GALICIA SA
JXN,1822993,Jackson Financial Inc.
SIRI,908937,SIRIUS XM HOLDINGS INC.
HBM,1322422,Hudbay Minerals Inc.
SOTGY,1601992,Sunny Optical Technology (Group) Co Limited/ADR
APLD,1144879,Applied Digital Corp.
LKQ,1065696,LKQ CORP
CAG,23217,CONAGRA BRANDS INC.
ARW,7536,"ARROW ELECTRONICS, INC."
CIG,1157557,ENERGY CO OF MINAS GERAIS
CYTK,1061983,CYTOKINETICS INC
FDS,1013237,FACTSET RESEARCH SYSTEMS INC
QRVO,1604778,"Qorvo, Inc."
SFM,1575515,"Sprouts Farmers Market, Inc."
SNAP,1564408,Snap Inc
SANM,897723,SANMINA CORP
BIO,12208,"BIO-RAD LABORATORIES, INC."
EPAM,1352010,"EPAM Systems, Inc."
PDI,1510599,PIMCO Dynamic Income Fund
HALO,1159036,"HALOZYME THERAPEUTICS, INC."
KEX,56047,KIRBY CORP
RIG,1451505,Transocean Ltd.
MOH,1179929,"MOLINA HEALTHCARE, INC."
CRUS,772406,"CIRRUS LOGIC, INC."
LBRDA,1611983,Liberty Broadband Corp
AL,1487712,AIR LEASE CORP
SM,893538,SM Energy Co
KRYS,1711279,"Krystal Biotech, Inc."
IBP,1580905,"Installed Building Products, Inc."
SMTC,88941,SEMTECH CORP
YOU,1856314,"Clear Secure, Inc."
LEVI,94845,LEVI STRAUSS & CO
FIGR,2064124,"Figure Technology Solutions, Inc."
ESE,866706,ESCO TECHNOLOGIES INC
MTCH,891103,"Match Group, Inc."
SSD,920371,"Simpson Manufacturing Co., Inc."
CBSH,22356,COMMERCE BANCSHARES INC /MO/
AWI,7431,ARMSTRONG WORLD INDUSTRIES INC
PEGA,1013857,PEGASYSTEMS INC
NOV,1021860,NOV Inc.
BEPC,1791863,Brookfield Renewable Corp
CHYM,1795586,"Chime Financial, Inc."
SOBO,2019061,South Bow Corp
AAL,6201,American Airlines Group Inc.
CMC,22444,COMMERCIAL METALS Co
STAG,1479094,"STAG Industrial, Inc."
SHMXY,1648512,Shimadzu Corporation/ADR
TKR,98362,TIMKEN CO
HQY,1428336,"HEALTHEQUITY, INC."
INGR,1046257,Ingredion Inc
LOTMY,2041918,Lottomatica Group S.p.A./ADR
VFS,1913510,VinFast Auto Ltd.
LUMN,18926,"Lumen Technologies, Inc."
FLR,1124198,FLUOR CORP
SAIL,2030781,"SailPoint, Inc."
CWAN,1866368,"Clearwater Analytics Holdings, Inc."
TEX,97216,TEREX CORP
AAON,824142,"AAON, INC."
WULF,1083301,TERAWULF INC.
DOX,1062579,AMDOCS LTD
MIDD,769520,MIDDLEBY Corp
CE,1306830,Celanese Corp
MSA,66570,MSA Safety Inc
VLY,714310,VALLEY NATIONAL BANCORP
FSS,277509,FEDERAL SIGNAL CORP /DE/
SLAB,1038074,SILICON LABORATORIES INC.
QMMM,1971542,QMMM Holdings Ltd
POWL,80420,POWELL INDUSTRIES INC
VAL,314808,Valaris Ltd
GGB,1073404,GERDAU S.A.
VFC,103379,V F CORP
MORN,1289419,"Morningstar, Inc."
ORA,1296445,"ORMAT TECHNOLOGIES, INC."
PB,1068851,PROSPERITY BANCSHARES INC
EAT,703351,"BRINKER INTERNATIONAL, INC"
PRMB,2042694,Primo Brands Corp
NXST,1142417,"NEXSTAR MEDIA GROUP, INC."
TAL,1499620,TAL Education Group
BIRK,1977102,Birkenstock Holding plc
ACLX,1786205,"Arcellx, Inc."
NICE,1003935,NICE Ltd.
WFRD,1603923,Weatherford International plc
LNC,59558,LINCOLN NATIONAL CORP
ICL,941221,ICL Group Ltd.
TFPM,1829726,Triple Flag Precious Metals Corp.
MINBY,1034983,MINEBEA MITSUMI Inc.
STWD,1465128,"STARWOOD PROPERTY TRUST, INC."
AN,350698,"AUTONATION, INC."
EGO,918608,ELDORADO GOLD CORP /FI
JBTM,1433660,JBT MAREL Corp
RGEN,730272,REPLIGEN CORP
EPRT,1728951,"ESSENTIAL PROPERTIES REALTY TRUST, INC."
CMS-PB,201533,CONSUMERS ENERGY CO
OR,1627272,OR Royalties Inc.
ENS,1289308,EnerSys
VSAT,797721,VIASAT INC
PAYC,1590955,"Paycom Software, Inc."
AMTM,2011286,"Amentum Holdings, Inc."
AROC,1389050,"Archrock, Inc."
FNMA,310522,FEDERAL NATIONAL MORTGAGE ASSOCIATION FANNIE MAE
UEC,1334933,URANIUM ENERGY CORP
VOYA,1535929,"Voya Financial, Inc."
HXL,717605,HEXCEL CORP /DE/
G,1398659,Genpact LTD
LEA,842162,LEAR CORP
PTGX,1377121,"Protagonist Therapeutics, Inc"
BYD,906553,BOYD GAMING CORP
TXNM,1108426,TXNM ENERGY INC
TRNO,1476150,Terreno Realty Corp
MHK,851968,MOHAWK INDUSTRIES INC
UELMO,100826,UNION ELECTRIC CO
CRK,23194,COMSTOCK RESOURCES INC
FSV,1637810,FirstService Corp
OMF,1584207,"OneMain Holdings, Inc."
PLNT,1637207,"Planet Fitness, Inc."
GRFS,1438569,Grifols SA
SWX,1692115,"Southwest Gas Holdings, Inc."
CPB,16732,CAMPBELL'S Co
ROAD,1718227,"Construction Partners, Inc."
SITE,1650729,"SiteOne Landscape Supply, Inc."
HR,1360604,Healthcare Realty Trust Inc
MKTX,1278021,MARKETAXESS HOLDINGS INC
SEE,1012100,SEALED AIR CORP/DE
KMX,1170010,CARMAX INC
AGX,100591,ARGAN INC
ECG,2015845,"Everus Construction Group, Inc."
RYN,52827,RAYONIER INC
BZ,1842827,Kanzhun Ltd
TTAN,1638826,"ServiceTitan, Inc."
GKOS,1192448,GLAUKOS Corp
DSGX,1050140,DESCARTES SYSTEMS GROUP INC
KYMR,1815442,"Kymera Therapeutics, Inc."
THG,944695,"HANOVER INSURANCE GROUP, INC."
RRR,1653653,"Red Rock Resorts, Inc."
CIFR,1819989,Cipher Digital Inc.
ALGM,866291,"ALLEGRO MICROSYSTEMS, INC."
GATX,40211,GATX CORP
COMP,1563190,"Compass, Inc."
SFGYY,2084022,Sony Financial Group Inc./ADR
CHDN,20212,Churchill Downs Inc
MBLY,1910139,Mobileye Global Inc.
POR,784977,PORTLAND GENERAL ELECTRIC CO /OR/
BLTE,1889109,"BELITE BIO, INC"
GTES,1718512,Gates Industrial Corp plc
TKMTY,2044863,"Tokyo Metro Co., Ltd./ADR"
GXO,1852244,"GXO Logistics, Inc."
PATH,1734722,"UiPath, Inc."
STEP,1796022,StepStone Group Inc.
FAF,1472787,First American Financial Corp
ESAB,1877322,ESAB Corp
HUT,1964789,Hut 8 Corp.
MGY,1698990,Magnolia Oil & Gas Corp
QBTS,1907982,D-Wave Quantum Inc.
PCTY,1591698,Paylocity Holding Corp
LAD,1023128,LITHIA MOTORS INC
PBF,1534504,PBF Energy Inc.
FNB,37808,FNB CORP/PA/
MWH,2065636,"SOLV Energy, Inc."
EXP,918646,EAGLE MATERIALS INC
OS,1889956,"OneStream, Inc."
ACT,1823529,"Enact Holdings, Inc."
NEU,1282637,NEWMARKET CORP
SNEX,913760,StoneX Group Inc.
WH,1722684,"WYNDHAM HOTELS & RESORTS, INC."
GBCI,868671,"GLACIER BANCORP, INC."
OTF,1747777,Blue Owl Technology Finance Corp.
APPF,1433195,APPFOLIO INC
CRC,1609253,California Resources Corp
DBX,1467623,"DROPBOX, INC."
UWMC,1783398,UWM Holdings Corp
LW,1679273,"Lamb Weston Holdings, Inc."
CNX,1070412,CNX Resources Corp
LTH,1869198,"Life Time Group Holdings, Inc."
LB,1995807,LandBridge Co LLC
LGN,2052568,Legence Corp.
CBC,2065601,"Central Bancompany, Inc."
PLXS,785786,PLEXUS CORP
OLLI,1639300,"Ollie's Bargain Outlet Holdings, Inc."
AXTA,1616862,Axalta Coating Systems Ltd.
OBDC,1655888,Blue Owl Capital Corp
SRAD,1836470,Sportradar Group AG
UBSI,729986,UNITED BANKSHARES INC/WV
SEI,1697500,"Solaris Energy Infrastructure, Inc."
TMHC,1562476,Taylor Morrison Home Corp
RHP,1040829,"Ryman Hospitality Properties, Inc."
COGT,1622229,"Cogent Biosciences, Inc."
BLSH,1872195,Bullish
UGP,1094972,ULTRAPAR HOLDINGS INC
RYTM,1649904,"RHYTHM PHARMACEUTICALS, INC."
PAGP,1581990,PLAINS GP HOLDINGS LP
DLB,1308547,"Dolby Laboratories, Inc."
MTG,876437,MGIC INVESTMENT CORP
BXSL,1736035,Blackstone Secured Lending Fund
OTEX,1002638,OPEN TEXT CORP
CNR,1710366,"Core Natural Resources, Inc."
BLCO,1860742,Bausch & Lomb Corp
GLNG,1207179,GOLAR LNG LTD
PNDRY,1505880,Pandora A/S / ADR
HLNE,1433642,Hamilton Lane INC
SGHC,1878057,Super Group (SGHC) Ltd
ESNT,1448893,Essent Group Ltd.
FND,1507079,"Floor & Decor Holdings, Inc."
BTG,1429937,B2GOLD CORP
AUGO,1468642,Aura Minerals Inc.
EQPT,1693736,EquipmentShare.com Inc
URBN,912615,URBAN OUTFITTERS INC
MUR,717423,MURPHY OIL CORP
NSA,1618563,National Storage Affiliates Trust
ENIC,1659939,Enel Chile S.A.
LOAR,2000178,Loar Holdings Inc.
KVYO,1835830,"Klaviyo, Inc."
WTM,776867,WHITE MOUNTAINS INSURANCE GROUP LTD
GOLF,1672013,Acushnet Holdings Corp.
BRKR,1109354,BRUKER CORP
FLG,910073,"FLAGSTAR BANK, NATIONAL ASSOCIATION"
NJR,356309,NEW JERSEY RESOURCES CORP
NPO,1164863,Enpro Inc.
VNO,899689,VORNADO REALTY TRUST
OMAB,1378239,Central North Airport Group
CAI,2019410,"Caris Life Sciences, Inc."
TERN,1831363,"Terns Pharmaceuticals, Inc."
RIOT,1167419,"Riot Platforms, Inc."
IFS,1615903,Intercorp Financial Services Inc.
KRG,1286043,KITE REALTY GROUP TRUST
PSN,275880,PARSONS CORP
CGON,1991792,"CG Oncology, Inc."
GLBE,1835963,Global-E Online Ltd.
LSTR,853816,LANDSTAR SYSTEM INC
ADT,1703056,ADT Inc.
ENPH,1463101,"Enphase Energy, Inc."
CZR,1590895,"Caesars Entertainment, Inc."
OGS,1587732,"ONE Gas, Inc."
BCPC,9326,BALCHEM CORP
FOUR,1794669,"Shift4 Payments, Inc."
VNT,1786842,Vontier Corp
PTCT,1070081,"PTC THERAPEUTICS, INC."
SR,1126956,SPIRE INC
GPGI,1823144,"GPGI, Inc."
WEX,1309108,WEX Inc.
RLI,84246,RLI CORP
REZI,1740332,"RESIDEO TECHNOLOGIES, INC."
CORZ,1839341,"Core Scientific, Inc./tx"
IPGP,1111928,IPG PHOTONICS CORP
MIRM,1759425,"Mirum Pharmaceuticals, Inc."
PACS,2001184,"PACS Group, Inc."
ST,1477294,Sensata Technologies Holding plc
GVA,861459,GRANITE CONSTRUCTION INC
PJT,1626115,PJT Partners Inc.
FCN,887936,"FTI CONSULTING, INC"
AVTR,1722482,"Avantor, Inc."
TKC,1071321,TURKCELL ILETISIM HIZMETLERI A S
INGM,1897762,Ingram Micro Holding Corp
TGS,931427,GAS TRANSPORTER OF THE SOUTH INC
CHE,19584,CHEMED CORP
LYFT,1759509,"Lyft, Inc."
ABCB,351569,Ameris Bancorp
ESTC,1707753,Elastic N.V.
HOMB,1331520,HOME BANCSHARES INC
VSNT,2067876,"Versant Media Group, Inc."
ACA,1739445,"Arcosa, Inc."
BKH,1130464,BLACK HILLS CORP /SD/
CIGI,913353,Colliers International Group Inc.
RGTI,1838359,"Rigetti Computing, Inc."
SON,91767,SONOCO PRODUCTS CO
HWC,750577,HANCOCK WHITNEY CORP
UFPI,912767,UFP INDUSTRIES INC
RSI,1793659,"Rush Street Interactive, Inc."
LPX,60519,LOUISIANA-PACIFIC CORP
WIX,1576789,Wix.com Ltd.
KLAR,2003292,Klarna Group plc
RUSHA,1012019,RUSH ENTERPRISES INC TX
MNSO,1815846,MINISO Group Holding Ltd
FROG,1800667,JFrog Ltd
MBRFY,1496919,MARFRIG GLOBAL FOODS S.A.
PECO,1476204,"Phillips Edison & Company, Inc."
XENE,1582313,Xenon Pharmaceuticals Inc.
MATX,3453,"Matson, Inc."
RITM,1556593,Rithm Capital Corp.
KGS,1767042,"Kodiak Gas Services, Inc."
MSM,1003078,MSC INDUSTRIAL DIRECT CO INC
HCC,1691303,"WARRIOR MET COAL, INC."
APGE,1974640,"Apogee Therapeutics, Inc."
AVT,8858,AVNET INC
BTDPY,1516324,Barratt Developments PLC/ADR
AVAL,1504764,Grupo Aval Acciones Y Valores S.A.
TEO,932470,TELECOM ARGENTINA SA
POST,1530950,"Post Holdings, Inc."
MAC,912242,MACERICH CO
OZK,1569650,Bank OZK
LMND,1691421,"Lemonade, Inc."
AUB,883948,Atlantic Union Bankshares Corp
SEB,88121,SEABOARD CORP /DE/
SBRA,1492298,"Sabra Health Care REIT, Inc."
SSRM,921638,SSR MINING INC.
CENX,949157,CENTURY ALUMINUM CO
OPEN,1801169,Opendoor Technologies Inc.
LAUR,912766,"LAUREATE EDUCATION, INC."
ONDS,1646188,Ondas Inc.
WFG,1402388,"WEST FRASER TIMBER CO., LTD"
MAIN,1396440,Main Street Capital CORP
ATAT,1853717,Atour Lifestyle Holdings Ltd
LNTH,1521036,"Lantheus Holdings, Inc."
AQN,1174169,ALGONQUIN POWER & UTILITIES CORP.
MCY,64996,MERCURY GENERAL CORP
VSEC,102752,VSE CORP
TDS,1051512,TELEPHONE & DATA SYSTEMS INC /DE/
ETSY,1370637,ETSY INC
HIMS,1773751,"Hims & Hers Health, Inc."
ORLA,1680056,Orla Mining Ltd.
KNF,1955520,Knife River Corp
SRRK,1727196,Scholar Rock Holding Corp
IMVT,1764013,"Immunovant, Inc."
PONY,1969302,Pony AI Inc.
CACC,885550,CREDIT ACCEPTANCE CORP
OSIS,1039065,OSI SYSTEMS INC
ATMU,1921963,Atmus Filtration Technologies Inc.
M,794367,"Macy's, Inc."
SIM,887153,"GRUPO SIMEC, S.A.B. de C.V."
CWST,911177,CASELLA WASTE SYSTEMS INC
OUT,1579877,OUTFRONT Media Inc.
MIR,1809987,"Mirion Technologies, Inc."
TGTX,1001316,"TG THERAPEUTICS, INC."
LBRT,1694028,Liberty Energy Inc.
IEP,813762,ICAHN ENTERPRISES L.P.
EXLS,1297989,"ExlService Holdings, Inc."
BC,14930,BRUNSWICK CORP
RAL,2041385,Ralliant Corp
BOOT,1610250,"Boot Barn Holdings, Inc."
AX,1299709,"Axos Financial, Inc."
WING,1636222,Wingstop Inc.
GNTX,355811,GENTEX CORP
MRP,2017206,"Millrose Properties, Inc."
DOO,1748797,BRP Inc.
UNF,717954,UNIFIRST CORP
KBR,1357615,"KBR, INC."
PHI,78150,PLDT Inc.
HAPVY,1869666,Hapvida Participacoes e Investimentos S.A./ADR
CLF,764065,CLEVELAND-CLIFFS INC.
FBIN,1519751,"Fortune Brands Innovations, Inc."
CWEN,1567683,"Clearway Energy, Inc."
ALKS,1520262,Alkermes plc.
CELC,1603454,Celcuity Inc.
TFX,96943,TELEFLEX INC
LOPE,1434588,"Grand Canyon Education, Inc."
CPA,1345105,"Copa Holdings, S.A."
NWSGY,1449664,CTF Services Ltd
BDC,913142,BELDEN INC.
BIPC,1788348,Brookfield Infrastructure Corp
HASI,1561894,"HA Sustainable Infrastructure Capital, Inc."
PAM,1469395,Pampa Energy Inc.
MTN,812011,VAIL RESORTS INC
NNI,1258602,NELNET INC
RDNT,790526,"RadNet, Inc."
MAT,63276,MATTEL INC /DE/
GHC,104889,Graham Holdings Co
BTU,1064728,PEABODY ENERGY CORP
WAY,1990354,Waystar Holding Corp.
DUOL,1562088,"Duolingo, Inc."
DOCS,1516513,"Doximity, Inc."
BMA,1347426,Macro Bank Inc.
FRMI,2071778,Fermi Inc.
MMED,2062583,"MiniMed Group, Inc."
CHH,1046311,CHOICE HOTELS INTERNATIONAL INC /DE
PSMT,1041803,PRICESMART INC
OLED,1005284,UNIVERSAL DISPLAY CORP \PA\
ERAS,1761918,"Erasca, Inc."
MEOH,886977,METHANEX CORP
FOLD,1178879,"AMICUS THERAPEUTICS, INC."
OPCH,1014739,"Option Care Health, Inc."
SIGI,230557,SELECTIVE INSURANCE GROUP INC
SLFPY,1370418,STANDARD LIFE PLC
BFAM,1437578,BRIGHT HORIZONS FAMILY SOLUTIONS INC.
RDN,890926,RADIAN GROUP INC
MRCY,1049521,MERCURY SYSTEMS INC
BGC,1094831,"BGC Group, Inc."
CRSP,1674416,CRISPR Therapeutics AG
CSW,1624794,"CSW INDUSTRIALS, INC."
S,1583708,"SentinelOne, Inc."
SNDR,1692063,"Schneider National, Inc."
REYN,1786431,Reynolds Consumer Products Inc.
BMI,9092,BADGER METER INC
MYRG,700923,MYR GROUP INC.
TNL,1361658,Travel & Leisure Co.
EMAT,1866226,Evolution Metals & Technologies Corp.
MWA,1350593,"Mueller Water Products, Inc."
ALK,766421,"ALASKA AIR GROUP, INC."
PFSI,1745916,"PennyMac Financial Services, Inc."
THO,730263,THOR INDUSTRIES INC
VCTR,1570827,"Victory Capital Holdings, Inc."
VVV,1674910,VALVOLINE INC
UUUU,1385849,ENERGY FUELS INC
ERELY,1454144,Eregli Demir ve Celik Fabrikalari TAS/ADR
EBC,1810546,"Eastern Bankshares, Inc."
SAIC,1571123,Science Applications International Corp
MTH,833079,Meritage Homes CORP
CRGY,1866175,Crescent Energy Co
FSLY,1517413,"Fastly, Inc."
NVST,1757073,Envista Holdings Corp
FTDR,1727263,"Frontdoor, Inc."
FHI,1056288,"FEDERATED HERMES, INC."
NOVT,1076930,NOVANTA INC
ADOOY,1489079,Adaro Energy PT/ADR/
AIR,1750,AAR CORP
FUBO,1484769,FuboTV Inc.
FFIN,36029,FIRST FINANCIAL BANKSHARES INC
IBOC,315709,INTERNATIONAL BANCSHARES CORP
BCO,78890,BRINKS CO
TCBI,1077428,TEXAS CAPITAL BANCSHARES INC/TX
ACHR,1824502,Archer Aviation Inc.
ALM,1670061,Almonty Industries Inc.
MDU,67716,MDU RESOURCES GROUP INC
SKY,90896,"Champion Homes, Inc."
ANF,1018840,ABERCROMBIE & FITCH CO /DE/
QS,1811414,QuantumScape Corp
KEN,1611005,Kenon Holdings Ltd.
DNTH,1690585,"Dianthus Therapeutics, Inc. /DE/"
CAR,723612,"AVIS BUDGET GROUP, INC."
FELE,38725,FRANKLIN ELECTRIC CO INC
CROX,1334036,"Crocs, Inc."
ASB,7789,ASSOCIATED BANC-CORP
PTEN,889900,PATTERSON UTI ENERGY INC
USAC,1522727,"USA Compression Partners, LP"
IFHLY,2035057,Inficon Holding AG/ADR
CVSA,730464,Covista Inc.
ACIW,935036,"ACI WORLDWIDE, INC."
CAAP,1717393,CORPORACION AMERICA AIRPORTS S.A.
SLGN,849869,SILGAN HOLDINGS INC
KC,1795589,Kingsoft Cloud Holdings Ltd
VISN,1517228,"Vistance Networks, Inc."
LBTYA,1570585,Liberty Global Ltd.
CNTA,1847903,Centessa Pharmaceuticals plc
SPHR,1795250,Sphere Entertainment Co.
LPL,1290109,"LG Display Co., Ltd."
SFBS,1430723,"ServisFirst Bancshares, Inc."
ITRI,780571,"ITRON, INC."
GPOR,874499,GULFPORT ENERGY CORP
SIMO,1329394,Silicon Motion Technology CORP
ELF,1600033,"e.l.f. Beauty, Inc."
AD,821130,"ARRAY DIGITAL INFRASTRUCTURE, INC."
LGND,886163,LIGAND PHARMACEUTICALS INC
MMSI,856982,MERIT MEDICAL SYSTEMS INC
GPI,1031203,GROUP 1 AUTOMOTIVE INC
NWE,1993004,"NorthWestern Energy Group, Inc."
MC,1596967,Moelis & Co
TBBB,1978954,BBB FOODS INC
NHI,877860,NATIONAL HEALTH INVESTORS INC
SLM,1032033,SLM Corp
LASR,1124796,"NLIGHT, INC."
MDA,1857047,MDA Space Ltd.
TPH,1561680,"Tri Pointe Homes, Inc."
TPC,77543,TUTOR PERINI CORP
ZETA,1851003,Zeta Global Holdings Corp.
KTB,1760965,"Kontoor Brands, Inc."
CSAN,1430162,Cosan S.A.
BRC,746598,BRADY CORP
EE,1888447,"Excelerate Energy, Inc."
SHC,1822479,Sotera Health Co
HRB,12659,H&R BLOCK INC
CCC,1818201,CCC Intelligent Solutions Holdings Inc.
ALH,1317685,Alliance Laundry Holdings Inc.
STVN,1849853,Stevanato Group S.p.A.
AKO-A,925261,ANDINA BOTTLING CO INC
AAUC,1993344,Allied Gold Corp
BGSI,2091467,Boyd Group Services Inc.
SKT,899715,TANGER INC.
NEXHY,1985406,"Nippon Express Holdings, Inc./ADR"
STNG,1483934,Scorpio Tankers Inc.
SMG,825542,SCOTTS MIRACLE-GRO CO
MZTI,57515,MARZETTI CO
CNO,1224608,"CNO Financial Group, Inc."
EBOSY,1533082,EBOS Group Limited/ADR
EPR,1045450,EPR PROPERTIES
LEU,1065059,CENTRUS ENERGY CORP
BILL,1786352,"BILL Holdings, Inc."
SHAK,1620533,Shake Shack Inc.
IRTC,1388658,"iRhythm Holdings, Inc."
AXTI,1051627,AXT INC
HAFN,1815779,Hafnia Ltd
HHH,1981792,Howard Hughes Holdings Inc.
KAI,886346,KADANT INC
TFSL,1381668,TFS Financial CORP
TREX,1069878,TREX CO INC
TDW,98222,TIDEWATER INC
NGXXF,2044153,NGEx Minerals Ltd.
DLO,1846832,dLocal Ltd
LRN,1157408,"Stride, Inc."
DNP,806628,DNP SELECT INCOME FUND INC
MMYT,1495153,MakeMyTrip Ltd
FLY,1860160,Firefly Aerospace Inc.
AMRX,1723128,"Amneal Pharmaceuticals, Inc."
TAC,1144800,TRANSALTA CORP
GEF,43920,"GREIF, INC"
NMRK,1690680,"NEWMARK GROUP, INC."
LAZ,1311370,"Lazard, Inc."
CALM,16160,CAL-MAINE FOODS INC
AZZ,8947,AZZ INC
TMDX,1756262,"TransMedics Group, Inc."
MNDY,1845338,monday.com Ltd.
PATK,76605,PATRICK INDUSTRIES INC
BNL,1424182,"Broadstone Net Lease, Inc."
INTR,1864163,"Inter & Co, Inc."
INDB,776901,INDEPENDENT BANK CORP
UCB,857855,UNITED COMMUNITY BANKS INC
VKTX,1607678,"Viking Therapeutics, Inc."
OII,73756,OCEANEERING INTERNATIONAL INC
CVCO,278166,"CAVCO INDUSTRIES, INC."
SKYW,793733,SKYWEST INC
HP,46765,"Helmerich & Payne, Inc."
CMBT,1604481,CMB.TECH NV
CBT,16040,CABOT CORP
ABG,1144980,ASBURY AUTOMOTIVE GROUP INC
BBWI,701985,"Bath & Body Works, Inc."
CUZ,25232,COUSINS PROPERTIES INC
ARLP,1086600,ALLIANCE RESOURCE PARTNERS LP
AGO,1273813,ASSURED GUARANTY LTD
IRT,1466085,"INDEPENDENCE REALTY TRUST, INC."
MMS,1032220,"MAXIMUS, INC."
MIAX,1438472,"MIAMI INTERNATIONAL HOLDINGS, INC."
OTTR,1466593,Otter Tail Corp
DAN,26780,DANA Inc
SMR,1822966,NUSCALE POWER Corp
CDP,860546,COPT DEFENSE PROPERTIES
BANF,760498,BANCFIRST CORP /OK/
HGTY,1840776,"Hagerty, Inc."
USAR,1970622,"USA Rare Earth, Inc."
INSW,1679049,"International Seaways, Inc."
SXT,310142,SENSIENT TECHNOLOGIES CORP
SIG,832988,SIGNET JEWELERS LTD
FULT,700564,FULTON FINANCIAL CORP
INDV,1625297,"Indivior Pharmaceuticals, Inc."
CRNX,1658247,"Crinetics Pharmaceuticals, Inc."
UTG,1263994,REAVES UTILITY INCOME FUND
CORT,1088856,CORCEPT THERAPEUTICS INC
ACAD,1070494,ACADIA PHARMACEUTICALS INC
OSCR,1568651,"Oscar Health, Inc."
ASO,1817358,"Academy Sports & Outdoors, Inc."
JOE,745308,ST JOE Co
ALHC,1832466,"Alignment Healthcare, Inc."
CS,2087587,Odysseus Holdings Ltd
KLIC,56978,KULICKE & SOFFA INDUSTRIES INC
CLBT,1854587,Cellebrite DI Ltd.
NG,1173420,NOVAGOLD RESOURCES INC
SII,1512920,SPROTT INC.
CALX,1406666,"CALIX, INC"
USLM,82020,UNITED STATES LIME & MINERALS INC
WSFS,828944,WSFS FINANCIAL CORP
TCGL,2047190,TechCreate Group Ltd.
BETA,1784570,"BETA Technologies, Inc."
NTSK,2063196,Netskope Inc
GTLB,1653482,Gitlab Inc.
VSCO,1856437,Victoria's Secret & Co.
GTX,1735707,Garrett Motion Inc.
STNE,1745431,StoneCo Ltd.
WHR,106640,WHIRLPOOL CORP /DE/
ARIS,1964504,Aris Mining Corp
NAMS,1936258,NewAmsterdam Pharma Co N.V.
CVLT,1169561,COMMVAULT SYSTEMS INC
BHF,1685040,"Brighthouse Financial, Inc."
KNSA,1730430,"Kiniksa Pharmaceuticals International, plc"
ENVA,1529864,"Enova International, Inc."
KRC,1025996,KILROY REALTY CORP
HRI,1364479,HERC HOLDINGS INC
LIVN,1639691,LivaNova PLC
RELY,1782170,"Remitly Global, Inc."
BLLN,2070849,"BillionToOne, Inc."
CSTM,1563411,CONSTELLIUM SE
MAUTF,1830918,Montage Gold Corp.
BFH,1101215,"BREAD FINANCIAL HOLDINGS, INC."
LCID,1811210,"Lucid Group, Inc."
BOX,1372612,BOX INC
WK,1445305,WORKIVA INC
AB,825313,ALLIANCEBERNSTEIN HOLDING L.P.
RNST,715072,RENASANT CORP
HGV,1674168,Hilton Grand Vacations Inc.
HPHTY,1600928,Hamamatsu Photonics K.K./ADR
FIBK,860413,FIRST INTERSTATE BANCSYSTEM INC
BKU,1504008,"BankUnited, Inc."
DIOD,29002,DIODES INC /DEL/
KBH,795266,KB HOME
GFF,50725,GRIFFON CORP
PS,2026053,"PERSHING SQUARE HOLDCO, L.P."
GPCR,1888886,Structure Therapeutics Inc.
SKE,1713748,Skeena Resources Ltd
CATY,861842,CATHAY GENERAL BANCORP
WHD,1699136,"Cactus, Inc."
FMCC,1026214,FEDERAL HOME LOAN MORTGAGE CORP
DNLI,1714899,Denali Therapeutics Inc.
CVI,1376139,CVR ENERGY INC
CARG,1494259,"CarGurus, Inc."
WSC,1647088,WillScot Holdings Corp
FBP,1057706,FIRST BANCORP /PR/
VEON,1468091,VEON Ltd.
SYRE,1636282,"Spyre Therapeutics, Inc."
QLYS,1107843,"QUALYS, INC."
NEA,1195737,Nuveen AMT-Free Quality Municipal Income Fund
CNK,1385280,"Cinemark Holdings, Inc."
BKD,1332349,Brookdale Senior Living Inc.
PRM,1880319,"Perimeter Solutions, Inc."
FG,1934850,"F&G Annuities & Life, Inc."
WPP,806968,WPP plc
EWTX,1710072,"Edgewise Therapeutics, Inc."
GBDC,1476765,"GOLUB CAPITAL BDC, Inc."
KFY,56679,KORN FERRY
CGAU,1854640,Centerra Gold Inc.
EXPO,851520,EXPONENT INC
PLMR,1761312,"Palomar Holdings, Inc."
WSBC,203596,WESBANCO INC
LIF,1581760,"Life360, Inc."
CNS,1284812,"COHEN & STEERS, INC."
COLD,1455863,AMERICOLD REALTY TRUST
BSM,1621434,"Black Stone Minerals, L.P."
MCHB,1518715,Mechanics Bancorp
GNW,1276520,GENWORTH FINANCIAL INC
AVA,104918,AVISTA CORP
HNGE,1673743,"Hinge Health, Inc."
BKV,1838406,BKV Corp
DORM,868780,"Dorman Products, Inc."
MHO,799292,"M/I HOMES, INC."
NATL,1974138,NCR Atleos Corp
PII,931015,Polaris Inc.
PLBL,2035697,Polibeli Group Ltd
ICUI,883984,ICU MEDICAL INC/DE
PLUG,1093691,PLUG POWER INC
ZIM,1654126,ZIM Integrated Shipping Services Ltd.
SUNC,2089661,SunocoCorp LLC
HSAI,1861737,Hesai Group
PVH,78239,PVH CORP. /DE/
BTE,1279495,BAYTEX ENERGY CORP.
LEGN,1801198,Legend Biotech Corp
DNN,1063259,DENISON MINES CORP.
FIZZ,69891,NATIONAL BEVERAGE CORP
PAY,1841156,"Paymentus Holdings, Inc."
SXI,310354,STANDEX INTERNATIONAL CORP/DE/
DBC,1328237,Invesco DB Commodity Index Tracking Fund
RNG,1384905,"RingCentral, Inc."
AVNT,1122976,AVIENT CORP
MARA,1507605,"MARA Holdings, Inc."
BXMT,1061630,"BLACKSTONE MORTGAGE TRUST, INC."
OLN,74303,OLIN Corp
PPTA,1526243,PERPETUA RESOURCES CORP.
NIC,1174850,NICOLET BANKSHARES INC
TR,98677,TOOTSIE ROLL INDUSTRIES INC
COCO,1482981,"Vita Coco Company, Inc."
NIQ,2054696,NIQ Global Intelligence plc
PARR,821483,"PAR PACIFIC HOLDINGS, INC."
LQDA,1819576,Liquidia Corp
HWKN,46250,HAWKINS INC
PI,1114995,IMPINJ INC
CC,1627223,Chemours Co
NP,2067129,Neptune Insurance Holdings Inc.
AAP,1158449,ADVANCE AUTO PARTS INC
NOG,1104485,"NORTHERN OIL & GAS, INC."
CTRI,1981599,"Centuri Holdings, Inc."
HYMC,1718405,HYCROFT MINING HOLDING CORP
CBU,723188,"COMMUNITY FINANCIAL SYSTEM, INC."
KNTK,1692787,Kinetik Holdings Inc.
ITGR,1114483,Integer Holdings Corp
ACMR,1680062,"ACM Research, Inc."
FHB,36377,"FIRST HAWAIIAN, INC."
BATRA,1958140,"Atlanta Braves Holdings, Inc."
HAYW,1834622,"Hayward Holdings, Inc."
DBRG,1679688,"DigitalBridge Group, Inc."
IAC,1800227,IAC Inc.
BBAR,913059,Banco BBVA Argentina S.A.
COLM,1050797,COLUMBIA SPORTSWEAR CO
RUN,1469367,Sunrun Inc.
DHT,1331284,"DHT Holdings, Inc."
CPK,19745,CHESAPEAKE UTILITIES CORP
PBH,1295947,Prestige Consumer Healthcare Inc.
LCII,763744,LCI INDUSTRIES
TLX,2007191,Telix Pharmaceuticals Ltd
FLNC,1868941,"Fluence Energy, Inc."
UCTT,1275014,"Ultra Clean Holdings, Inc."
SYNA,817720,SYNAPTICS Inc
JOYY,1530238,JOYY Inc.
ANDG,2065708,Andersen Group Inc.
DYN,1818794,"Dyne Therapeutics, Inc."
MTRN,1104657,MATERION Corp
SBCF,730708,SEACOAST BANKING CORP OF FLORIDA
ALMS,1847367,ALUMIS INC.
ATS,1394832,ATS Corp /ATS
HG,1593275,"Hamilton Insurance Group, Ltd."
BOH,46195,BANK OF HAWAII CORP
WU,1365135,Western Union CO
QTWO,1410384,"Q2 Holdings, Inc."
WDFC,105132,WD 40 CO
TWST,1581280,Twist Bioscience Corp
ARX,1997350,Accelerant Holdings
FUL,39368,FULLER H B CO
JPC,1216583,Nuveen Preferred & Income Opportunities Fund
FRPT,1611647,"Freshpet, Inc."
IPAR,822663,INTERPARFUMS INC
DKL,1552797,"Delek Logistics Partners, LP"
OPLN,1395942,"OPENLANE, Inc."
ACLS,1113232,AXCELIS TECHNOLOGIES INC
SLG,1040971,SL GREEN REALTY CORP
SEDG,1419612,"SOLAREDGE TECHNOLOGIES, INC."
PTXKY,1545057,PT XLSMART Telecom Sejahtera Tbk/ADR
YETI,1670592,"YETI Holdings, Inc."
AWR,1056903,AMERICAN STATES WATER CO
TRMD,1655891,TORM plc
NMIH,1547903,"NMI Holdings, Inc."
FFBC,708955,FIRST FINANCIAL BANCORP /OH/
MANU,1549107,Manchester United plc
LUNR,1844452,"Intuitive Machines, Inc."
PRK,805676,PARK NATIONAL CORP /OH/
EEFT,1029199,"EURONET WORLDWIDE, INC."
CAKE,887596,CHEESECAKE FACTORY INC
SUPN,1356576,"SUPERNUS PHARMACEUTICALS, INC."
UTF,1275617,COHEN & STEERS INFRASTRUCTURE FUND INC
KD,1867072,"Kyndryl Holdings, Inc."
VERA,1831828,"Vera Therapeutics, Inc."
CPRX,1369568,"CATALYST PHARMACEUTICALS, INC."
FSM,1341335,FORTUNA MINING CORP.
WRBY,1504776,Warby Parker Inc.
POWI,833640,POWER INTEGRATIONS INC
HYPMY,1486749,Hypermarcas S.A.
DBD,28823,"DIEBOLD NIXDORF, Inc"
IRDM,1418819,Iridium Communications Inc.
SDRL,1737706,Seadrill Ltd
AMR,1704715,"Alpha Metallurgical Resources, Inc."
CSQ,1275214,CALAMOS STRATEGIC TOTAL RETURN FUND
CON,2014596,"Concentra Group Holdings Parent, Inc."
FSK,1422183,FS KKR Capital Corp
MGEE,1161728,MGE ENERGY INC
FBK,1649749,FB Financial Corp
APLE,1418121,"Apple Hospitality REIT, Inc."
LION,2052959,Lionsgate Studios Corp.
SFNC,90498,SIMMONS FIRST NATIONAL CORP
PAGS,1712807,PagSeguro Digital Ltd.
TNGX,1819133,"Tango Therapeutics, Inc."
VRDN,1590750,"Viridian Therapeutics, Inc.\DE"
CWK,1628369,Cushman & Wakefield Ltd.
AEO,919012,AMERICAN EAGLE OUTFITTERS INC
VTMX,1969373,"Vesta Real Estate Corporation, S.A.B. de C.V."
TTAM,2035304,Titan America SA
SA,1231346,SEABRIDGE GOLD INC
LXP,910108,LXP Industrial Trust
ADEA,1803696,Adeia Inc.
IHS,1876183,IHS Holding Ltd
MPT,1287865,MEDICAL PROPERTIES TRUST INC
GRBK,1373670,"Green Brick Partners, Inc."
GBTG,1820872,"Global Business Travel Group, Inc."
KMT,55242,KENNAMETAL INC
RLX,1828365,RLX Technology Inc.
DK,1694426,"Delek US Holdings, Inc."
DAVE,1841408,Dave Inc./DE
UE,1611547,Urban Edge Properties
CRVL,874866,CORVEL CORP
YSS,2086587,York Space Systems Inc.
AKR,899629,ACADIA REALTY TRUST
PFS,1178970,PROVIDENT FINANCIAL SERVICES INC
ADMA,1368514,"ADMA BIOLOGICS, INC."
CURB,2027317,Curbline Properties Corp.
MSGE,1952073,Madison Square Garden Entertainment Corp.
ADX,2230,"ADAMS DIVERSIFIED EQUITY FUND, INC."
BBU,1654795,Brookfield Business Partners L.P.
ARQT,1787306,"Arcutis Biotherapeutics, Inc."
BANC,1169770,"BANC OF CALIFORNIA, INC."
MRX,1997464,Marex Group plc
SMSEY,1560968,Samsonite International SA/ADR
SOUN,1840856,"SOUNDHOUND AI, INC."
TARS,1819790,"Tarsus Pharmaceuticals, Inc."
MGRC,752714,MCGRATH RENTCORP
IDYA,1676725,"IDEAYA Biosciences, Inc."
BULL,1866364,Webull Corp
SBLK,1386716,Star Bulk Carriers Corp.
TALO,1724965,TALOS ENERGY INC.
GPK,1408075,GRAPHIC PACKAGING HOLDING CO
HAE,313143,HAEMONETICS CORP
EXK,1277866,ENDEAVOUR SILVER CORP
NAD,1083839,Nuveen Quality Municipal Income Fund
CWT,1035201,CALIFORNIA WATER SERVICE GROUP
BCC,1328581,BOISE CASCADE Co
SHTPY,2018852,SCHOTT Pharma AG & Co. KGaA/ADR
EXG,1379438,Eaton Vance Tax-Managed Global Diversified Equity Income Fund
FCPT,1650132,"Four Corners Property Trust, Inc."
VCYT,1384101,"VERACYTE, INC."
MH,1951070,"McGraw Hill, Inc."
UPST,1647639,"Upstart Holdings, Inc."
BELFA,729580,BEL FUSE INC /NJ
CVBF,354647,CVB FINANCIAL CORP
HNI,48287,HNI CORP
PRVA,1759655,"Privia Health Group, Inc."
EFXT,1904856,Enerflex Ltd.
ZGN,1877787,Ermenegildo Zegna N.V.
HTGC,1280784,"Hercules Capital, Inc."
VRNS,1361113,VARONIS SYSTEMS INC
WRD,1867729,WeRide Inc.
PHIN,1968915,PHINIA INC.
NVG,1090116,Nuveen AMT-Free Municipal Credit Income Fund
ERO,1853860,Ero Copper Corp.
WOR,108516,"WORTHINGTON ENTERPRISES, INC."
UAA,1336917,"Under Armour, Inc."
BWLP,1649313,BW LPG Ltd
BKE,885245,BUCKLE INC
HCM,1648257,HUTCHMED (China) Ltd
SEZL,1662991,Sezzle Inc.
RCUS,1724521,"Arcus Biosciences, Inc."
CLMT,2013745,"Calumet, Inc. /DE"
FIGS,1846576,"FIGS, Inc."
APAM,1517302,Artisan Partners Asset Management Inc.
TXG,1770787,"10x Genomics, Inc."
HPP,1482512,"Hudson Pacific Properties, Inc."
TNK,1419945,TEEKAY TANKERS LTD.
BBT,1108134,Beacon Financial Corp
HE,354707,HAWAIIAN ELECTRIC INDUSTRIES INC
NHC,1047335,NATIONAL HEALTHCARE CORP
DX,826675,DYNEX CAPITAL INC
UNFI,1020859,UNITED NATURAL FOODS INC
PTY,1190935,PIMCO CORPORATE & INCOME OPPORTUNITY FUND
CALY,837465,Callaway Golf Co
NN,1865631,NEXTNAV INC.
TRN,99780,TRINITY INDUSTRIES INC
PLAB,810136,PHOTRONICS INC
LMAT,1158895,LEMAITRE VASCULAR INC
TMC,1798562,TMC the metals Co Inc.
RHI,315213,ROBERT HALF INC.
AMBP,1845097,Ardagh Metal Packaging S.A.
VSH,103730,VISHAY INTERTECHNOLOGY INC
CXT,25445,"Crane NXT, Co."
TRMK,36146,TRUSTMARK CORP
SPNT,1576018,SiriusPoint Ltd
SOC,1831481,Sable Offshore Corp.
TVTX,1438533,"Travere Therapeutics, Inc."
LFST,1845257,"LifeStance Health Group, Inc."
ETOR,1493318,eToro Group Ltd.
NGVT,1653477,Ingevity Corp
SMA,1585389,"SmartStop Self Storage REIT, Inc."
CLSK,827876,"CLEANSPARK, INC."
TSCFY,1555815,Tisco Financial Group Public Co Limited/ADR
SHOO,913241,"STEVEN MADDEN, LTD."
BEAM,1745999,Beam Therapeutics Inc.
ANDE,821026,"Andersons, Inc."
AMPX,1899287,"Amprius Technologies, Inc."
XXI,2070457,"Twenty One Capital, Inc."
TDC,816761,TERADATA CORP /DE/
DJT,1849635,Trump Media & Technology Group Corp.
CHEF,1517175,"Chefs' Warehouse, Inc."
VAC,1524358,MARRIOTT VACATIONS WORLDWIDE Corp
KYIV,2062440,Kyivstar Group Ltd.
ATRO,8063,ASTRONICS CORP
RH,1528849,RH
GRDN,1802255,"Guardian Pharmacy Services, Inc."
WAFD,936528,WAFD INC
DRD,1023512,DRDGOLD LTD
BCRX,882796,BIOCRYST PHARMACEUTICALS INC
FRME,712534,FIRST MERCHANTS CORP
KYN,1293613,"Kayne Anderson Energy Infrastructure Fund, Inc."
BRSL,1619762,Brightstar Lottery PLC
AYR,1362988,Aircastle LTD
HTFL,1464521,"Heartflow, Inc."
VC,1111335,VISTEON CORP
GDV,1260729,GABELLI DIVIDEND & INCOME TRUST
CEPU,1717161,CENTRAL PUERTO S.A.
IVT,1307748,InvenTrust Properties Corp.
VNET,1508475,"VNET Group, Inc."
DRSHF,1671541,DroneShield Ltd
HTO,766829,H2O AMERICA
MAZE,1842295,"Maze Therapeutics, Inc."
HIW,921082,"HIGHWOODS PROPERTIES, INC."
PRDO,1046568,PERDOCEO EDUCATION Corp
STUB,1337634,"StubHub Holdings, Inc."
AMBA,1280263,AMBARELLA INC
NZF,1137887,Nuveen Municipal Credit Income Fund
MNR,1980088,MACH NATURAL RESOURCES LP
OSW,1758488,ONESPAWORLD HOLDINGS Ltd
CUBI,1488813,"Customers Bancorp, Inc."
TBBK,1295401,"Bancorp, Inc."
PTRN,1811935,Pattern Group Inc.
ASH,1674862,ASHLAND INC.
NTCT,1078075,NETSCOUT SYSTEMS INC
CENT,887733,CENTRAL GARDEN & PET CO
SAM,949870,BOSTON BEER CO INC
TMTNY,2072098,Toromont Industries Ltd./ADR
MCW,1853513,"Mister Car Wash, Inc."
XRAY,818479,DENTSPLY SIRONA Inc.
GOF,1380936,GUGGENHEIM STRATEGIC OPPORTUNITIES FUND
IMNM,1472012,Immunome Inc.
RXO,1929561,"RXO, Inc."
CSGS,1005757,CSG SYSTEMS INTERNATIONAL INC
FBNC,811589,FIRST BANCORP /NC/
GEO,923796,GEO GROUP INC
IRON,1816736,"Disc Medicine, Inc."
VRRM,1682745,VERRA MOBILITY Corp
TENB,1660280,"Tenable Holdings, Inc."
FRSH,1544522,Freshworks Inc.
KN,1587523,Knowles Corp
PAHC,1069899,PHIBRO ANIMAL HEALTH CORP
MLCO,1381640,Melco Resorts & Entertainment LTD
BL,1666134,"BLACKLINE, INC."
GRND,1820144,Grindr Inc.
HLIO,1024795,"HELIOS TECHNOLOGIES, INC."
DNOW,1599617,DNOW Inc.
NESR,1698514,National Energy Services Reunited Corp.
ABM,771497,ABM INDUSTRIES INC /DE/
MANE,1827635,"Veradermics, Inc"
INFQ,2007825,"Infleqtion, Inc."
BRZE,1676238,"Braze, Inc."
APLS,1492422,"Apellis Pharmaceuticals, Inc."
CECO,3197,CECO ENVIRONMENTAL CORP
DAWN,1845337,"Day One Biopharmaceuticals, Inc."
HUBG,940942,"Hub Group, Inc."
SLDE,1886428,"Slide Insurance Holdings, Inc."
DXPE,1020710,DXP ENTERPRISES INC
HOG,793952,"HARLEY-DAVIDSON, INC."
FLOC,2035149,Flowco Holdings Inc.
GEL,1022321,GENESIS ENERGY LP
NBTB,790359,NBT BANCORP INC
WVE,1631574,Wave Life Sciences Ltd.
EYE,1710155,"National Vision Holdings, Inc."
FMCXF,1105122,FORAN MINING CORP
CPRI,1530721,Capri Holdings Ltd
NWN,1733998,Northwest Natural Holding Co
ETY,1340736,Eaton Vance Tax-Managed Diversified Equity Income Fund
TGB,878518,TASEKO MINES LTD
HTH,1265131,Hilltop Holdings Inc.
ALRM,1459200,"Alarm.com Holdings, Inc."
AEBZY,1174511,ANADOLU EFES BIRACILIK VE MALT SANAYI A S/ADR
SVM,1340677,SILVERCORP METALS INC
FXCNY,1164009,FIH Mobile Ltd
SAH,1043509,SONIC AUTOMOTIVE INC
HURN,1289848,Huron Consulting Group Inc.
UTI,1261654,UNIVERSAL TECHNICAL INSTITUTE INC
BUSE,314489,FIRST BUSEY CORP /NV/
XMTR,1657573,"Xometry, Inc."
WB,1595761,WEIBO Corp
VVX,1601548,"V2X, Inc."
ADPT,1478320,Adaptive Biotechnologies Corp
BWIN,1781755,"Baldwin Insurance Group, Inc."
NVTS,1821769,Navitas Semiconductor Corp
BBUC,1871130,Brookfield Business Corp
CLM,814083,"Cornerstone Strategic Investment Fund, Inc."
ARCB,894405,ARCBEST CORP /DE/
NTB,1653242,Bank of N.T. Butterfield & Son Ltd
SPSC,1092699,SPS COMMERCE INC
BHE,863436,BENCHMARK ELECTRONICS INC
BMRRY,1671235,B&M European Value Retail S.A./ADR
SNDX,1395937,Syndax Pharmaceuticals Inc
DAC,1369241,Danaos Corp
NAVN,1639723,"Navan, Inc."
MTX,891014,MINERALS TECHNOLOGIES INC
KWR,81362,QUAKER CHEMICAL CORP
CMRE,1503584,Costamare Inc.
NYAX,1901279,Nayax Ltd.
PK,1617406,Park Hotels & Resorts Inc.
ACHC,1520697,"Acadia Healthcare Company, Inc."
NTST,1798100,NETSTREIT Corp.
ALG,897077,ALAMO GROUP INC
NKTR,906709,NEKTAR THERAPEUTICS
XPRO,1575828,EXPRO GROUP HOLDINGS N.V.
AAPG,2023311,ASCENTAGE PHARMA GROUP INTERNATIONAL
CXW,1070985,"CoreCivic, Inc."
AVPT,1777921,"AvePoint, Inc."
VECO,103145,VEECO INSTRUMENTS INC
CLDX,744218,"Celldex Therapeutics, Inc."
IMAX,921582,IMAX CORP
CCU,888746,UNITED BREWERIES CO INC
ATHM,1527636,Autohome Inc.
BANR,946673,BANNER CORP
NSIT,932696,INSIGHT ENTERPRISES INC
VET,1293135,VERMILION ENERGY INC.
BTDR,1899123,Bitdeer Technologies Group
DRVN,1804745,Driven Brands Holdings Inc.
EXTR,1078271,EXTREME NETWORKS INC
RVT,804116,"ROYCE SMALL-CAP TRUST, INC."
FDP,1047340,FRESH DEL MONTE PRODUCE INC
CDLR,1978867,Cadeler A/S
ATKR,1666138,Atkore Inc.
CASH,907471,"PATHWARD FINANCIAL, INC."
PLUS,1022408,EPLUS INC
DXC,1688568,DXC Technology Co
SEM,1320414,SELECT MEDICAL HOLDINGS CORP
HCI,1400810,"HCI Group, Inc."
GNL,1526113,"Global Net Lease, Inc."
WGS,1818331,GeneDx Holdings Corp.
WTTR,1693256,"Select Water Solutions, Inc."
AGYS,78749,AGILYSYS INC
AEGXF,1309167,Aecon Group Inc.
TSAT,1845840,Telesat Corp
EFSC,1025835,ENTERPRISE FINANCIAL SERVICES CORP
GRAL,1699031,"GRAIL, Inc."
HUN,1307954,Huntsman CORP
AGRO,1499505,Adecoagro S.A.
NEOG,711377,NEOGEN CORP
EPAC,6955,ENERPAC TOOL GROUP CORP
ECO,1964954,Okeanis Eco Tankers Corp.
ORKA,907654,"Oruka Therapeutics, Inc."
INTA,1565687,"Intapp, Inc."
NMM,1415921,Navios Maritime Partners L.P.
WT,880631,"WisdomTree, Inc."
GLPG,1421876,GALAPAGOS NV
ARR,1428205,"Armour Residential REIT, Inc."
MBIN,1629019,Merchants Bancorp
BW,1630805,"Babcock & Wilcox Enterprises, Inc."
TYRA,1863127,"Tyra Biosciences, Inc."
AHG,1702318,Akso Health Group
BLKB,1280058,BLACKBAUD INC
RCAT,748268,"Red Cat Holdings, Inc."
DRH,1298946,DiamondRock Hospitality Co
EVCM,1853145,EverCommerce Inc.
FA,1210677,FIRST ADVANTAGE CORP
GTY,1052752,GETTY REALTY CORP /MD/
ZLAB,1704292,Zai Lab Ltd
PENN,921738,"PENN Entertainment, Inc."
AERO,1561861,"Grupo Aeromexico, S.A.B. de C.V."
VERX,1806837,"Vertex, Inc."
GSG,1332174,iShares S&P GSCI Commodity-Indexed Trust
FORTY,1045986,FORMULA SYSTEMS (1985) LTD
NEXT,1612720,NextDecade Corp
BB,1070235,BLACKBERRY Ltd
TGLS,1534675,Tecnoglass Inc.
STOK,1623526,"Stoke Therapeutics, Inc."
MESO,1345099,MESOBLAST LTD
GLOB,1557860,Globant S.A.
DEI,1364250,Douglas Emmett Inc
SYBT,835324,"Stock Yards Bancorp, Inc."
BLX,890541,"FOREIGN TRADE BANK OF LATIN AMERICA, INC."
AUPH,1600620,Aurinia Pharmaceuticals Inc.
WLY,107140,"JOHN WILEY & SONS, INC."
SKWD,1519449,"Skyward Specialty Insurance Group, Inc."
UNIT,2020795,Uniti Group Inc.
MLYS,1933414,"Mineralys Therapeutics, Inc."
EYUBY,1562294,Electricity Generating Public Co Limited/ADR
BRBR,1772016,"BELLRING BRANDS, INC."
CHA,2013649,Chagee Holdings Ltd.
NUV,812801,NUVEEN MUNICIPAL VALUE FUND INC
USAS,1286973,Americas Gold & Silver Corp
DGII,854775,DIGI INTERNATIONAL INC
ROG,84748,ROGERS CORP
ELVN,1672619,"Enliven Therapeutics, Inc."
DCO,30305,DUCOMMUN INC /DE/
STRA,1013934,"Strategic Education, Inc."
BHC,885590,Bausch Health Companies Inc.
FMC,37785,FMC CORP
AAMI,1748824,Acadian Asset Management Inc.
ADUS,1468328,Addus HomeCare Corp
SRPT,873303,"Sarepta Therapeutics, Inc."
KALU,811596,KAISER ALUMINUM CORP
SMNR,1913577,"Semnur Pharmaceuticals, Inc."
STEL,1473844,"Stellar Bancorp, Inc."
MQ,1522540,"Marqeta, Inc."
CMPR,1262976,CIMPRESS plc
GT,42582,GOODYEAR TIRE & RUBBER CO /OH/
CLBK,1723596,"Columbia Financial, Inc."
TNET,937098,"TRINET GROUP, INC."
NWBI,1471265,"Northwest Bancshares, Inc."
HBNB,2054507,Hotel101 Global Holdings Corp.
OSSUY,1437545,Embla Medical HF/ADR
COTY,1024305,COTY INC.
AVVSY,2082141,Avio S.p.A./ADR
KMPR,860748,KEMPER Corp
PAX,1825570,Patria Investments Ltd
ANAB,1370053,"ANAPTYSBIO, INC"
GCMG,1819796,GCM Grosvenor Inc.
PUMP,1680247,ProPetro Holding Corp.
LTC,887905,LTC PROPERTIES INC
SEMR,1831840,"SEMrush Holdings, Inc."
EVTC,1559865,"EVERTEC, Inc."
EVT,1253327,Eaton Vance Tax-Advantaged Dividend Income Fund
APPN,1441683,APPIAN CORP
PDO,1798618,PIMCO Dynamic Income Opportunities Fund
NAC,1074952,Nuveen California Quality Municipal Income Fund
RARE,1515673,Ultragenyx Pharmaceutical Inc.
MD,893949,"Pediatrix Medical Group, Inc."
ATEC,1350653,"Alphatec Holdings, Inc."
STC,94344,STEWART INFORMATION SERVICES CORP
BLBD,1589526,Blue Bird Corp
DFTX,1813814,"Definium Therapeutics, Inc."
ICHR,1652535,"ICHOR HOLDINGS, LTD."
MCRI,907242,MONARCH CASINO & RESORT INC
GAB,794685,GABELLI EQUITY TRUST INC
VRE,924901,"Veris Residential, Inc."
OCUL,1393434,"OCULAR THERAPEUTIX, INC"
CURLF,1756770,"Curaleaf Holdings, Inc."
FCF,712537,FIRST COMMONWEALTH FINANCIAL CORP /PA/
GTM,1794515,ZoomInfo Technologies Inc.
LU,1816007,Lufax Holding Ltd
ZYME,1937653,Zymeworks Inc.
FLO,1128928,FLOWERS FOODS INC
PTON,1639825,"PELOTON INTERACTIVE, INC."
IE,1879016,Ivanhoe Electric Inc.
MAAS,1750264,Maase Inc.
HMN,850141,HORACE MANN EDUCATORS CORP /DE/
RUM,1830081,Rumble Inc.
FUN,1999001,Six Flags Entertainment Corporation/NEW
RDW,1819810,Redwire Corp
MGNI,1595974,"MAGNITE, INC."
RNW,1848763,ReNew Energy Global plc
ZD,1084048,"ZIFF DAVIS, INC."
QFIN,1741530,"Qfin Holdings, Inc."
NBHC,1475841,National Bank Holdings Corp
WERN,793074,WERNER ENTERPRISES INC
SPB,109177,"Spectrum Brands Holdings, Inc."
EOSE,1805077,"Eos Energy Enterprises, Inc."
OFG,1030469,OFG BANCORP
WS,1968487,"Worthington Steel, Inc."
SHO,1295810,"Sunstone Hotel Investors, Inc."
PBI,78814,PITNEY BOWES INC /DE/
CHCO,726854,CITY HOLDING CO
ALKT,1529274,"ALKAMI TECHNOLOGY, INC."
AILIH,18654,Ameren Illinois Co
ESTA,1688757,ESTABLISHMENT LABS HOLDINGS INC.
AORT,784199,"ARTIVION, INC."
ARCO,1508478,Arcos Dorados Holdings Inc.
THR,1489096,"Thermon Group Holdings, Inc."
BBAI,1836981,"BigBear.ai Holdings, Inc."
INVX,1042893,"Innovex International, Inc."
CCS,1576940,"Century Communities, Inc."
AXGN,805928,"Axogen, Inc."
TY,99614,TRI-CONTINENTAL Corp
PRKS,1564902,United Parks & Resorts Inc.
NGL,1504461,NGL Energy Partners LP
RLAY,1812364,"Relay Therapeutics, Inc."
PAYO,1845815,Payoneer Global Inc.
USA,799195,LIBERTY ALL STAR EQUITY FUND
VCEL,887359,Vericel Corp
LC,1409970,LendingClub Corp
AESI,1984060,Atlas Energy Solutions Inc.
SLNO,1484565,SOLENO THERAPEUTICS INC
IOSP,1054905,INNOSPEC INC.
BAK,1071438,BRASKEM SA
BUR,1714174,Burford Capital Ltd
TSLX,1508655,"Sixth Street Specialty Lending, Inc."
AGIO,1439222,"AGIOS PHARMACEUTICALS, INC."
TNDM,1438133,TANDEM DIABETES CARE INC
RXRX,1601830,"RECURSION PHARMACEUTICALS, INC."
QUBT,1758009,Quantum Computing Inc.
FLNG,1772253,Flex LNG Ltd.
SRCE,34782,1ST SOURCE CORP
NCNO,1902733,"nCino, Inc."
TPB,1290677,"Turning Point Brands, Inc."
NRP,1171486,NATURAL RESOURCE PARTNERS LP
CAPR,1133869,"CAPRICOR THERAPEUTICS, INC."
ADNT,1670541,Adient plc
PVLA,1583648,"PALVELLA THERAPEUTICS, INC."
CNXC,1803599,Concentrix Corp
HLMN,1822492,Hillman Solutions Corp.
LILA,1712184,Liberty Latin America Ltd.
SID,1049659,NATIONAL STEEL CO
ANIP,1023024,ANI PHARMACEUTICALS INC
PHVS,1830487,Pharvaris N.V.
FIHL,1636639,Fidelis Insurance Holdings Ltd
IMKTA,50493,INGLES MARKETS INC
RAMP,733269,"LiveRamp Holdings, Inc."
GRC,42682,GORMAN RUPP CO
MDCOY,2094100,PT Medco Energi Internasional Tbk/ADR
INVA,1080014,"Innoviva, Inc."
STEW,102426,"SRH Total Return Fund, Inc."
WMK,105418,WEIS MARKETS INC
ASGN,890564,ASGN Inc
OI,812074,"O-I Glass, Inc. /DE/"
SONO,1314727,Sonos Inc
GBX,923120,GREENBRIER COMPANIES INC
COPR,1263364,Idaho Copper Corp
DHC,1075415,DIVERSIFIED HEALTHCARE TRUST
PSNY,1884082,Polestar Automotive Holding UK PLC
EZPW,876523,EZCORP INC
TIC,2032966,"TIC Solutions, Inc."
ATEN,1580808,"A10 Networks, Inc."
KOS,1509991,Kosmos Energy Ltd.
ETV,1322436,Eaton Vance Tax-Managed Buy-Write Opportunities Fund
BRKK,2074160,Barentsz Capital Ltd
DV,1819928,"DoubleVerify Holdings, Inc."
KRP,1657788,"Kimbell Royalty Partners, LP"
RQI,1157842,COHEN & STEERS QUALITY INCOME REALTY FUND INC
BORR,1715497,Borr Drilling Ltd
ARLO,1736946,"Arlo Technologies, Inc."
OGN,1821825,Organon & Co.
TUYA,1829118,Tuya Inc.
ECPG,1084961,ENCORE CAPITAL GROUP INC
PWP,1777835,Perella Weinberg Partners
RES,742278,RPC INC
CLVT,1764046,CLARIVATE PLC
ABR,1253986,ARBOR REALTY TRUST INC
STBA,719220,S&T BANCORP INC
RVLV,1746618,"Revolve Group, Inc."
HRMY,1802665,"Harmony Biosciences Holdings, Inc."
OMCL,926326,"OMNICELL, INC."
SION,2036042,"Sionna Therapeutics, Inc."
STGW,876883,Stagwell Inc
AGM,845877,FEDERAL AGRICULTURAL MORTGAGE CORP
TV,912892,"GRUPO TELEVISA, S.A.B."
GLP,1323468,GLOBAL PARTNERS LP
GTBIF,1795139,Green Thumb Industries Inc.
GCT,1857816,GigaCloud Technology Inc
SGRY,1638833,"Surgery Partners, Inc."
GABC,714395,"GERMAN AMERICAN BANCORP, INC."
JBLU,1158463,JETBLUE AIRWAYS CORP
SLVM,1856485,Sylvamo Corp
GSHD,1726978,"Goosehead Insurance, Inc."
AHCO,1725255,AdaptHealth Corp.
BOBS,2085187,"Bob's Discount Furniture, Inc."
ALGT,1362468,Allegiant Travel CO
MXL,1288469,"MAXLINEAR, INC"
ETG,1270523,Eaton Vance Tax-Advantaged Global Dividend Income Fund
HIMX,1342338,"Himax Technologies, Inc."
BDJ,1332283,BlackRock Enhanced Equity Dividend Trust
AMSC,880807,AMERICAN SUPERCONDUCTOR CORP /DE/
TCBK,356171,TRICO BANCSHARES /
SXGCF,1622629,Southern Cross Gold Consolidated Ltd.
GENB,2100782,"Generate Biomedicines, Inc."
BSTZ,1768666,BlackRock Science & Technology Term Trust
CYD,932695,CHINA YUCHAI INTERNATIONAL LTD
NSSC,69633,"NAPCO SECURITY TECHNOLOGIES, INC"
IMCR,1671927,Immunocore Holdings plc
HLF,1180262,HERBALIFE LTD.
NTLA,1652130,"Intellia Therapeutics, Inc."
LOB,1462120,"Live Oak Bancshares, Inc."
KW,1408100,"Kennedy-Wilson Holdings, Inc."
INSP,1609550,"Inspire Medical Systems, Inc."
WINA,908315,WINMARK CORP
NVAX,1000694,NOVAVAX INC
ESRT,1541401,"Empire State Realty Trust, Inc."
FLYW,1580560,Flywire Corp
AMLX,1658551,"Amylyx Pharmaceuticals, Inc."
BCAT,1809541,BlackRock Capital Allocation Term Trust
AMRC,1488139,"Ameresco, Inc."
BRAI,2076975,Braiin Ltd
NVRI,45876,ENVIRI Corp
WD,1497770,"Walker & Dunlop, Inc."
TILE,715787,INTERFACE INC
COHU,21535,COHU INC
SNDA,1043000,"SONIDA SENIOR LIVING, INC."
BFC,1746109,Bank First Corp
LKFN,721994,LAKELAND FINANCIAL CORP
AIN,819793,ALBANY INTERNATIONAL CORP /DE/
CNXN,1050377,PC CONNECTION INC
IOVA,1425205,"IOVANCE BIOTHERAPEUTICS, INC."
NWL,814453,NEWELL BRANDS INC.
TRS,842633,TRIMAS CORP
NUVB,1811063,Nuvation Bio Inc.
APC,2080921,ARKO Petroleum Corp.
ASAN,1477720,"Asana, Inc."
NRIX,1549595,"Nurix Therapeutics, Inc."
XHR,1616000,"Xenia Hotels & Resorts, Inc."
YELP,1345016,YELP INC
VOYG,1788060,"Voyager Technologies, Inc./DE"
IIPR,1677576,INNOVATIVE INDUSTRIAL PROPERTIES INC
CET,18748,CENTRAL SECURITIES CORP
CDNL,2079999,Cardinal Infrastructure Group Inc.
LPG,1596993,DORIAN LPG LTD.
PGNY,1551306,"Progyny, Inc."
BTT,1528437,BlackRock Municipal 2030 Target Term Trust
ATRC,1323885,"AtriCure, Inc."
HLX,866829,HELIX ENERGY SOLUTIONS GROUP INC
DCOM,846617,"Dime Community Bancshares, Inc. /NY/"
CTOS,1709682,"Custom Truck One Source, Inc."
ARI,1467760,"Apollo Commercial Real Estate Finance, Inc."
UFPT,914156,UFP TECHNOLOGIES INC
JJSF,785956,J&J SNACK FOODS CORP
UPWK,1627475,"UPWORK, INC"
GLIBA,2057463,"GCI Liberty, Inc."
CTS,26058,CTS CORP
PLSE,1625101,"PULSE BIOSCIENCES, INC."
INOD,903651,INNODATA INC
CXM,1569345,"Sprinklr, Inc."
DMRA,1800315,"Damora Therapeutics, Inc."
EFC,1411342,Ellington Financial Inc.
SFL,1289877,SFL Corp Ltd.
AAT,1500217,"American Assets Trust, Inc."
AVAH,1832332,"Aveanna Healthcare Holdings, Inc."
BY,1702750,"BYLINE BANCORP, INC."
GAM,40417,GENERAL AMERICAN INVESTORS CO INC
ECVT,1708035,Ecovyst Inc.
UAN,1425292,"CVR PARTNERS, LP"
HOPE,1128361,HOPE BANCORP INC
DQ,1477641,DAQO NEW ENERGY CORP.
KARO,1828102,Karooooo Ltd.
NOMD,1651717,Nomad Foods Ltd
PEB,1474098,Pebblebrook Hotel Trust
OCS,1953530,Oculis Holding AG
SKYT,1819974,"SkyWater Technology, Inc"
BXMX,1298699,Nuveen S&P 500 BuyWrite Income Fund
NBTX,1760854,Nanobiotix S.A.
PRLB,1443669,Proto Labs Inc
GSL,1430725,"Global Ship Lease, Inc."
PRCT,1588978,PROCEPT BioRobotics Corp
MNSKY,1584297,MoneySupermarket.com Group PLC/ADR
SBET,1981535,"Sharplink, Inc."
QCRH,906465,QCR HOLDINGS INC
AFYA,1771007,Afya Ltd
TE,1992243,T1 Energy Inc.
LAC,1966983,LITHIUM AMERICAS CORP.
WWW,110471,WOLVERINE WORLD WIDE INC /DE/
KSS,885639,KOHLS Corp
TFIN,1539638,"Triumph Financial, Inc."
LEG,58492,LEGGETT & PLATT INC
CBZ,944148,"CBIZ, Inc."
PDFS,1120914,PDF SOLUTIONS INC
HYT,1222401,"BLACKROCK CORPORATE HIGH YIELD FUND, INC."
LNXSY,1311307,LANXESS AG
VIR,1706431,"Vir Biotechnology, Inc."
TRVI,1563880,"Trevi Therapeutics, Inc."
SFDMY,1493507,Shanghai Fudan Microelectronics Co Limited/ADR/
DOLE,1857475,Dole plc
HCSG,731012,HEALTHCARE SERVICES GROUP INC
DCH,1062231,Dauch Corp
CDRE,1860543,"Cadre Holdings, Inc."
PSIX,1137091,"POWER SOLUTIONS INTERNATIONAL, INC."
ORC,1518621,"Orchid Island Capital, Inc."
SPH,1005210,SUBURBAN PROPANE PARTNERS LP
SBH,1368458,"Sally Beauty Holdings, Inc."
ECAT,1864843,BlackRock ESG Capital Allocation Term Trust
PLPC,80035,PREFORMED LINE PRODUCTS CO
RBCAA,921557,REPUBLIC BANCORP INC /KY/
ESBA,1553079,"Empire State Realty OP, L.P."
EDN,1395213,EDENOR
WEN,30697,Wendy's Co
EBCRY,1969796,Embracer Group AB/ADR
RAPP,2012593,"Rapport Therapeutics, Inc."
TROX,1530804,Tronox Holdings plc
REX,744187,REX AMERICAN RESOURCES Corp
XZO,1873951,"Exzeo Group, Inc."
BVC,1785680,BitVentures Ltd
LZB,57131,LA-Z-BOY INC
BITF,1812477,Bitfarms Ltd
DMLP,1172358,"DORCHESTER MINERALS, L.P."
SLSR,2019103,Solaris Resources Inc.
PDS,1013605,PRECISION DRILLING Corp
KOD,1468748,Kodiak Sciences Inc.
ASTH,1083446,"Astrana Health, Inc."
UAMY,101538,UNITED STATES ANTIMONY CORP
RHLD,2039497,"Resolute Holdings Management, Inc."
KDK,1853138,"Kodiak AI, Inc."
VTOL,1525221,Bristow Group Inc.
AGBK,2081206,AGI Inc
PRGO,1585364,PERRIGO Co plc
SILA,1567925,"Sila Realty Trust, Inc."
CNOB,712771,"ConnectOne Bancorp, Inc."
HTZ,1657853,"HERTZ GLOBAL HOLDINGS, INC"
MBX,1776111,"MBX Biosciences, Inc."
SMPL,1702744,Simply Good Foods Co
CSWC,17313,CAPITAL SOUTHWEST CORP
AZULQ,1432364,AZUL SA
JKS,1481513,"JinkoSolar Holding Co., Ltd."
IMOS,1123134,CHIPMOS TECHNOLOGIES INC
LOMA,1711375,Loma Negra Compania Industrial Argentina Sociedad Anonima
PIPR,1230245,PIPER SANDLER COMPANIES
QQQX,1608741,Nuveen NASDAQ 100 Dynamic Overwrite Fund
HROW,1360214,"HARROW, INC."
MLKN,66382,"MILLERKNOLL, INC."
ARDX,1437402,"ARDELYX, INC."
DFH,1825088,"Dream Finders Homes, Inc."
CNL,1953575,Collective Mining Ltd.
LINC,1286613,LINCOLN EDUCATIONAL SERVICES CORP
PAEXY,2073620,Parex Resources Inc./ADR
MAN,871763,ManpowerGroup Inc.
NVCR,1645113,NovoCure Ltd
OUST,1816581,"Ouster, Inc."
NXRT,1620393,"NexPoint Residential Trust, Inc."
IRMD,1325618,IRADIMED CORP
BST,1616678,BlackRock Science & Technology Trust
FOR,1406587,Forestar Group Inc.
UVV,102037,UNIVERSAL CORP /VA/
NVGS,1581804,Navigator Holdings Ltd.
WKC,789460,WORLD KINECT CORP
NEXA,1713930,Nexa Resources S.A.
PRA,1127703,PROASSURANCE CORP
GILT,897322,GILAT SATELLITE NETWORKS LTD
ICFI,1362004,"ICF International, Inc."
LNN,836157,LINDSAY CORP
FINV,1691445,FinVolution Group
BHVN,1935979,Biohaven Ltd.
ENOV,1420800,Enovis CORP
CRI,1060822,CARTERS INC
DEC,1922446,Diversified Energy Co
OBK,1516912,"Origin Bancorp, Inc."
DLX,27996,DELUXE CORP
LADR,1577670,Ladder Capital Corp
NBR,1163739,NABORS INDUSTRIES LTD
MSDL,1782524,Morgan Stanley Direct Lending Fund
NPKI,71829,NPK International Inc.
WLTH,1524566,WEALTHFRONT CORP
OPRA,1737450,Opera Ltd
IVA,1756594,Inventiva S.A.
WABC,311094,WESTAMERICA BANCORPORATION
ORIC,1796280,"Oric Pharmaceuticals, Inc."
ROCK,912562,"GIBRALTAR INDUSTRIES, INC."
ALX,3499,ALEXANDERS INC
IRS,933267,IRSA INVESTMENTS & REPRESENTATIONS INC
PSEC,1287032,PROSPECT CAPITAL CORP
PRGS,876167,PROGRESS SOFTWARE CORP /MA
IMTX,1809196,Immatics N.V.
ASTE,792987,ASTEC INDUSTRIES INC
DFIN,1669811,"Donnelley Financial Solutions, Inc."
ATAI,1840904,Atai Beckley N.V.
NAT,1000177,NORDIC AMERICAN TANKERS Ltd
GOLD,1591588,"Gold.com, Inc."
ARDT,1756655,"Ardent Health, Inc."
DSL,1566388,DoubleLine Income Solutions Fund
ACDC,1881487,ProFrac Holding Corp.
GIC,945114,GLOBAL INDUSTRIAL Co
DAO,1781753,"Youdao, Inc."
UMH,752642,"UMH PROPERTIES, INC."
TNC,97134,TENNANT CO
OLMA,1750284,"Olema Pharmaceuticals, Inc."
AI,1577526,"C3.ai, Inc."
WLDN,1370450,"Willdan Group, Inc."
DSGR,703604,"Distribution Solutions Group, Inc."
KMTS,1877184,"KESTRA MEDICAL TECHNOLOGIES, LTD."
ZBIO,1953926,"Zenas BioPharma, Inc."
WLFC,1018164,WILLIS LEASE FINANCE CORP
LSPD,1823306,Lightspeed Commerce Inc.
IDT,1005731,IDT CORP
TRIN,1786108,Trinity Capital Inc.
TCNNF,1754195,Trulieve Cannabis Corp.
AEHR,1040470,AEHR TEST SYSTEMS
MLTX,1821586,MoonLake Immunotherapeutics
NMZ,1266585,NUVEEN MUNICIPAL HIGH INCOME OPPORTUNITY FUND
TWO,1465740,TWO HARBORS INVESTMENT CORP.
TEN,1166663,TSAKOS ENERGY NAVIGATION LTD
SVV,1883313,"Savers Value Village, Inc."
TIGR,1756699,UP Fintech Holding Ltd
SGML,1848309,Sigma Lithium Corp
CCO,1334978,"Clear Channel Outdoor Holdings, Inc."
CCEC,1392326,Capital Clean Energy Carriers Corp.
IQ,1722608,"iQIYI, Inc."
TSHA,1806310,"Taysha Gene Therapies, Inc."
LIND,1512499,"LINDBLAD EXPEDITIONS HOLDINGS, INC."
BCAX,2023658,Bicara Therapeutics Inc.
JFR,1276533,NUVEEN FLOATING RATE INCOME FUND
NFJ,1260563,"Virtus Dividend, Interest & Premium Strategy Fund"
GLUE,1826457,"Monte Rosa Therapeutics, Inc."
FIVN,1288847,"Five9, Inc."
WBTN,1997859,WEBTOON Entertainment Inc.
WBI,2064947,WaterBridge Infrastructure LLC
GENI,1834489,Genius Sports Ltd
CCB,1437958,COASTAL FINANCIAL CORP
RLJ,1511337,RLJ Lodging Trust
AMAL,1823608,Amalgamated Financial Corp.
PEBO,318300,PEOPLES BANCORP INC
RKGRY,2093907,RENK Group AG/ADR
SHLS,1831651,"Shoals Technologies Group, Inc."
CBL,910612,CBL & ASSOCIATES PROPERTIES INC
IAUX,1853962,i-80 Gold Corp.
LAR,1440972,Lithium Argentina AG
TTI,844965,TETRA TECHNOLOGIES INC
ENR,1632790,"ENERGIZER HOLDINGS, INC."
GPRE,1309402,Green Plains Inc.
GIII,821002,G III APPAREL GROUP LTD /DE/
PRG,1808834,"PROG Holdings, Inc."
TRIP,1526520,"TripAdvisor, Inc."
USPH,885978,U S PHYSICAL THERAPY INC /NV
PZZA,901491,PAPA JOHNS INTERNATIONAL INC
GLDD,1372020,Great Lakes Dredge & Dock CORP
CNMD,816956,CONMED Corp
MRVI,1823239,"MARAVAI LIFESCIENCES HOLDINGS, INC."
RSRBF,1974551,Robex Resources Inc.
BTGO,1740604,"BITGO HOLDINGS, INC."
LUCK,1840572,Lucky Strike Entertainment Corp
BFS,907254,"SAUL CENTERS, INC."
MUX,314203,McEwen Inc.
NNE,1923891,Nano Nuclear Energy Inc.
DEA,1622194,"Easterly Government Properties, Inc."
RDWR,1094366,RADWARE LTD
ELE,2086771,Elemental Royalty Corp
RERE,1838957,ATRenew Inc.
CRF,33934,CORNERSTONE TOTAL RETURN FUND INC
PHAR,1828316,Pharming Group N.V.
XPEL,1767258,"XPEL, Inc."
TRUP,1371285,"TRUPANION, INC."
LXU,60714,"LSB INDUSTRIES, INC."
PGEN,1356090,"PRECIGEN, INC."
ARRY,1820721,"Array Technologies, Inc."
ALNT,46129,ALLIENT INC
CRVS,1626971,"Corvus Pharmaceuticals, Inc."
QDEL,1906324,QuidelOrtho Corp
BV,1734713,"BrightView Holdings, Inc."
TMP,1005817,TOMPKINS FINANCIAL CORP
ENVX,1828318,Enovix Corp
VZLA,1796073,Vizsla Silver Corp.
CTBI,350852,COMMUNITY TRUST BANCORP INC /KY/
SCL,94049,STEPAN CO
SAFT,1172052,SAFETY INSURANCE GROUP INC
RYZ,1481582,Ryerson Holding Corp
LUXE,1831907,LuxExperience B.V.
VIA,1603015,"Via Transportation, Inc."
PLTK,1828016,Playtika Holding Corp.
DBVT,1613780,DBV Technologies S.A.
PFBC,1492165,Preferred Bank
ASA,1230869,ASA Gold & Precious Metals Ltd
SBR,710752,SABINE ROYALTY TRUST
MALG,1309251,MICROALLIANCE GROUP INC.
EOS,1308335,Eaton Vance Enhanced Equity Income Fund II
BFLY,1804176,"Butterfly Network, Inc."
EVV,1222922,Eaton Vance Ltd Duration Income Fund
FMBH,700565,"FIRST MID BANCSHARES, INC."
FPF,1567569,First Trust Intermediate Duration Preferred & Income Fund
PXED,1600222,"Phoenix Education Partners, Inc."
MBC,1941365,"MasterBrand, Inc."
TK,911971,TEEKAY CORP LTD
PNTG,1766400,"Pennant Group, Inc."
EMO,1517518,ClearBridge Energy Midstream Opportunity Fund Inc.
UPBD,933036,"UPBOUND GROUP, INC."
BH-A,1726173,Biglari Holdings Inc.
VMET,2080073,Versamet Royalties Corp
LWLG,1325964,"Lightwave Logic, Inc."
INNV,1834376,InnovAge Holding Corp.
JCAP,2046042,"Jefferson Capital, Inc. / DE"
ABXXF,1971975,Abaxx Technologies Inc.
LZ,1286139,"LEGALZOOM.COM, INC."
GOOS,1690511,Canada Goose Holdings Inc.
TYG,1268533,TORTOISE ENERGY INFRASTRUCTURE CORP
CIM,1409493,CHIMERA INVESTMENT CORP
FSCO,1568194,FS Credit Opportunities Corp.
REAL,1573221,"TheRealReal, Inc."
SEPN,1984086,"Septerna, Inc."
DAKT,915779,DAKTRONICS INC /SD/
COLL,1267565,"COLLEGIUM PHARMACEUTICAL, INC"
PBT,319654,PERMIAN BASIN ROYALTY TRUST
EYPT,1314102,"EyePoint, Inc."
MRTN,799167,MARTEN TRANSPORT LTD
HFWA,1046025,HERITAGE FINANCIAL CORP /WA/
HLIT,851310,HARMONIC INC.
GSBD,1572694,"Goldman Sachs BDC, Inc."
OSBC,357173,OLD SECOND BANCORP INC
APEI,1201792,AMERICAN PUBLIC EDUCATION INC
CRAI,1053706,"CRA INTERNATIONAL, INC."
LTGHY,1569963,Life Healthcare Group Holdings Limited/ADR
KRNGY,1494191,Karoon Gas Australia Ltd /ADR/
SVRA,1160308,Savara Inc
ITRN,1337117,Ituran Location & Control Ltd.
CSR,798359,CENTERSPACE
AKTS,2035832,"Aktis Oncology, Inc."
LMRI,2071288,"Lumexa Imaging Holdings, Inc."
RZLV,1920294,REZOLVE AI PLC
NBXG,1843181,Neuberger Next Generation Connectivity Fund Inc.
RUPRF,1010000,RUPERT RESOURCES LTD
EVLV,1805385,"Evolv Technologies Holdings, Inc."
PTA,1793882,Cohen & Steers Tax-Advantaged Preferred Securities & Income Fund
MCB,1476034,Metropolitan Bank Holding Corp.
NEO,1077183,NEOGENOMICS INC
NNNN,1982708,Anbio Biotechnology
MFIC,1278752,MidCap Financial Investment Corp
OCFC,1004702,OCEANFIRST FINANCIAL CORP
IGIC,1794338,International General Insurance Holdings Ltd.
FSUN,1709442,FIRSTSUN CAPITAL BANCORP
VSTS,1967649,Vestis Corp
CMP,1227654,COMPASS MINERALS INTERNATIONAL INC
ADTN,926282,"ADTRAN Holdings, Inc."
MTAL,2107724,Metals Acquisition Corp. II
ABCL,1703057,AbCellera Biologics Inc.
SIFY,1094324,SIFY TECHNOLOGIES LTD
YALA,1794350,Yalla Group Ltd
NSP,1000753,"INSPERITY, INC."
SAFE,1095651,Safehold Inc.
SVMB,1647822,"Jingbo Technology, Inc."
AOD,1379400,abrdn Total Dynamic Dividend Fund
PRSU,884219,"Pursuit Attractions & Hospitality, Inc."
PCRX,1396814,"Pacira BioSciences, Inc."
GNK,1326200,GENCO SHIPPING & TRADING LTD
CERT,1827090,"Certara, Inc."
CRON,1656472,Cronos Group Inc.
HQH,805267,abrdn Healthcare Investors
MMI,1578732,"Marcus & Millichap, Inc."
WGO,107687,WINNEBAGO INDUSTRIES INC
SCHL,866729,SCHOLASTIC CORP
MFA,1055160,"MFA FINANCIAL, INC."
MUC,1051004,"BLACKROCK MUNIHOLDINGS CALIFORNIA QUALITY FUND, INC."
TDAY,1579684,"USA TODAY Co., Inc."
PLOW,1287213,"DOUGLAS DYNAMICS, INC"
PMT,1464423,PennyMac Mortgage Investment Trust
OCSL,1414932,Oaktree Specialty Lending Corp
SENEB,88948,Seneca Foods Corp
ALVO,1898416,Alvotech
AZTA,933974,"Azenta, Inc."
UVE,891166,"UNIVERSAL INSURANCE HOLDINGS, INC."
PDX,1756908,PIMCO Dynamic Income Strategy Fund
AEVA,1789029,"Aeva Technologies, Inc."
HBT,775215,"HBT Financial, Inc."
CRML,1951089,Critical Metals Corp.
BBN,1493683,BlackRock Taxable Municipal Bond Trust
EXPI,1495932,"eXp World Holdings, Inc."
AVBP,1868279,"ArriVent BioPharma, Inc."
ASM,316888,AVINO SILVER & GOLD MINES LTD
GERN,886744,GERON CORP
JBGS,1689796,JBG SMITH Properties
TDOC,1477449,"Teladoc Health, Inc."
SSII,1676163,"SS Innovations International, Inc."
HEPS,1850235,D-MARKET Electronic Services & Trading
XIFR,1603145,"XPLR Infrastructure, LP"
METC,1687187,"Ramaco Resources, Inc."
COUR,1651562,"Coursera, Inc."
UVSP,102212,UNIVEST FINANCIAL Corp
CMPX,1738021,"Compass Therapeutics, Inc."
TH,1712189,Target Hospitality Corp.
RIOFF,1743235,Rio2 Ltd
CLOV,1801170,"CLOVER HEALTH INVESTMENTS, CORP. /DE"
ETW,1322435,Eaton Vance Tax-Managed Global Buy-Write Opportunities Fund
PCT,1830033,"PureCycle Technologies, Inc."
NPK,80172,NATIONAL PRESTO INDUSTRIES INC
BLFS,834365,BIOLIFE SOLUTIONS INC
UFCS,101199,UNITED FIRE GROUP INC
SBGI,1971213,"Sinclair, Inc."
QURE,1590560,uniQure N.V.
KBDC,1747172,"Kayne Anderson BDC, Inc."
MSEX,66004,MIDDLESEX WATER CO
EAI,7323,"ENTERGY ARKANSAS, LLC"
GUYGF,1526491,G2 Goldfields Inc.
NBBK,1979330,"NB Bancorp, Inc."
BKSY,1753539,BlackSky Technology Inc.
GHM,716314,GRAHAM CORP
STAA,718937,STAAR SURGICAL CO
TASK,1829864,"TaskUs, Inc."
RNP,1224450,COHEN & STEERS REIT & PREFERRED & INCOME FUND INC
PENG,1616533,"Penguin Solutions, Inc."
ESQ,1531031,"Esquire Financial Holdings, Inc."
MOMO,1610601,Hello Group Inc.
CFFN,1490906,"Capitol Federal Financial, Inc."
LQDT,1235468,LIQUIDITY SERVICES INC
BTZ,1379384,BLACKROCK CREDIT ALLOCATION INCOME TRUST
EQBK,1227500,EQUITY BANCSHARES INC
BHRB,1964333,Burke & Herbert Financial Services Corp.
PGY,1883085,Pagaya Technologies Ltd.
UTL,755001,UNITIL CORP
SBSI,705432,SOUTHSIDE BANCSHARES INC
OPY,791963,OPPENHEIMER HOLDINGS INC
EEX,1579214,"Emerald Holding, Inc."
INBX,2007919,"Inhibrx Biosciences, Inc."
AVO,1802974,"Mission Produce, Inc."
ACEL,1698991,"Accel Entertainment, Inc."
ARHS,1875444,"Arhaus, Inc."
LMB,1606163,"Limbach Holdings, Inc."
EPC,1096752,EDGEWELL PERSONAL CARE Co
CTMX,1501989,"CytomX Therapeutics, Inc."
CDNA,1217234,"CareDx, Inc."
CHY,1222719,CALAMOS CONVERTIBLE & HIGH INCOME FUND
CCOI,1158324,"COGENT COMMUNICATIONS HOLDINGS, INC."
XERS,1867096,"Xeris Biopharma Holdings, Inc."
AMTB,1734342,Amerant Bancorp Inc.
ASIC,2040491,Ategrity Specialty Insurance Co Holdings
XRN,1533615,Chiron Real Estate Inc.
ODC,74046,Oil-Dri Corp of America
SNCY,1743907,"Sun Country Airlines Holdings, Inc."
AMPL,1866692,"Amplitude, Inc."
EUBG,1171326,ENTREPRENEUR UNIVERSE BRIGHT GROUP
CRTO,1576427,Criteo S.A.
ELVR,1739016,Elevra Lithium Ltd
JBSS,880117,SANFILIPPO JOHN B & SON INC
NEGG,1474627,"Newegg Commerce, Inc."
NABL,1834488,"N-able, Inc."
SLS,1390478,"SELLAS Life Sciences Group, Inc."
FTRE,1965040,Fortrea Holdings Inc.
HDL,1995306,SUPER HI INTERNATIONAL HOLDING LTD.
HSLV,2013223,Highlander Silver Corp.
ABTC,1755953,American Bitcoin Corp.
BCX,1506289,BlackRock Resources & Commodities Strategy Trust
CSIQ,1375877,Canadian Solar Inc.
BFST,1624322,"Business First Bancshares, Inc."
ODV,1431852,Osisko Development Corp.
AMPH,1297184,"Amphastar Pharmaceuticals, Inc."
CHI,1171471,CALAMOS CONVERTIBLE OPPORTUNITIES & INCOME FUND
TBLA,1840502,Taboola.com Ltd.
VRTS,883237,"VIRTUS INVESTMENT PARTNERS, INC."
SLI,1537137,STANDARD LITHIUM LTD.
THRM,903129,Gentherm Inc
NRK,1195739,NUVEEN NEW YORK AMT-FREE QUALITY MUNICIPAL INCOME FUND
AWF,906013,ALLIANCEBERNSTEIN GLOBAL HIGH INCOME FUND INC
POET,1437424,POET TECHNOLOGIES INC.
ABX,1814287,"Abacus Global Management, Inc."
CRCT,1828962,"Cricut, Inc."
CPAC,1221029,CEMENTOS PACASMAYO SAA
CRESY,1034957,CRESUD INC
VYX,70866,NCR Voyix Corp
XNCR,1326732,Xencor Inc
HPK,1792849,"HighPeak Energy, Inc."
EVEX,1823652,"Eve Holding, Inc."
OLPX,1868726,"OLAPLEX HOLDINGS, INC."
INMD,1742692,InMode Ltd.
OPK,944809,"OPKO HEALTH, INC."
HTD,1260041,JOHN HANCOCK TAX-ADVANTAGED DIVIDEND INCOME FUND
CII,1278895,"BlackRock Enhanced Large Cap Core Fund, Inc."
OXLC,1495222,Oxford Lane Capital Corp.
BMEZ,1785971,BlackRock Health Sciences Term Trust
LGIH,1580670,"LGI Homes, Inc."
PCN,1160990,PIMCO CORPORATE & INCOME STRATEGY FUND
MBWM,1042729,MERCANTILE BANK CORP
JMIA,1756708,Jumia Technologies AG
URGN,1668243,UroGen Pharma Ltd.
BBDC,1379785,"Barings BDC, Inc."
TALK,1803901,"Talkspace, Inc."
SDGR,1490978,"Schrodinger, Inc."
CPF,701347,CENTRAL PACIFIC FINANCIAL CORP
IPX,1898601,IPERIONX Ltd
WSR,1175535,Whitestone REIT
CCNE,736772,CNB FINANCIAL CORP/PA
EVO,1412558,Evotec SE
ABUS,1447028,Arbutus Biopharma Corp
GFR,1966287,Greenfire Resources Ltd.
HBNC,706129,HORIZON BANCORP INC /IN/
RJET,810332,REPUBLIC AIRWAYS HOLDINGS INC.
KALV,1348911,"KalVista Pharmaceuticals, Inc."
VLRS,1520504,"Controladora Vuela Compania de Aviacion, S.A.B. de C.V."
GHRS,1855129,GH Research PLC
CAPL,1538849,CrossAmerica Partners LP
CGEM,1789972,"Cullinan Therapeutics, Inc."
PDM,1042776,"Piedmont Realty Trust, Inc."
SUPV,1517399,Grupo Supervielle S.A.
JANX,1817713,"Janux Therapeutics, Inc."
MCBS,1747068,"MetroCity Bankshares, Inc."
PHK,1219360,PIMCO HIGH INCOME FUND
HRTG,1598665,"Heritage Insurance Holdings, Inc."
NMAX,2026478,Newsmax Inc.
CAZGF,2074220,Catapult Group International Ltd
CGBD,1544206,"Carlyle Secured Lending, Inc."
FUEMF,2001201,Fuerte Metals Corp
KODK,31235,EASTMAN KODAK CO
PSNL,1527753,"Personalis, Inc."
NX,1423221,Quanex Building Products CORP
SHEN,354963,SHENANDOAH TELECOMMUNICATIONS CO/VA/
NOAH,1499543,NOAH HOLDINGS LTD
MEG,1643615,"Montrose Environmental Group, Inc."
ACVA,1637873,ACV Auctions Inc.
SCSC,918965,"SCANSOURCE, INC."
FSBC,1275168,FIVE STAR BANCORP
GGN,1313510,"GAMCO Global Gold, Natural Resources & Income Trust"
MPB,879635,MID PENN BANCORP INC
PFLT,1504619,PennantPark Floating Rate Capital Ltd.
SMP,93389,"STANDARD MOTOR PRODUCTS, INC."
ULCC,1670076,"Frontier Group Holdings, Inc."
BCSF,1655050,"Bain Capital Specialty Finance, Inc."
YB,1995520,Yuanbao Inc.
ODD,1907085,Oddity Tech Ltd
WOOF,1826470,"Petco Health & Wellness Company, Inc."
REPX,1001614,"Riley Exploration Permian, Inc."
MYE,69488,MYERS INDUSTRIES INC
PHAT,1783183,"Phathom Pharmaceuticals, Inc."
CAC,750686,CAMDEN NATIONAL CORP
SGP,1778922,"SpyGlass Pharma, Inc."
PRCH,1784535,"Porch Group, Inc."
OMDA,1611115,"Omada Health, Inc."
HTLD,799233,HEARTLAND EXPRESS INC
WLKP,1604665,Westlake Chemical Partners LP
MQY,890196,"BLACKROCK MUNIYIELD QUALITY FUND, INC."
NIKA,1145604,"NIKA PHARMACEUTICALS, INC"
CTLP,896429,"CANTALOUPE, INC."
LDI,1831631,"loanDepot, Inc."
FCBC,859070,FIRST COMMUNITY BANKSHARES INC /VA/
TRST,357301,TRUSTCO BANK CORP N Y
HAFC,1109242,HANMI FINANCIAL CORP
EIG,1379041,"Employers Holdings, Inc."
HNRG,788965,HALLADOR ENERGY CO
MATW,63296,MATTHEWS INTERNATIONAL CORP
SANA,1770121,"Sana Biotechnology, Inc."
NMFC,1496099,New Mountain Finance Corp
KRUS,1772177,"KURA SUSHI USA, INC."
BTX,1836057,BlackRock Technology & Private Equity Term Trust
TLRY,1731348,"Tilray Brands, Inc."
RPC,1841968,"Ridgepost Capital, Inc."
PKST,1600626,Peakstone Realty Trust
EOI,1300391,Eaton Vance Enhanced Equity Income Fund
NAVI,1593538,NAVIENT CORP
SLRC,1418076,SLR Investment Corp.
MPLT,1770069,"MapLight Therapeutics, Inc."
GSM,1639877,Ferroglobe PLC
SATL,1874315,Satellogic Inc.
SKYH,1823587,Sky Harbour Group Corp
STKL,351834,SunOpta Inc.
FMCB,1085913,FARMERS & MERCHANTS BANCORP
BJRI,1013488,BJs RESTAURANTS INC
HTBK,1053352,HERITAGE COMMERCE CORP
TBPH,1583107,"Theravance Biopharma, Inc."
AEBI,2048519,Aebi Schmidt Holding AG
FMNB,709337,FARMERS NATIONAL BANC CORP /OH/
EVMN,2044725,"Evommune, Inc."
NWPX,1001385,"NWPX Infrastructure, Inc."
VTS,1944558,"Vitesse Energy, Inc."
BRELY,2018463,Brazilian Rare Earths Limited/ADR
CSTL,1447362,CASTLE BIOSCIENCES INC
LOT,1962746,Lotus Technology Inc.
PEO,216851,"ADAMS NATURAL RESOURCES FUND, INC."
HBIA,732417,HILLS BANCORPORATION
WOLF,895419,"WOLFSPEED, INC."
ANNX,1528115,"Annexon, Inc."
SPRY,1671858,"ARS Pharmaceuticals, Inc."
EGBN,1050441,EAGLE BANCORP INC
BBSI,902791,BARRETT BUSINESS SERVICES INC
AIP,1667011,"Arteris, Inc."
MEGI,1855066,NYLI CBRE Global Infrastructure Megatrends Term Fund
FFC,1174164,Flaherty & Crumrine PREFERRED & INCOME SECURITIES FUND INC
BLDP,1453015,Ballard Power Systems Inc.
AIO,1778114,Virtus Artificial Intelligence & Technology Opportunities Fund
IART,917520,INTEGRA LIFESCIENCES HOLDINGS CORP
DBA,1383082,INVESCO DB AGRICULTURE FUND
THFF,714562,FIRST FINANCIAL CORP /IN/
NXP,883618,NUVEEN SELECT TAX FREE INCOME PORTFOLIO
BOW,2002473,Bowhead Specialty Holdings Inc.
NRDS,1625278,"NERDWALLET, INC."
CLB,1958086,Core Laboratories Inc. /DE/
JBI,1839839,"Janus International Group, Inc."
CCBG,726601,CAPITAL CITY BANK GROUP INC
RYAM,1597672,RAYONIER ADVANCED MATERIALS INC.
GROY,1834026,Gold Royalty Corp.
OILSF,1868917,Saturn Oil & Gas Inc.
KOP,1315257,Koppers Holdings Inc.
FPH,1574197,"Five Point Holdings, LLC"
LYTS,763532,LSI INDUSTRIES INC
LXRX,1062822,"LEXICON PHARMACEUTICALS, INC."
ROOT,1788882,"Root, Inc."
HTB,1538263,"HomeTrust Bancshares, Inc."
GRNT,1928446,"Granite Ridge Resources, Inc."
FOXF,1424929,FOX FACTORY HOLDING CORP
SCZM,1548536,Santacruz Silver Mining Ltd.
OMER,1285819,OMEROS CORP
BRSP,1717547,"BrightSpire Capital, Inc."
ATEX,1304492,Anterix Inc.
TXO,1559432,"TXO Partners, L.P."
AMN,1142750,AMN HEALTHCARE SERVICES INC
OIS,1121484,"OIL STATES INTERNATIONAL, INC"
TBN,1997652,Tamboran Resources Corp
KURA,1422143,"Kura Oncology, Inc."
JQC,1227476,Nuveen Credit Strategies Income Fund
KRO,1257640,KRONOS WORLDWIDE INC
EH,1759783,EHang Holdings Ltd
CBLL,1861107,"Ceribell, Inc."
THQ,1604522,abrdn Healthcare Opportunities Fund
DRUG,1827401,BRIGHT MINDS BIOSCIENCES INC.
BIT,1562818,BlackRock Multi-Sector Income Trust
MNKD,899460,MANNKIND CORP
RA,1655099,Brookfield Real Assets Income Fund Inc.
NUTX,1479681,Nutex Health Inc.
UXIN,1729173,Uxin Ltd
GDEN,1071255,"GOLDEN ENTERTAINMENT, INC."
NAK,1164771,NORTHERN DYNASTY MINERALS LTD
MYI,883412,"BLACKROCK MUNIYIELD QUALITY FUND III, INC."
FWRG,1789940,"First Watch Restaurant Group, Inc."
GSBC,854560,"GREAT SOUTHERN BANCORP, INC."
BBOT,1869105,"BridgeBio Oncology Therapeutics, Inc."
SMBC,916907,"SOUTHERN MISSOURI BANCORP, INC."
DSP,1828791,Viant Technology Inc.
GDRX,1809519,"GoodRx Holdings, Inc."
SERV,1832483,Serve Robotics Inc. /DE/
APOG,6845,"APOGEE ENTERPRISES, INC."
PRAA,1185348,PRA GROUP INC
NTGR,1122904,"NETGEAR, INC."
ORRF,826154,ORRSTOWN FINANCIAL SERVICES INC
RBTK,1594204,ZHEN DING RESOURCES INC.
SSYS,1517396,STRATASYS LTD.
EHAB,1803737,"Enhabit, Inc."
FET,1401257,"FORUM ENERGY TECHNOLOGIES, INC."
ASGI,1793855,abrdn Global Infrastructure Income Fund
IIIV,1728688,"i3 Verticals, Inc."
OPFI,1818502,OppFi Inc.
ASST,1920406,"Strive, Inc."
KRNT,1625791,Kornit Digital Ltd.
FBRT,1562528,"Franklin BSP Realty Trust, Inc."
STK,1471420,"Columbia Seligman Premium Technology Growth Fund, Inc."
IBTA,1538379,"Ibotta, Inc."
LPTH,889971,LIGHTPATH TECHNOLOGIES INC
MTUS,1598428,Metallus Inc.
BTO,925683,JOHN HANCOCK FINANCIAL OPPORTUNITIES FUND
WRLD,108385,WORLD ACCEPTANCE CORP
WDI,1819559,Western Asset Diversified Income Fund (WDI)
SLDP,1844862,"Solid Power, Inc."
VEL,1692376,"Velocity Financial, Inc."
HUYA,1728190,HUYA Inc.
TRON,1956744,Tron Inc.
PHR,1412408,"Phreesia, Inc."
QNST,1117297,"QUINSTREET, INC"
CSV,1016281,CARRIAGE SERVICES INC
TRNS,99302,TRANSCAT INC
NEWP,1369085,NEW PACIFIC METALS CORP
AOSL,1387467,ALPHA & OMEGA SEMICONDUCTOR Ltd
SPFI,1163668,"SOUTH PLAINS FINANCIAL, INC."
OFRM,1696556,"Once Upon a Farm, PBC"
BIOA,1709941,"BioAge Labs, Inc."
IBCP,39311,INDEPENDENT BANK CORP /MI/
ADAM,1273685,"ADAMAS TRUST, INC."
ESPR,1434868,"Esperion Therapeutics, Inc."
DJCO,783412,DAILY JOURNAL CORP
HIPO,1828105,Hippo Holdings Inc.
VINP,1826286,Vinci Compass Investments Ltd.
STRW,1782430,"Strawberry Fields REIT, Inc."
SWIM,1833197,"Latham Group, Inc."
GYRE,1124105,"GYRE THERAPEUTICS, INC."
VTEX,1793663,VTEX
DLY,1788399,DoubleLine Yield Opportunities Fund
CVLG,928658,"COVENANT LOGISTICS GROUP, INC."
ARVN,1655759,"ARVINAS, INC."
IVR,1437071,Invesco Mortgage Capital Inc.
AXG,1959224,"Solowin Holdings, Ltd."
RWT,930236,REDWOOD TRUST INC
RSKD,1851112,RISKIFIED LTD.
SWBI,1092796,"SMITH & WESSON BRANDS, INC."
FDUS,1513363,FIDUS INVESTMENT Corp
PAXS,1886878,PIMCO Access Income Fund
ADSE,1879248,Ads-Tec Energy Public Ltd Co
SMBK,1038773,SMARTFINANCIAL INC.
PFN,1296250,PIMCO Income Strategy Fund II
SLDB,1707502,Solid Biosciences Inc.
PURR,2078856,Hyperliquid Strategies Inc
HOV,357294,HOVNANIAN ENTERPRISES INC
BHK,1160864,BLACKROCK CORE BOND TRUST
JBIO,1798749,"Jade Biosciences, Inc."
DMII,2040475,Drugs Made In America Acquisition II Corp.
UDMY,1607939,"Udemy, Inc."
NB,1512228,NIOCORP DEVELOPMENTS LTD
YDDL,2034723,One & one Green Technologies. INC
NCDL,1737924,Nuveen Churchill Direct Lending Corp.
MNTN,1891027,"MNTN, Inc."
TBLD,1820378,Thornburg Income Builder Opportunities Trust
ANRO,1999480,"Alto Neuroscience, Inc."
ACP,1503290,abrdn Income Credit Strategies Fund
RGR,95029,STURM RUGER & CO INC
IGR,1268884,CBRE GLOBAL REAL ESTATE INCOME FUND
ASC,1577437,Ardmore Shipping Corp
IIIN,764401,INSTEEL INDUSTRIES INC
NIE,1383441,Virtus Equity & Convertible Income Fund
SB,1434754,"SAFE BULKERS, INC."
ALSAF,1865111,Alpha Star Acquisition Corp
ALOY,1567900,REALLOYS INC.
SVA,1084201,SINOVAC BIOTECH LTD
HKHC,88000,Horizon Kinetics Holding Corp
BUI,1528988,"BlackRock Utilities, Infrastructure & Power Opportunities Trust"
UTZ,1739566,"Utz Brands, Inc."
GO,1771515,Grocery Outlet Holding Corp.
ALPIB,872716,ALPINE BANKS OF COLORADO
MTA,1722606,Metalla Royalty & Streaming Ltd.
DGICA,800457,DONEGAL GROUP INC
NRGV,1828536,"Energy Vault Holdings, Inc."
MITK,807863,MITEK SYSTEMS INC
PDT,855886,JOHN HANCOCK PREMIUM DIVIDEND FUND
VMO,884152,Invesco Municipal Opportunity Trust
PSTL,1759774,"Postal Realty Trust, Inc."
NKX,1195738,NUVEEN CALIFORNIA AMT-FREE QUALITY MUNICIPAL INCOME FUND
DSGN,1807120,"Design Therapeutics, Inc."
BWMX,1788257,"BETTERWARE DE MEXICO, S.A.P.I. DE C.V"
PRME,1894562,"Prime Medicine, Inc."
AVNS,1606498,"AVANOS MEDICAL, INC."
CINT,1868995,CI&T Inc
GLASF,1848731,Glass House Brands Inc.
LIFE,1788451,Ethos Technologies Inc.
EGY,894627,VAALCO ENERGY INC /DE/
FISI,862831,FINANCIAL INSTITUTIONS INC
WASH,737468,WASHINGTON TRUST BANCORP INC
OCGN,1372299,"Ocugen, Inc."
MUJ,1053988,"BLACKROCK MUNIHOLDINGS NEW JERSEY QUALITY FUND, INC."
ETON,1710340,"Eton Pharmaceuticals, Inc."
EVOH,1700844,EvoAir Holdings Inc.
LAES,1951222,SEALSQ Corp
ASPI,1921865,ASP Isotopes Inc.
TCBX,1781730,"Third Coast Bancshares, Inc."
NFGC,1840616,New Found Gold Corp.
HSTM,1095565,HEALTHSTREAM INC
AMSF,1018979,AMERISAFE INC
TIPT,1393726,TIPTREE INC.
MAX,1818383,"MediaAlpha, Inc."
HSHP,1959455,Himalaya Shipping Ltd.
GDOT,1386278,GREEN DOT CORP
SG,1477815,"Sweetgreen, Inc."
TRTX,1630472,"TPG RE Finance Trust, Inc."
SD,1349436,SANDRIDGE ENERGY INC
VITL,1579733,"Vital Farms, Inc."
ASIX,1673985,AdvanSix Inc.
BVS,1665988,Bioventus Inc.
DRTS,1871321,Alpha Tau Medical Ltd.
MSIF,1535778,"MSC INCOME FUND, INC."
WDH,1823986,Waterdrop Inc.
KE,1606757,"Kimball Electronics, Inc."
FTK,928054,FLOTEK INDUSTRIES INC/CN/
XLO,1840233,"Xilio Therapeutics, Inc."
PGC,1050743,PEAPACK GLADSTONE FINANCIAL CORP
ARKO,1823794,ARKO Corp.
RMT,912147,"ROYCE MICRO-CAP TRUST, INC."
ALRS,903419,ALERUS FINANCIAL CORP
BOE,1320375,BlackRock Enhanced Global Dividend Trust
MDXG,1376339,"MIMEDX GROUP, INC."
SHBI,1035092,SHORE BANCSHARES INC
MAMA,1520358,"Mama's Creations, Inc."
GEMI,2055592,"Gemini Space Station, Inc."
ISOU,1997377,IsoEnergy Ltd.
FAX,790500,"ABRDN ASIA-PACIFIC INCOME FUND, INC."
RSVR,1824403,"Reservoir Media, Inc."
OBE,1334388,OBSIDIAN ENERGY LTD.
CRSR,1743759,"Corsair Gaming, Inc."
CBRL,1067294,"CRACKER BARREL OLD COUNTRY STORE, INC"
INDI,1841925,"indie Semiconductor, Inc."
DSU,1051003,"BLACKROCK DEBT STRATEGIES FUND, INC."
QDMI,1094032,QDM International Inc.
PIII,1832511,P3 Health Partners Inc.
TCMD,1027838,TACTILE SYSTEMS TECHNOLOGY INC
CCD,1602584,Calamos Dynamic Convertible & Income Fund
AMWD,794619,AMERICAN WOODMARK CORP
CTO,23795,"CTO Realty Growth, Inc."
GOGO,1537054,Gogo Inc.
SPPP,1539190,SPROTT PHYSICAL PLATINUM & PALLADIUM TRUST
BMBL,1830043,Bumble Inc.
NDMO,1793129,Nuveen Dynamic Municipal Opportunities Fund
RRBI,1071236,RED RIVER BANCSHARES INC
EIKN,1861123,"Eikon Therapeutics, Inc."
TATT,808439,TAT TECHNOLOGIES LTD
VLGEA,103595,VILLAGE SUPER MARKET INC
MGTX,1735438,MeiraGTx Holdings plc
URG,1375205,UR-ENERGY INC
PD,1568100,"PagerDuty, Inc."
MHD,1034665,"BLACKROCK MUNIHOLDINGS FUND, INC."
CTKB,1831915,"Cytek Biosciences, Inc."
EVAC,2042902,EQV Ventures Acquisition Corp. II
CMPS,1816590,COMPASS Pathways plc
LBRX,1691082,LB PHARMACEUTICALS INC
UMAC,1956955,"Unusual Machines, Inc."
GAU,1377757,Galiano Gold Inc.
CEPF,2034267,"Cantor Equity Partners IV, Inc."
EVGO,1821159,EVgo Inc.
TREE,1434621,"LendingTree, Inc."
SSTK,1549346,"Shutterstock, Inc."
DC,1852353,Dakota Gold Corp.
AHRT,1569187,"AH Realty Trust, Inc."
DNUT,1857154,"Krispy Kreme, Inc."
NML,1562051,Neuberger Energy Infrastructure & Income Fund Inc.
EMD,1227862,WESTERN ASSET EMERGING MARKETS DEBT FUND INC.
SIBN,1459839,"SI-BONE, Inc."
AIV,922864,APARTMENT INVESTMENT & MANAGEMENT CO
DBO,1383058,Invesco DB Oil Fund
TMQ,1543418,Trilogy Metals Inc.
LDP,1548717,"Cohen & Steers Ltd Duration Preferred & Income Fund, Inc."
CASS,708781,CASS INFORMATION SYSTEMS INC
HZO,1057060,MARINEMAX INC
DXYZ,1843974,Destiny Tech100 Inc.
GEVO,1392380,"Gevo, Inc."
GLRE,1385613,"GREENLIGHT CAPITAL RE, LTD."
NMCO,1774342,Nuveen Municipal Credit Opportunities Fund
BALY,1747079,Bally's Corp
AGMB,2020932,Agomab Therapeutics NV
REPL,1737953,"Replimune Group, Inc."
NPB,1336706,NORTHPOINTE BANCSHARES INC
IIM,885601,Invesco Value Municipal Income Trust
CGNT,1824814,Cognyte Software Ltd.
NGVC,1547459,"Natural Grocers by Vitamin Cottage, Inc."
BZH,915840,BEAZER HOMES USA INC
SWRD,1795851,"Stewards, Inc."
ETD,896156,ETHAN ALLEN INTERIORS INC
VPG,1487952,"Vishay Precision Group, Inc."
HQ,2088256,Horizon Quantum Holdings Ltd.
HY,1173514,"HYSTER-YALE, INC."
AMRQF,2076631,AMAROQ LTD.
CCXI,2074973,Churchill Capital Corp XI
KRT,1758021,Karat Packaging Inc.
NLST,1282631,NETLIST INC
TECX,1681087,"Tectonic Therapeutic, Inc."
BCAL,1795815,California BanCorp \ CA
PKE,76267,PARK AEROSPACE CORP
NFBK,1493225,"Northfield Bancorp, Inc."
AMC,1411579,"AMC ENTERTAINMENT HOLDINGS, INC."
REEMF,1419806,RARE ELEMENT RESOURCES LTD
SABR,1597033,Sabre Corp
EVER,1640428,"EverQuote, Inc."
IPI,1421461,"Intrepid Potash, Inc."
GTN,43196,"GRAY MEDIA, INC"
GAIN,1321741,GLADSTONE INVESTMENT CORPORATIONDE
FIP,1899883,FTAI Infrastructure Inc.
VALN,1836564,Valneva SE
UHT,798783,UNIVERSAL HEALTH REALTY INCOME TRUST
SXC,1514705,"SunCoke Energy, Inc."
YEXT,1614178,"Yext, Inc."
ACIC,1401521,AMERICAN COASTAL INSURANCE Corp
FTW,2083125,PRESIDIO PRODUCTION Co
CNNE,1704720,"Cannae Holdings, Inc."
DDL,1854545,Dingdong (Cayman) Ltd
ETJ,1395325,Eaton Vance Risk-Managed Diversified Equity Income Fund
AROW,717538,ARROW FINANCIAL CORP
NXDR,1846069,"Nextdoor Holdings, Inc."
MMU,886043,WESTERN ASSET MANAGED MUNICIPALS FUND INC.
GOOD,1234006,GLADSTONE COMMERCIAL CORP
THM,1134115,INTERNATIONAL TOWER HILL MINES LTD
EBF,33002,"ENNIS, INC."
AEXA,2079173,American Exceptionalism Acquisition Corp. A
YDES,2011674,YD Bio Ltd
WRN,1364125,Western Copper & Gold Corp
BWAY,1505065,Brainsway Ltd.
MFI,1940941,mF International Ltd
AMBQ,1500412,"Ambiq Micro, Inc."
BBW,1113809,BUILD-A-BEAR WORKSHOP INC
WYFI,2042022,"WhiteFiber, Inc."
CPS,1320461,Cooper-Standard Holdings Inc.
PROK,1850270,PROKIDNEY CORP.
ERII,1421517,"Energy Recovery, Inc."
ITRG,1722387,Integra Resources Corp.
ZVRA,1434647,"ZEVRA THERAPEUTICS, INC."
BHB,743367,BAR HARBOR BANKSHARES
PAR,708821,PAR TECHNOLOGY CORP
ALLO,1737287,"Allogene Therapeutics, Inc."
EMBC,1872789,Embecta Corp.
PFIS,1056943,PEOPLES FINANCIAL SERVICES CORP.
VGM,880892,Invesco Trust for Investment Grade Municipals
GUT,1080720,GABELLI UTILITY TRUST
MVST,1760689,"Microvast Holdings, Inc."
THSGF,1832803,THESIS GOLD INC.
CEVA,1173489,CEVA INC
ANGX,1865200,"Angel Studios, Inc."
RDVT,1720116,"Red Violet, Inc."
MOV,72573,MOVADO GROUP INC
AVR,2011514,Anteris Technologies Global Corp.
DPG,1515671,Duff & Phelps Utility & Infrastructure Fund Inc.
VKQ,877463,Invesco Municipal Trust
CABO,1632127,"Cable One, Inc."
IMSR,2019804,Terrestrial Energy Inc. /DE/
HIVE,1720424,HIVE Digital Technologies Ltd.
BAND,1514416,Bandwidth Inc.
CWCO,928340,Consolidated Water Co. Ltd.
DIAX,1608742,Nuveen Dow 30sm Dynamic Overwrite Fund
MLR,924822,MILLER INDUSTRIES INC /TN/
MCS,62234,MARCUS CORP
MBUU,1590976,"MALIBU BOATS, INC."
ULH,1308208,"UNIVERSAL LOGISTICS HOLDINGS, INC."
REAX,1862461,Real Brokerage Inc
BCSS,2064355,Bain Capital GSS Investment Corp.
WIW,1267902,WESTERN ASSET INFLATION-LINKED OPPORTUNITIES & INCOME FUND
TRC,96869,TEJON RANCH CO
FFIC,923139,FLUSHING FINANCIAL CORP
FWRD,912728,FORWARD AIR CORP
CRMD,1410098,CorMedix Inc.
ZURA,1855644,Zura Bio Ltd
FLGT,1674930,"Fulgent Genetics, Inc."
IQI,885125,Invesco Quality Municipal Income Trust
UNTY,920427,UNITY BANCORP INC /NJ/
KFRC,930420,KFORCE INC
OWLS,2025416,OBOOK HOLDINGS INC.
CLNE,1368265,Clean Energy Fuels Corp.
AVK,1219120,ADVENT CONVERTIBLE & INCOME FUND
VCV,895531,Invesco California Value Municipal Income Trust
ZKH,1862044,ZKH Group Ltd
BGB,1546429,Blackstone Strategic Credit 2027 Term Fund
NRIM,1163370,NORTHRIM BANCORP INC
CARS,1683606,Cars.com Inc.
VOR,1817229,Vor Biopharma Inc.
CODI,1345126,Compass Diversified Holdings
GDLC,1729997,Grayscale CoinDesk Crypto 5 ETF
MCTA,2035992,Charming Medical Ltd
BME,1314966,BlackRock Health Sciences Trust
RHNO,1785493,RHINO BITCOIN INC.
OXM,75288,OXFORD INDUSTRIES INC
GPRK,1464591,GeoPark Ltd
ALTI,1838615,"AlTi Global, Inc."
BWMN,1847590,Bowman Consulting Group Ltd.
BTBT,1710350,"Bit Digital, Inc"
NAUT,1808805,"Nautilus Biotechnology, Inc."
ADCT,1771910,ADC Therapeutics SA
NWAX,2074878,New America Acquisition I Corp.
UROY,1711570,Uranium Royalty Corp.
FMAC,2099232,Future Money Acquisition Corp
NGS,1084991,NATURAL GAS SERVICES GROUP INC
FTHY,1810523,FIRST TRUST HIGH YIELD OPPORTUNITIES 2027 TERM FUND
BBNX,1674632,"Beta Bionics, Inc."
NXJ,1087786,NUVEEN NEW JERSEY QUALITY MUNICIPAL INCOME FUND
GUG,1864208,Guggenheim Active Allocation Fund
IRWD,1446847,IRONWOOD PHARMACEUTICALS INC
BLW,1233681,BLACKROCK Ltd DURATION INCOME TRUST
PML,1170299,PIMCO MUNICIPAL INCOME FUND II
PHDWY,1765812,"PT Ace Hardware Indonesia, Tbk./ADR"
JOUT,788329,JOHNSON OUTDOORS INC
FPI,1591670,Farmland Partners Inc.
QNC,2106613,Quantum eMotion Corp
SCVL,895447,SHOE CARNIVAL INC
ACNB,715579,ACNB CORP
BLMN,1546417,"Bloomin' Brands, Inc."
EIM,1176984,Eaton Vance Municipal Bond Fund
CATX,728387,"Perspective Therapeutics, Inc."
OLP,712770,ONE LIBERTY PROPERTIES INC
FFWM,1413837,First Foundation Inc.
ACTG,934549,ACACIA RESEARCH CORP
ISSC,836690,INNOVATIVE SOLUTIONS & SUPPORT INC
CBNK,1419536,Capital Bancorp Inc
BGY,1393299,BlackRock Enhanced International Dividend Trust
RIGL,1034842,RIGEL PHARMACEUTICALS INC
MRRDF,1839886,Meridian Mining UK Societas
BWB,1341317,Bridgewater Bancshares Inc
GDYN,1743725,"GRID DYNAMICS HOLDINGS, INC."
HBCP,1436425,"HOME BANCORP, INC."
CCSI,1866633,"Consensus Cloud Solutions, Inc."
MSC,1713334,STUDIO CITY INTERNATIONAL HOLDINGS Ltd
HQL,884121,abrdn Life Sciences Investors
FFMGF,1641229,First Mining Gold Corp.
ESEA,1341170,EUROSEAS LTD.
DCBO,1829959,Docebo Inc.
IMXI,1683695,"International Money Express, Inc."
GHY,1554697,"PGIM Global High Yield Fund, Inc."
HKD,1809691,AMTD Digital Inc.
VVR,1059386,Invesco Senior Income Trust
CRD-A,25475,CRAWFORD & CO
PHCI,1620749,Panamera Holdings Corp
RR,1963685,RICHTECH ROBOTICS INC.
SOHU,1734107,Sohu.com Ltd
MEVO,2087361,M Evo Global Acquisition Corp II
GOTU,1768259,Gaotu Techedu Inc.
LRMR,1374690,"Larimar Therapeutics, Inc."
AQST,1398733,"Aquestive Therapeutics, Inc."
KMDA,1567529,KAMADA LTD
MATV,1000623,"Mativ Holdings, Inc."
KRSP,2074872,Rice Acquisition Corp 3
THW,1635977,abrdn World Healthcare Fund
GIW,2080019,GigCapital8 Corp.
BETR,1835856,Better Home & Finance Holding Co
MG,1436126,"Mistras Group, Inc."
MSBI,1466026,"Midland States Bancorp, Inc."
OFIX,884624,Orthofix Medical Inc.
PRTA,1559053,PROTHENA CORP PUBLIC LTD CO
CCAP,1633336,"Crescent Capital BDC, Inc."
BDN,790816,BRANDYWINE REALTY TRUST
FDMT,1650648,"4D Molecular Therapeutics, Inc."
IFN,917100,"ABERDEEN INDIA FUND, INC."
CIVB,944745,"CIVISTA BANCSHARES, INC."
HTT,1692705,High Templar Tech Ltd
INN,1497645,"Summit Hotel Properties, Inc."
DHIL,909108,DIAMOND HILL INVESTMENT GROUP INC
ANSC,1854149,Agriculture & Natural Solutions Acquisition Corp
ROMA,1945240,Roma Green Finance Ltd
CHW,1396277,Calamos Global Dynamic Income Fund
PANL,1606909,Pangaea Logistics Solutions Ltd.
CRAN,2081358,Crane Harbor Acquisition Corp. II
RCKT,1281895,"ROCKET PHARMACEUTICALS, INC."
ECC,1604174,Eagle Point Credit Co Inc.
FGOVF,1064052,FREEGOLD VENTURES LTD
MNRO,876427,"MONRO, INC."
ENGN,1980845,enGene Holdings Inc.
KRNY,1617242,Kearny Financial Corp.
LEGH,1436208,Legacy Housing Corp
ABSI,1672688,Absci Corp
GTEN,1986817,"Gores Holdings X, Inc. / CI"
CTNM,1855175,"Contineum Therapeutics, Inc."
LYEL,1806952,"Lyell Immunopharma, Inc."
SEAH,2075786,"Seahawk Recycling Holdings, Inc."
TWI,899751,TITAN INTERNATIONAL INC
IGD,1285890,Voya GLOBAL EQUITY DIVIDEND & PREMIUM OPPORTUNITY FUND
APXT,2079253,Apex Treasury Corp
UPB,2022626,"Upstream Bio, Inc."
CVGW,1133470,CALAVO GROWERS INC
ORN,1402829,Orion Group Holdings Inc
KYTX,1994702,"Kyverna Therapeutics, Inc."
NBB,1478888,Nuveen Taxable Municipal Income Fund
CLYM,1768446,"Climb Bio, Inc."
IMMX,1873835,"Immix Biopharma, Inc."
ELA,701719,Envela Corp
CHCT,1631569,Community Healthcare Trust Inc
BSRR,1130144,SIERRA BANCORP
HPS,1215913,JOHN HANCOCK PREFERRED INCOME FUND III
CARE,1829576,"Carter Bankshares, Inc."
NPFD,1865389,Nuveen Variable Rate Preferred & Income Fund
WTI,1288403,W&T OFFSHORE INC
SFIX,1576942,"Stitch Fix, Inc."
ASMB,1426800,"ASSEMBLY BIOSCIENCES, INC."
MLAB,724004,MESA LABORATORIES INC /CO/
FBIZ,1521951,"FIRST BUSINESS FINANCIAL SERVICES, INC."
RLMD,1553643,"RELMADA THERAPEUTICS, INC."
NPCE,1528287,NeuroPace Inc
FULC,1680581,"Fulcrum Therapeutics, Inc."
VREX,1681622,Varex Imaging Corp
DNA,1830214,"Ginkgo Bioworks Holdings, Inc."
IDR,1030192,"Idaho Strategic Resources, Inc."
VBNK,1690639,VersaBank
KIO,1515940,KKR Income Opportunities Fund
KBON,2088749,Karbon Capital Partners Corp.
ETO,1281926,Eaton Vance Tax-Advantaged Global Dividend Opportunities Fund
SFST,1090009,SOUTHERN FIRST BANCSHARES INC
TDUP,1484778,ThredUp Inc.
TRDA,1689375,"Entrada Therapeutics, Inc."
ANGO,1275187,ANGIODYNAMICS INC
STTK,1680367,"Shattuck Labs, Inc."
CWBC,1127371,Community West Bancshares
SWMR,2092574,"Swarmer, Inc"
YORW,108985,YORK WATER CO
VRNO,1848416,Verano Holdings Corp.
OBT,1754226,"Orange County Bancorp, Inc. /DE/"
IEAG,2084396,Infinite Eagle Acquisition Corp.
GRVY,1313310,"GRAVITY Co., Ltd."
VREOF,1771706,Vireo Growth Inc.
NQP,870780,NUVEEN PENNSYLVANIA QUALITY MUNICIPAL INCOME FUND
ISD,1534880,"PGIM High Yield Bond Fund, Inc."
HCIC,2099093,Hennessy Capital Investment Corp. VIII
MBVI,2073928,M3-Brigade Acquisition VI Corp.
VSTM,1526119,"Verastem, Inc."
GRPN,1490281,"Groupon, Inc."
CV,1378325,"CapsoVision, Inc"
CMCL,766011,Caledonia Mining Corp Plc
MYGN,899923,MYRIAD GENETICS INC
LAND,1495240,GLADSTONE LAND Corp
TLNC,2073340,Talon Capital Corp.
BGR,1306550,BlackRock Energy & Resources Trust
BLND,1855747,"Blend Labs, Inc."
TRX,1173643,TRX GOLD Corp
ASTL,1860805,Algoma Steel Group Inc.
SPIR,1816017,"Spire Global, Inc."
CMCO,1005229,COLUMBUS MCKINNON CORP
MTW,61986,MANITOWOC CO INC
CWH,1669779,"Camping World Holdings, Inc."
ETB,1308927,Eaton Vance Tax-Managed Buy-Write Income Fund
CGC,1737927,Canopy Growth Corp
LSAK,1041514,LESAKA TECHNOLOGIES INC
MESH,2081468,Meshflow Acquisition Corp
KRAQ,2082119,KRAKacquisition Corp
AUNA,1799207,AUNA S.A.
ALT,1326190,"Altimmune, Inc."
FGPR,922358,FERRELLGAS PARTNERS L P
EPRX,1581178,EUPRAXIA PHARMACEUTICALS INC.
LOCO,1606366,"El Pollo Loco Holdings, Inc."
PERI,1338940,Perion Network Ltd.
BMM,1732379,Blue Moon Metals Inc.
EBS,1367644,Emergent BioSolutions Inc.
AVIR,1593899,"Atea Pharmaceuticals, Inc."
FINS,1745059,Angel Oak Financial Strategies Income Term Trust
PACB,1299130,"PACIFIC BIOSCIENCES OF CALIFORNIA, INC."
NMRA,1885522,"Neumora Therapeutics, Inc."
NOA,1368519,North American Construction Group Ltd.
CBAN,711669,COLONY BANKCORP INC
ATNI,879585,"ATN International, Inc."
HPI,1176199,JOHN HANCOCK PREFERRED INCOME FUND
NATR,275053,NATURES SUNSHINE PRODUCTS INC
BCAR,2065779,D. Boral ARC Acquisition I Corp.
NMAI,1861115,Nuveen Multi-Asset Income Fund
DDI,1799567,"DoubleDown Interactive Co., Ltd."
DFP,1559991,Flaherty & Crumrine Dynamic Preferred & Income Fund Inc
COFS,803164,CHOICEONE FINANCIAL SERVICES INC
FEIM,39020,FREQUENCY ELECTRONICS INC
EVN,1074540,Eaton Vance Municipal Income Trust
MGMNF,1965615,MAGNA MINING INC.
NATH,69733,"NATHANS FAMOUS, INC."
SGU,1002590,"STAR GROUP, L.P."
IHRT,1400891,"iHeartMedia, Inc."
PINWF,2059573,Pinewood Technologies Group plc
RNGR,1699039,"Ranger Energy Services, Inc."
MSB,65172,MESABI TRUST
KFII,2029976,K&F GROWTH ACQUISITION CORP. II
SAAQ,2091222,Space Asset Acquisition Corp.
ANL,1944552,Adlai Nortye Ltd.
LGDTF,1755191,Liberty Gold Corp. /CAN
KREF,1631596,KKR Real Estate Finance Trust Inc.
CYRX,1124524,"Cryoport, Inc."
UURAF,1495651,Ucore Rare Metals Inc.
CLFD,796505,"Clearfield, Inc."
SGLA,1433551,Sino Green Land Corp.
BXC,1301787,BlueLinx Holdings Inc.
XRPN,2044009,Armada Acquisition Corp. II
CDZI,727273,CADIZ INC
CYH,1108109,COMMUNITY HEALTH SYSTEMS INC
FFA,1291334,FIRST TRUST ENHANCED EQUITY INCOME FUND
OSPN,1044777,OneSpan Inc.
IVVD,1832038,"Invivyd, Inc."
TAKOF,1547452,Volatus Aerospace Inc.
ZNOG,1131312,ZION OIL & GAS INC
AURA,1501796,"Aura Biosciences, Inc."
VNDA,1347178,Vanda Pharmaceuticals Inc.
RGNX,1590877,REGENXBIO Inc.
MCI,275694,BARINGS CORPORATE INVESTORS
ITIC,720858,INVESTORS TITLE CO
IPSC,1850119,"Century Therapeutics, Inc."
KIDS,1425450,ORTHOPEDIATRICS CORP
MUA,901243,"BLACKROCK MUNIASSETS FUND, INC."
GBLI,1494904,"Global Indemnity Group, LLC"
LXEO,1907108,"Lexeo Therapeutics, Inc."
FRPH,844059,"FRP HOLDINGS, INC."
ELTP,1053369,ELITE PHARMACEUTICALS INC /NV/
PSFE,1833835,Paysafe Ltd
BMRC,1403475,Bank of Marin Bancorp
WTBA,1166928,WEST BANCORPORATION INC
LND,1499849,BrasilAgro - Brazilian Agricultural Real Estate Co
PRTH,1653558,"Priority Technology Holdings, Inc."
VHI,59255,VALHI INC /DE/
ACRS,1557746,"Aclaris Therapeutics, Inc."
NRC,70487,NATIONAL RESEARCH CORP
FWDI,38264,"Forward Industries, Inc."
NC,789933,NACCO INDUSTRIES INC
CZNC,810958,CITIZENS & NORTHERN CORP
SBC,1930313,SBC Medical Group Holdings Inc
GBAB,1495825,Guggenheim Taxable Municipal Bond & Investment Grade Debt Trust
CRAQ,2058359,Cal Redwood Acquisition Corp.
EACO,784539,EACO CORP
ZDCAF,2025583,"ZEDCOR, INC."
RTAC,2035173,Renatus Tactical Acquisition Corp I
DIN,49754,"Dine Brands Global, Inc."
NPAC,2048948,New Providence Acquisition Corp. III/Cayman
SMC,2024218,Summit Midstream Corp
PLAY,1525769,"Dave & Buster's Entertainment, Inc."
AIOT,1774170,"Powerfleet, Inc."
GLOO,2069785,"Gloo Holdings, Inc."
SDHY,1812923,PGIM Short Duration High Yield Opportunities Fund
LX,1708259,LexinFintech Holdings Ltd.
CCIX,2006291,Churchill Capital Corp IX/Cayman
ILPT,1717307,Industrial Logistics Properties Trust
AVXL,1314052,ANAVEX LIFE SCIENCES CORP.
TWN,804123,TAIWAN FUND INC
OOMA,1327688,OOMA INC
SHAZ,2068385,SharonAI Holdings Inc.
CAL,14707,CALERES INC
DBCA,2095161,D. Boral Acquisition I Corp.
CLDT,1476045,Chatham Lodging Trust
SUPX,1897087,SuperX AI Technology Ltd
GPAT,1834526,GP-Act III Acquisition Corp.
LEO,818972,"BNY MELLON STRATEGIC MUNICIPALS, INC."
ALF,2010930,Centurion Acquisition Corp.
GLAD,1143513,GLADSTONE CAPITAL CORP
RBBN,1708055,Ribbon Communications Inc.
STRO,1382101,"SUTRO BIOPHARMA, INC."
DVLT,1682149,Datavault AI Inc.
PCAP,2056634,ProCap Acquisition Corp
BOC,1494582,BOSTON OMAHA Corp
ZKP,2087447,Lafayette Digital Acquisition Corp. I
MGPI,835011,MGP INGREDIENTS INC
BBCQ,2088295,Bleichroeder Acquisition Corp. II
SES,1819142,SES AI Corp
MBAV,2016072,M3-Brigade Acquisition V Corp.
FRA,1259708,"BLACKROCK FLOATING RATE INCOME STRATEGIES FUND, INC."
RDAG,2055459,Republic Digital Acquisition Co
EAD,1210123,ALLSPRING INCOME OPPORTUNITIES FUND
LE,799288,"LANDS' END, INC."
TACO,2033122,Berto Acquisition Corp.
PTLO,1871509,Portillo's Inc.
OPAL,1842279,OPAL Fuels Inc.
BGS,1278027,"B&G Foods, Inc."
PTOR,2093912,Praetorian Acquisition Corp.
WENN,2057043,WEN Acquisition Corp
PPHC,1903508,"Public Policy Holding Company, Inc."
PDLB,1874071,"Ponce Financial Group, Inc."
VKI,908993,Invesco Advantage Municipal Income Trust II
PRTC,1782999,PureTech Health plc
BWFG,1505732,"Bankwell Financial Group, Inc."
AENT,1823584,ALLIANCE ENTERTAINMENT HOLDING CORP
WEST,1806347,Westrock Coffee Co
GCBC,1070524,GREENE COUNTY BANCORP INC
BSVN,1746129,Bank7 Corp.
TITN,1409171,Titan Machinery Inc.
PUBM,1422930,"PubMatic, Inc."
ABAT,1576873,AMERICAN BATTERY TECHNOLOGY Co
ELVA,1844450,Electrovaya Inc.
RPD,1560327,"Rapid7, Inc."
NNDM,1643303,Nano Dimension Ltd.
AII,2007587,"American Integrity Insurance Group, Inc."
SRTA,1779128,"Strata Critical Medical, Inc."
TSSI,1320760,"TSS, Inc."
ADUR,1863934,ADURO CLEAN TECHNOLOGIES INC.
PFL,1244183,PIMCO INCOME STRATEGY FUND
ISTR,1602658,Investar Holding Corp
PNRG,56868,PRIMEENERGY RESOURCES CORP
CDRO,1866782,"Codere Online Luxembourg, S.A."
PRE,1876431,Prenetics Global Ltd
GSKRF,1944955,FIRST NORDIC METALS CORP.
CMDB,2033535,Costamare Bulkers Holdings Ltd
CTRN,1318484,Citi Trends Inc
LOGC,2064307,ContextLogic Holdings Inc.
GBFH,1791145,GBank Financial Holdings Inc.
NEXN,1849396,Nexxen International Ltd.
MYN,882150,"BLACKROCK MUNIYIELD NEW YORK QUALITY FUND, INC."
BRBI,2058601,BRBI BR Partners S.A.
ZUMZ,1318008,Zumiez Inc
LAB,1162194,STANDARD BIOTOOLS INC.
SOR,91847,SOURCE CAPITAL /DE/
BNTC,1808898,Benitec Biopharma Inc.
UP,1819516,Wheels Up Experience Inc.
GNE,1528356,Genie Energy Ltd.
BRBS,842717,"BLUE RIDGE BANKSHARES, INC."
MNPR,1645469,Monopar Therapeutics
ALOV,2083989,"Aldabra 4 Liquidity Opportunity Vehicle, Inc."
LCTX,876343,"Lineage Cell Therapeutics, Inc."
KOPN,771266,KOPIN CORP
AKBA,1517022,"Akebia Therapeutics, Inc."
FCEL,886128,FUELCELL ENERGY INC
WILC,1030997,G WILLI FOOD INTERNATIONAL LTD
CLBR,2091024,Colombier Acquisition Corp. III
IBEX,1720420,IBEX Ltd
SHMD,1987240,SCHMID Group N.V.
NAGE,1386570,"Niagen Bioscience, Inc."
FVAV,1850733,Fortress Value Acquisition Corp. V
MEC,1766368,"Mayville Engineering Company, Inc."
CLMB,945983,"Climb Global Solutions, Inc."
OIM,2088325,OneIM Acquisition Corp.
FCRS,2074697,FutureCrest Acquisition Corp.
RBB,1499422,RBB Bancorp
XNET,1510593,Xunlei Ltd
FVRR,1762301,Fiverr International Ltd.
CAEP,2034268,"Cantor Equity Partners III, Inc."
CRLBF,1832928,Cresco Labs Inc.
CION,1534254,CION Investment Corp
WNC,879526,WABASH NATIONAL Corp
SDHI,2034037,Siddhi Acquisition Corp (Cayman Islands)
ALUB,2041493,Alussa Energy Acquisition Corp. II
DMAC,1401040,DiaMedica Therapeutics Inc.
SIGA,1010086,SIGA TECHNOLOGIES INC
AVBC,2058758,"Avidia Bancorp, Inc."
BBCP,1703956,"Concrete Pumping Holdings, Inc."
CCII,2064683,Cohen Circle Acquisition Corp. II
TACH,2009183,Titan Acquisition Corp.
SOPH,1840706,SOPHiA GENETICS SA
GLSI,1799788,"Greenwich LifeSciences, Inc."
HLLY,1822928,Holley Inc.
VMD,1729149,"VIEMED HEALTHCARE, INC."
SNDL,1766600,SNDL Inc.
GIG,2023730,GigCapital7 Corp.
APPS,317788,"Digital Turbine, Inc."
LTBR,1084554,LIGHTBRIDGE Corp
FOF,1375340,"Cohen & Steers Closed-End Opportunity Fund, Inc."
CGCT,2049662,Cartesian Growth Corp III
SAR,1377936,SARATOGA INVESTMENT CORP.
CADL,1841387,"Candel Therapeutics, Inc."
AUTL,1730463,Autolus Therapeutics plc
INRE,1528985,"Inland Real Estate Income Trust, Inc."
DMAA,2028614,Drugs Made In America Acquisition Corp.
RNLXY,1811115,Renalytix plc
IPCX,2012318,Inflection Point Acquisition Corp. III
MCFT,1638290,"MasterCraft Boat Holdings, Inc."
GASS,1328919,StealthGas Inc.
KCHV,2053799,Kochav Defense Acquisition Corp.
PKOH,76282,PARK OHIO HOLDINGS CORP
HIX,1058239,WESTERN ASSET HIGH INCOME FUND II INC.
ENTA,1177648,ENANTA PHARMACEUTICALS INC
PAII,2069238,Pyrophyte Acquisition Corp. II
ALIT,1809104,"Alight, Inc. / Delaware"
TROO,1412095,"Troops, Inc. /Cayman Islands/"
WEAV,1609151,"Weave Communications, Inc."
FVR,1988494,"FrontView REIT, Inc."
SOUL,2025608,Soulpower Acquisition Corp.
ELLO,946394,Ellomay Capital Ltd.
EDD,1388141,"Morgan Stanley Emerging Markets Domestic Debt Fund, Inc."
XOMA,791908,XOMA Royalty Corp
VACH,2006815,Voyager Acquisition Corp./Cayman Islands
OTGA,2077010,OTG Acquisition Corp. I
XFOR,1501697,"X4 Pharmaceuticals, Inc"
ONTF,1110611,ON24 INC.
QUAD,1481792,"Quad/Graphics, Inc."
KTF,839533,DWS MUNICIPAL INCOME TRUST
BDCI,2042292,BTC Development Corp.
EU,1500881,enCore Energy Corp.
KNOP,1564180,KNOT Offshore Partners LP
NMG,1649752,Nouveau Monde Graphite Inc.
NKLR,2067627,Terra Innovatum Global N.V.
PBFS,1769663,"Pioneer Bancorp, Inc./MD"
OYSE,2042182,Oyster Enterprises II Acquisition Corp
CBK,1981546,"Commercial Bancgroup, Inc."
NUS,1021561,"NU SKIN ENTERPRISES, INC."
BLZR,2075310,Trailblazer Acquisition Corp.
HIO,910068,WESTERN ASSET HIGH INCOME OPPORTUNITY FUND INC.
AXIN,2057030,Axiom Intelligence Acquisition Corp 1
JGH,1615905,Nuveen Global High Income Fund
BKT,832327,"BLACKROCK INCOME TRUST, INC."
SBXE,2081909,SilverBox Corp V
MIY,890393,"BLACKROCK MUNIYIELD MICHIGAN QUALITY FUND, INC."
NAN,1074769,NUVEEN NEW YORK QUALITY MUNICIPAL INCOME FUND
ISBA,842517,ISABELLA BANK CORP
RXT,1810019,"Rackspace Technology, Inc."
HELE,916789,HELEN OF TROY LTD
FMAO,792966,FARMERS & MERCHANTS BANCORP INC
SORN,2086263,Soren Acquisition Corp.
PLBC,1168455,PLUMAS BANCORP
DSAC,2082149,Daedalus Special Acquisition Corp.
SCD,1270131,LMP CAPITAL & INCOME FUND INC.
HCMA,2069856,HCM III ACQUISITION CORP.
BKRRF,1699906,BLACKROCK SILVER CORP.
UNTC,798949,UNIT CORP
HVT,216085,HAVERTY FURNITURE COMPANIES INC
CERS,1020214,CERUS CORP
NCV,1214935,Virtus Convertible & Income Fund
WSBF,1569994,"Waterstone Financial, Inc."
USCB,1901637,"USCB FINANCIAL HOLDINGS, INC."
IMRX,1790340,Immuneering Corp
CEPT,2034269,"Cantor Equity Partners II, Inc."
STRT,933034,STRATTEC SECURITY CORP
VALU,717720,VALUE LINE INC
HYAC,1970509,Haymaker Acquisition Corp. 4
INV,2001557,"Innventure, Inc."
CYDY,1175680,CytoDyn Inc.
PKBK,1315399,"PARKE BANCORP, INC."
KROS,1664710,"Keros Therapeutics, Inc."
PHOE,2035709,Phoenix Asia Holdings Ltd
RLGT,1171155,"RADIANT LOGISTICS, INC"
ALTO,778164,"Alto Ingredients, Inc."
BLUW,2050501,Blue Water Acquisition Corp. III
AWP,1390195,abrdn Global Premier Properties Fund
SCGX,1277575,SAXON CAPITAL GROUP INC
VELO,1825079,"Velo3D, Inc."
PPT,827773,PUTNAM PREMIER INCOME TRUST
VOXR,1907909,VOX ROYALTY CORP.
GETY,1898496,"Getty Images Holdings, Inc."
DBP,1383057,Invesco DB Precious Metals Fund
BEAG,1852207,Bold Eagle Acquisition Corp.
AVNW,1377789,"AVIAT NETWORKS, INC."
HPF,1189740,JOHN HANCOCK PREFERRED INCOME FUND II
LXFR,1096056,LUXFER HOLDINGS PLC
NECB,1847398,"NorthEast Community Bancorp, Inc./MD/"
JRI,1539337,Nuveen Real Asset Income & Growth Fund
CUB,2015955,Lionheart Holdings
HYLN,1759631,Hyliion Holdings Corp.
SIMA,2014982,SIM Acquisition Corp. I
PSBD,1794776,Palmer Square Capital BDC Inc.
NWBO,1072379,NORTHWEST BIOTHERAPEUTICS INC
CLLS,1627281,Cellectis S.A.
SPT,1517375,"Sprout Social, Inc."
MLAC,2029492,Mountain Lake Acquisition Corp.
UTKN,1919182,Universal Token
TLS,320121,TELOS CORP
FUFU,1921158,Bitfufu Inc.
PEPG,1835597,PepGen Inc.
BTQ,1821866,BTQ Technologies Corp.
NVEC,724910,NVE CORP /NEW/
FRST,1325670,Primis Financial Corp.
MTRX,866273,MATRIX SERVICE CO
MVBF,1277902,MVB FINANCIAL CORP
BBBY,1130713,"BED BATH & BEYOND, INC."
NGNE,1404644,Neurogene Inc.
ARTNA,863110,ARTESIAN RESOURCES CORP
HCKT,1057379,"HACKETT GROUP, INC."
REI,1384195,"RING ENERGY, INC."
FBRX,1419041,"Forte Biosciences, Inc."
VFF,1584549,"Village Farms International, Inc."
FERA,2025401,Fifth Era Acquisition Corp I
MAGN,41719,Magnera Corp
NEWT,1587987,"NewtekOne, Inc."
CEPV,2034266,"Cantor Equity Partners V, Inc."
OBA,2034313,Oxley Bridge Acquisition Ltd
ARMP,921114,"Armata Pharmaceuticals, Inc."
BGT,1287480,BLACKROCK FLOATING RATE INCOME TRUST
PACH,2040381,Pioneer Acquisition I Corp
IRD,1228627,"Opus Genetics, Inc."
BCML,1730984,BayCom Corp
DRDB,2032528,Roman DBDR Acquisition Corp. II
SZZL,2030663,Sizzle Acquisition Corp. II
NXG,1506488,NXG NextGen Infrastructure Income Fund
CCRN,1141103,CROSS COUNTRY HEALTHCARE INC
TYGO,1855447,"TIGO ENERGY, INC."
CVEO,1590584,Civeo Corp
OVID,1636651,Ovid Therapeutics Inc.
NLCP,1854964,"NewLake Capital Partners, Inc."
EVOX,2077954,Evolution Global Acquisition Corp
PBYI,1401667,"PUMA BIOTECHNOLOGY, INC."
ONIT,873860,ONITY GROUP INC.
NWFL,1013272,NORWOOD FINANCIAL CORP
TOYO,1985273,"TOYO Co., Ltd"
CBIO,1253689,"CRESCENT BIOPHARMA, INC."
HFRO,1710680,HIGHLAND OPPORTUNITIES & INCOME FUND
DCTH,872912,"DELCATH SYSTEMS, INC."
PMTR,2061473,Perimeter Acquisition Corp. I
KOYN,2068454,"CSLM Digital Asset Acquisition Corp III, Ltd"
WEYS,106532,WEYCO GROUP INC
PLTS,2053033,Platinum Analytics Cayman Ltd
PCB,1423869,PCB BANCORP
STEX,1530766,Streamex Corp.
EWCZ,1856236,"European Wax Center, Inc."
WRLGF,1733968,West Red Lake Gold Mines Ltd.
RM,1519401,Regional Management Corp.
INR,2029118,"INFINITY NATURAL RESOURCES, INC."
NTPIF,829365,NAM TAI PROPERTY INC.
ALDF,2031561,Aldel Financial II Inc.
ALLT,1365767,Allot Ltd.
ECX,1861974,ECARX Holdings Inc.
USNA,896264,USANA HEALTH SCIENCES INC
HNST,1530979,"Honest Company, Inc."
POLE,2025341,Andretti Acquisition Corp. II
BCYC,1761612,BICYCLE THERAPEUTICS PLC
FNLC,765207,"First Bancorp, Inc /ME/"
VCIC,2025396,Vine Hill Capital Investment Corp.
ANGI,1705110,Angi Inc.
FBYD,1937987,"Falcon's Beyond Global, Inc."
BNED,1634117,"Barnes & Noble Education, Inc."
AERG,879911,"APPLIED ENERGETICS, INC."
SAC,2082844,Safeguard Acquisition Corp.
SVAC,2074850,Spring Valley Acquisition Corp. III
ANNA,1845123,"AleAnna, Inc."
LNKB,1756701,"LINKBANCORP, Inc."
ZTR,836412,Virtus Total Return Fund Inc.
DSX,1318885,DIANA SHIPPING INC.
JACS,2039058,Jackson Acquisition Co II
TVA,2033991,Texas Ventures Acquisition III Corp
VACI,2080023,Viking Acquisition Corp I
BYND,1655210,"BEYOND MEAT, INC."
NGEN,1751912,NERVGEN PHARMA CORP.
TSBK,1046050,TIMBERLAND BANCORP INC
NREF,1786248,"NexPoint Real Estate Finance, Inc."
YSG,1819580,Yatsen Holding Ltd
MKLY,2067592,McKinley Acquisition Corp
ORGO,1661181,Organogenesis Holdings Inc.
AEAQ,2083689,Activate Energy Acquisition Corp.
OEC,1609804,Orion S.A.
TOI,1799191,"Oncology Institute, Inc."
XWIN,1473334,XMax Inc.
MLP,63330,MAUI LAND & PINEAPPLE CO INC
ATII,2028516,Archimedes Tech SPAC Partners II Co.
EFR,1258623,Eaton Vance Senior Floating-Rate Trust
GLAI,1473490,"Global AI, Inc."
SSP,832428,E.W. SCRIPPS Co
CMII,2088805,Columbus Circle Capital Corp II
LPAA,2015502,Launch One Acquisition Corp.
GRAF,1897463,Graf Global Corp.
LWAC,2061379,LightWave Acquisition Corp.
RAC,2047497,Rithm Acquisition Corp.
API,1802883,"Agora, Inc."
RFMZ,1817159,"RiverNorth Flexible Municipal Income Fund II, Inc."
MTLS,1091223,MATERIALISE NV
TCPC,1370755,BlackRock TCP Capital Corp.
AVBH,1443575,"Avidbank Holdings, Inc."
LPBB,2023676,Launch Two Acquisition Corp.
GTE,1273441,GRAN TIERRA ENERGY INC.
ZJYL,1837821,Jin Medical International Ltd.
ALCO,3545,"ALICO, INC."
VHCP,2086264,Vine Hill Capital Investment Corp. II
RIV,1501072,"RIVERNORTH OPPORTUNITIES FUND, INC."
OTLY,1843586,Oatly Group AB
PACK,1712463,Ranpak Holdings Corp.
ITHA,2080985,ITHAX Acquisition Corp III
BKTI,2186,BK Technologies Corp
AMRN,897448,AMARIN CORP PLCUK
ASG,786035,LIBERTY ALL STAR GROWTH FUND INC.
DDD,910638,3D SYSTEMS CORP
CMTG,1666291,"Claros Mortgage Trust, Inc."
EFTY,2058349,"ETOILES CAPITAL GROUP CO., LTD"
BIXI,2082542,Bitcoin Infrastructure Acquisition Corp Ltd
AFB,1162027,ALLIANCEBERNSTEIN NATIONAL MUNICIPAL INCOME FUND
SMRT,1837014,"SmartRent, Inc."
PDYN,1826681,Palladyne AI Corp.
SI,1699350,"SHOULDER INNOVATIONS, INC."
NCMI,1377630,"National CineMedia, Inc."
PINE,1786117,"Alpine Income Property Trust, Inc."
OFLX,1317945,"Omega Flex, Inc."
JOF,859796,JAPAN SMALLER CAPITALIZATION FUND INC
CRNC,1768267,Cerence Inc.
CAN,1780652,Canaan Inc.
PNNT,1383414,PENNANTPARK INVESTMENT CORP
AIRO,1927958,"AIRO Group Holdings, Inc."
ARTC,2086545,Art Technology Acquisition Corp.
PALI,1357459,"PALISADE BIO, INC."
TCI,733590,TRANSCONTINENTAL REALTY INVESTORS INC
LOKV,2048951,Live Oak Acquisition Corp. V
AMCX,1514991,AMC Networks Inc.
RCKY,895456,"ROCKY BRANDS, INC."
AEF,846676,"abrdn Emerging Markets ex-China Fund, Inc."
AGCC,2060016,Agencia Comercial Spirits Ltd.
ASLE,1754170,AerSale Corp
JENA,2060337,JENA ACQUISITION Corp II
SVC,945394,Service Properties Trust
KELYA,55135,KELLY SERVICES INC
HVMC,2070602,Highview Merger Corp.
NCA,818851,NUVEEN CALIFORNIA MUNICIPAL VALUE FUND
XPOF,1802156,"Xponential Fitness, Inc."
ANVI,1570132,"ANVI GLOBAL HOLDINGS, INC."
EVI,65312,"EVI INDUSTRIES, INC."
GSRF,2072404,GSR IV Acquisition Corp.
FSBW,1530249,"FS Bancorp, Inc."
SVAQ,2085659,Silicon Valley Acquisition Corp.
MBI,814585,MBIA INC
CGDXF,1479480,XALI GOLD CORP.
NBH,1178839,NEUBERGER MUNICIPAL FUND INC.
SPXX,1338561,Nuveen S&P 500 Dynamic Overwrite Fund
AZ,1866030,A2Z CUST2MATE SOLUTIONS CORP.
GTERA,2043766,Globa Terra Acquisition Corp
CNTX,1842952,Context Therapeutics Inc.
ACIU,1651625,AC Immune SA
BIOT,2072188,Relativity Holdings Inc.
RMNI,1635282,"Rimini Street, Inc."
CZFS,739421,CITIZENS FINANCIAL SERVICES INC
FSTR,352825,FOSTER L B CO
MXF,65433,MEXICO FUND INC
GPAC,2085408,General Purpose Acquisition Corp.
FJET,1947016,"Starfighters Space, Inc."
RFI,891290,COHEN & STEERS TOTAL RETURN REALTY FUND INC
GSVRF,865400,GUANAJUATO SILVER CO LTD
ARDC,1515324,"Ares Dynamic Credit Allocation Fund, Inc."
NBP,1778016,NovaBridge Biosciences
SY,1758530,So-Young International Inc.
HCAC,2079013,Hall Chadwick Acquisition Corp
IRHO,2051985,Iron Horse Acquisition II Corp.
TEI,909112,TEMPLETON EMERGING MARKETS INCOME FUND
CTGO,1502377,"Contango ORE, Inc."
ATGL,1967621,Alpha Technology Group Ltd
EOLS,1570562,"Evolus, Inc."
DSM,855887,"BNY MELLON STRATEGIC MUNICIPAL BOND FUND, INC."
IONR,1896084,ioneer Ltd
UCFI,1901203,CN Healthy Food Tech Group Corp.
EVC,1109116,ENTRAVISION COMMUNICATIONS CORP
COSO,1297107,"CoastalSouth Bancshares, Inc."
NHIC,2043699,NewHold Investment Corp. III
EVTL,1867102,Vertical Aerospace Ltd.
CAF,1368493,"Morgan Stanley China A Share Fund, Inc."
GLATF,1716410,Global Atomic Corp
AGD,1362481,abrdn Global Dynamic Dividend Fund
JRVR,1620459,"James River Group Holdings, Inc."
KFS,1072627,KINGSWAY FINANCIAL SERVICES INC
AACB,2034334,Artius II Acquisition Inc.
FGII,2090452,FG Imperii Acquisition Corp.
GCO,18498,GENESCO INC
NPCT,1835068,Nuveen Core Plus Impact Fund
JMSB,1710482,"John Marshall Bancorp, Inc."
PMO,900422,PUTNAM MUNICIPAL OPPORTUNITIES TRUST
CIX,1049606,COMPX INTERNATIONAL INC
BACC,2059654,Blue Acquisition Corp/Cayman
EFT,1288992,Eaton Vance Floating-Rate Income Trust
LPCV,2083728,Launchpad Cadenza Acquisition Corp I
ADAC,2083002,American Drive Acquisition Co
SITC,894315,SITE Centers Corp.
EM,1834253,Smart Share Global Ltd
LEGT,2002038,Legato Merger Corp. III
DBL,1525201,DoubleLine Opportunistic Credit Fund
LENZ,1815776,"LENZ Therapeutics, Inc."
IRAB,2077785,Iris Acquisition Corp II
OPTX,1866816,"SYNTEC OPTICS HOLDINGS, INC."
BRW,826020,Saba Capital Income & Opportunities Fund
NL,72162,NL INDUSTRIES INC
SHIP,1448397,Seanergy Maritime Holdings Corp.
OIA,835333,Invesco Municipal Income Opportunities Trust
FHTX,1822462,Foghorn Therapeutics Inc.
TDRRF,1921050,Tudor Gold Corp.
VGZ,783324,VISTA GOLD CORP
CLPT,1285550,"ClearPoint Neuro, Inc."
JFIN,1743102,Jiayin Group Inc.
MIN,826735,MFS INTERMEDIATE INCOME TRUST
CD,1527762,Chaince Digital Holdings Inc.
SENS,1616543,"Senseonics Holdings, Inc."
XCBE,2083493,X3 Acquisition Corp. Ltd.
LVWR,1898795,"LiveWire Group, Inc."
TVAI,1872228,Thayer Ventures Acquisition Corp II
JWSMF,1831359,Jaws Mustang Acquisition Corp
APAD,1956439,AParadise Acquisition Corp.
MMD,1518557,NYLI MacKay DefinedTerm Muni Opportunities Fund
FUND,825202,SPROTT FOCUS TRUST INC.
LWAY,814586,"Lifeway Foods, Inc."
TWFG,2007596,"TWFG, Inc."
BGH,1521404,BARINGS GLOBAL SHORT DURATION HIGH YIELD FUND
PEVM,1879848,PHOENIX MOTOR INC.
CARL,1794546,"CARLSMED, INC."
TII,1791703,Titan Mining Corp
FVCB,1675644,"FVCBankcorp, Inc."
OBIO,1814114,"Orchestra BioMed Holdings, Inc."
SBXD,2015947,SilverBox Corp IV
XSLL,2088807,Xsolla SPAC 1
SABS,1833214,"SAB Biotherapeutics, Inc."
CNCK,1913847,Coincheck Group N.V.
TMTS,2097364,Spartacus Acquisition Corp. II
TARA,1359931,"Protara Therapeutics, Inc."
GGAZF,1515964,Goldgroup Mining Inc.
ASPN,1145986,ASPEN AEROGELS INC
ESOA,1357971,Energy Services of America CORP
NODK,1681206,"NI Holdings, Inc."
NUAI,2028336,"New ERA Energy & Digital, Inc."
AMPY,1533924,Amplify Energy Corp.
CPZ,1717457,Calamos Long/Short Equity & Dynamic Income Trust
BLFY,1846017,Blue Foundry Bancorp
RMM,1771226,"RiverNorth Managed Duration Municipal Income Fund, Inc."
HVII,1846416,Hennessy Capital Investment Corp. VII
TTGT,2018064,"TechTarget, Inc."
LZM,1958217,Lifezone Metals Ltd
ZH,1835724,Zhihu Inc.
TG,850429,TREDEGAR CORP
ALXO,1810182,ALX ONCOLOGY HOLDINGS INC
OVLY,1431567,Oak Valley Bancorp
CEPO,2027708,"Cantor Equity Partners I, Inc."
FCCO,932781,FIRST COMMUNITY CORP /SC/
AREC,1590715,American Resources Corp
EOT,1454741,Eaton Vance National Municipal Opportunities Trust
SCM,1551901,Stellus Capital Investment Corp
DNMX,2081125,Dynamix Corp III
TDF,919893,TEMPLETON DRAGON FUND INC
ACCO,712034,ACCO BRANDS Corp
BGIN,1945565,BGIN BLOCKCHAIN Ltd
WNEB,1157647,"Western New England Bancorp, Inc."
BRT,14846,BRT Apartments Corp.
RMR,1644378,RMR GROUP INC.
ACRE,1529377,Ares Commercial Real Estate Corp
MPX,1129155,MARINE PRODUCTS CORP
CHAC,2054174,Crane Harbor Acquisition Corp.
HDSN,925528,HUDSON TECHNOLOGIES INC /NY
OACC,2029769,Oaktree Acquisition Corp. III Life Sciences
SEG,2009684,Seaport Entertainment Group Inc.
CFAC,2077877,Creative Future Acquisition Corp
TSNDF,1778129,TerrAscend Corp.
XPER,1788999,Xperi Inc.
NERV,1598646,"Minerva Neurosciences, Inc."
DBI,1319947,Designer Brands Inc.
ENLV,1596812,Enlivex Ltd.
CHMG,763563,CHEMUNG FINANCIAL CORP
DVS,1542028,DOLLY VARDEN SILVER CORP
EMF,809708,TEMPLETON EMERGING MARKETS FUND
PMM,844790,PUTNAM MANAGED MUNICIPAL INCOME TRUST
CTEV,1793229,Claritev Corp
NCZ,1227857,Virtus Convertible & Income Fund II
ADV,1776661,Advantage Solutions Inc.
ARL,1102238,AMERICAN REALTY INVESTORS INC
RXST,1111485,"RxSight, Inc."
ACV,1636289,Virtus Diversified Income & Convertible Fund
RZLT,1509261,"Rezolute, Inc."
AFRI,1903870,Forafric Global PLC
MLAA,2094265,Mountain Lake Acquisition Corp. II
CABA,1759138,"Cabaletta Bio, Inc."
KLC,1873529,"KinderCare Learning Companies, Inc."
BRCB,2068577,"Black Rock Coffee Bar, Inc."
PLMK,2030482,"Plum Acquisition Corp, IV"
CHRS,1512762,"Coherus Oncology, Inc."
FACT,2028935,FACT II Acquisition Corp.
BKKT,1820302,"Bakkt, Inc."
RWAY,1653384,Runway Growth Finance Corp.
BUUU,2047273,BUUU Group Ltd
NTWO,2028027,Newbury Street II Acquisition Corp
KUBR,1081834,Kuber Resources Corp
NUW,1450445,Nuveen AMT-Free Municipal Value Fund
REFI,1867949,"Chicago Atlantic Real Estate Finance, Inc."
RCS,916183,"PIMCO STRATEGIC INCOME FUND, INC."
RDNW,1596961,"RideNow Group, Inc."
FDBC,1098151,FIDELITY D & D BANCORP INC
VNME,2055879,Vendome Acquisition Corp I
EVH,1628908,"Evolent Health, Inc."
FLYX,1843973,FLYEXCLUSIVE INC.
SSSS,1509470,SURO CAPITAL CORP.
FCT,1282850,FIRST TRUST SENIOR FLOATING RATE INCOME FUND II
LAW,1625641,"CS Disco, Inc."
ERC,1227073,ALLSPRING MULTI-SECTOR INCOME FUND
RC,1527590,Ready Capital Corp
MCR,851170,MFS CHARTER INCOME TRUST
ESCA,33488,ESCALADE INC
SCII,2076739,SC II Acquisition Corp.
ZY,2025180,China Tobacco & Alcohol Group Ltd
JCE,1385763,Nuveen Core Equity Alpha Fund
KRYXF,1318596,KORYX COPPER INC.
AVTX,1534120,"Avalo Therapeutics, Inc."
ATLN,1605888,ATLANTIC INTERNATIONAL CORP.
SVRSF,1682056,Silver Storm Mining Ltd.
BUKS,15847,BUTLER NATIONAL CORP
MMT,809173,MFS MULTIMARKET INCOME TRUST
EOD,1386067,ALLSPRING GLOBAL DIVIDEND OPPORTUNITY FUND
TAYD,96536,"TAYLOR DEVICES, INC."
EIC,1754836,Eagle Point Income Co Inc.
CCCC,1662579,"C4 Therapeutics, Inc."
SLN,1479615,Silence Therapeutics plc
RILY,1464790,"BRC Group Holdings, Inc."
ABEO,318306,ABEONA THERAPEUTICS INC.
EGHT,1023731,8X8 INC /DE/
ATLO,1132651,AMES NATIONAL CORP
FLXS,37472,FLEXSTEEL INDUSTRIES INC
COPL,2045473,Copley Acquisition Corp
PPIH,914122,"Perma-Pipe International Holdings, Inc."
FNRN,1114927,FIRST NORTHERN COMMUNITY BANCORP
RAAQ,2052161,Real Asset Acquisition Corp.
GLDG,1538847,GoldMining Inc.
RPAY,1720592,Repay Holdings Corp
LMNR,1342423,Limoneira CO
DEFT,1888274,"Defi Technologies, Inc."
OABI,1846253,"OmniAb, Inc."
GDEV,1848739,GDEV Inc.
DBB,1383084,INVESCO DB BASE METALS FUND
HBB,1709164,Hamilton Beach Brands Holding Co
PCYO,276720,PURE CYCLE CORP
WHGOF,1423867,White Gold Corp.
AUDC,1086434,AUDIOCODES LTD
CFFI,913341,C & F FINANCIAL CORP
DAVA,1656081,Endava plc
SNFCA,318673,SECURITY NATIONAL FINANCIAL CORP
XFLT,1703079,XAI Octagon Floating Rate & Alternative Income Trust
SJT,319655,SAN JUAN BASIN ROYALTY TRUST
RLTY,1866874,Cohen & Steers Real Estate Opportunities & Income Fund
VERI,1615165,"Veritone, Inc."
CBNA,1392272,CHAIN BRIDGE BANCORP INC
PTNM,2046573,Pitanium Ltd
FXNC,719402,FIRST NATIONAL CORP /VA/
FUNC,763907,FIRST UNITED CORP/MD/
TLSI,1826667,"TriSalus Life Sciences, Inc."
MCGA,2064658,Yorkville Acquisition Corp.
GRRR,1903145,Gorilla Technology Group Inc.
SSAC,2081300,SPACSphere Acquisition Corp.
GLO,1350869,Clough Global Opportunities Fund
SOCA,2065948,Solarius Capital Acquisition Corp.
SITKF,1747657,Sitka Gold Corp.
VTIX,1606242,Virtuix Holdings Inc.
MYFW,1327607,First Western Financial Inc
FOSL,883569,"Fossil Group, Inc."
ORBS,1892492,Eightco Holdings Inc.
LTRX,1114925,LANTRONIX INC
GMTL,2039972,Guardian Metal Resources PLC
CAMP,1736730,Camp4 Therapeutics Corp
IGAC,2075068,Invest Green Acquisition Corp
USAU,27093,U.S. GOLD CORP.
SDSYA,1163609,SOUTH DAKOTA SOYBEAN PROCESSORS LLC
SMWB,1842731,SIMILARWEB LTD.
FTF,1233087,FRANKLIN LTD DURATION INCOME TRUST
MITT,1514281,"TPG Mortgage Investment Trust, Inc."
DAAQ,2052162,Digital Asset Acquisition Corp.
ALMU,1828805,"Aeluma, Inc."
STRS,885508,STRATUS PROPERTIES INC
POWW,1015383,Outdoor Holding Co
JILL,1687932,"J.Jill, Inc."
MASS,1555279,908 Devices Inc.
NVA,1852551,Nova Minerals Ltd
BPRN,1913971,"Princeton Bancorp, Inc."
TDWD,2076616,Tailwind 2.0 Acquisition Corp.
NIU,1744781,Niu Technologies
MUZE,2093484,Muzero Acquisition Corp
SPOK,1289945,"Spok Holdings, Inc"
VYGR,1640266,"Voyager Therapeutics, Inc."
SLP,1023459,"Simulations Plus, Inc."
PSF,1498612,"Cohen & Steers Select Preferred & Income Fund, Inc."
MACI,2016221,Melar Acquisition Corp. I/Cayman
ALEC,1653087,"Alector, Inc."
JAKK,1009829,JAKKS PACIFIC INC
NKSH,796534,NATIONAL BANKSHARES INC
TDAC,1926599,Translational Development Acquisition Corp.
TWLV,2052243,Twelve Seas Investment Co III/Cayman
ETHM,2028699,Dynamix Corp
TBCH,1493761,Turtle Beach Corp
ELDN,1404281,"Eledon Pharmaceuticals, Inc."
ASUR,884144,ASURE SOFTWARE INC
CCFN,731122,MUNCY COLUMBIA FINANCIAL Corp
DERM,1867066,Journey Medical Corp
DPRO,1786286,Draganfly Inc.
EGAN,1066194,EGAIN Corp
DYOR,2079292,Insight Digital Partners II
TWIN,100378,TWIN DISC INC
CLW,1441236,Clearwater Paper Corp
CIA,24090,"CITIZENS, INC."
TENX,34956,"TENAX THERAPEUTICS, INC."
BLRK,2081532,Bluerock Acquisition Corp.
SABA,828803,Saba Capital Income & Opportunities Fund II
LCNB,1074902,LCNB CORP
BIII,2087087,Black Spade Acquisition III Co
LNZA,1843724,"LanzaTech Global, Inc."
SVCC,2033593,Stellar V Capital Corp. (Cayman Islands)
MAGH,2046117,Magnitude International Ltd
HELP,1833141,CYBIN INC.
FRAF,723646,FRANKLIN FINANCIAL SERVICES CORP /PA/
HWBK,893847,"HAWTHORN BANCSHARES, INC."
MRBK,1750735,Meridian Corp
TSI,809559,TCW STRATEGIC INCOME FUND INC
CFNB,803016,CALIFORNIA FIRST LEASING CORP
CVRX,1235912,"CVRx, Inc."
AMBR,1697818,Amber International Holding Ltd
RGCO,1069533,RGC RESOURCES INC
OSS,1394056,"ONE STOP SYSTEMS, INC."
APN,2085795,APEIRON ACQUISITION VEHICLE I
TBRG,1169445,"TruBridge, Inc."
SLGL,1684693,Sol-Gel Technologies Ltd.
LIEN,1843162,"Chicago Atlantic BDC, Inc."
SMDRF,1939801,SIERRA MADRE GOLD & SILVER LTD.
HLXC,2099656,Helix Acquisition Corp. III
LANV,1922097,Lanvin Group Holdings Ltd
SKYX,1598981,SKYX Platforms Corp.
EDIT,1650664,"Editas Medicine, Inc."
LGI,1278211,LAZARD GLOBAL TOTAL RETURN & INCOME FUND INC
FXE,1328598,Invesco CurrencyShares Euro Trust
ONCH,2054272,1RT Acquisition Corp.
MAMK,2008007,MaxsMaking Inc.
NUCL,2089283,Eagle Nuclear Energy Corp.
PSRHF,1991413,Pulsar Helium Inc.
SVCO,1943289,"Silvaco Group, Inc."
OSG,874501,OCTAVE SPECIALTY GROUP INC
DUOT,1396536,"DUOS TECHNOLOGIES GROUP, INC."
GENC,64472,GENCOR INDUSTRIES INC
ZEPP,1720446,Zepp Health Corp
MFM,801961,MFS MUNICIPAL INCOME TRUST
BNAI,1838163,Brand Engagement Network Inc.
CRAC,2070887,Crown Reserve Acquisition Corp. I
GIX,2098712,GigCapital9 Corp.
NPV,897421,NUVEEN VIRGINIA QUALITY MUNICIPAL INCOME FUND
GSIT,1126741,GSI TECHNOLOGY INC
RICK,935419,"RCI HOSPITALITY HOLDINGS, INC."
CMCM,1597835,Cheetah Mobile Inc.
BNR,1792267,Burning Rock Biotech Ltd
PED,1141197,PEDEVCO CORP
WEWA,1616156,"WEWARDS, INC."
KINS,33992,"KINGSTONE COMPANIES, INC."
EXOD,1821534,"Exodus Movement, Inc."
MRAM,1438423,EVERSPIN TECHNOLOGIES INC.
MVIS,65770,"MICROVISION, INC."
FINW,1856365,Finwise Bancorp
SRZN,1824893,"Surrozen, Inc./DE"
NLOP,1952976,Net Lease Office Properties
BLZE,1462056,"Backblaze, Inc."
MDWD,1593984,MediWound Ltd.
NEN,746514,NEW ENGLAND REALTY ASSOCIATES LIMITED PARTNERSHIP
ARQQ,1859690,Arqit Quantum Inc.
GWRS,1434728,"Global Water Resources, Inc."
MPAA,918251,MOTORCAR PARTS OF AMERICA INC
NXDT,1356115,NEXPOINT DIVERSIFIED REAL ESTATE TRUST
MINE,1823255,MAYFAIR GOLD CORP.
SRV,1400897,NXG Cushing Midstream Energy Fund
GSHR,2044635,Gesher Acquisition Corp. II
OSUR,1116463,ORASURE TECHNOLOGIES INC
JRS,1158289,NUVEEN REAL ESTATE INCOME FUND
CMRC,1626450,"Commerce.com, Inc."
NVCT,1875558,"Nuvectis Pharma, Inc."
PEBK,1093672,PEOPLES BANCORP OF NORTH CAROLINA INC
IPOD,2041047,Dune Acquisition Corp II
VABK,1572334,Virginia National Bankshares Corp
AIRJ,1855474,AirJoule Technologies Corp.
EGHA,2052547,EGH Acquisition Corp.
PLG,1095052,PLATINUM GROUP METALS LTD
SGHT,1531177,"Sight Sciences, Inc."
CRNT,1119769,CERAGON NETWORKS LTD
AOMR,1766478,"Angel Oak Mortgage REIT, Inc."
PAYS,1496443,"Paysign, Inc."
MEI,65270,METHODE ELECTRONICS INC
HAVA,2042460,Harvard Ave Acquisition Corp
JACK,807882,JACK IN THE BOX INC
CMTV,718413,COMMUNITY BANCORP /VT
NFE,1749723,New Fortress Energy Inc.
ANIK,898437,"Anika Therapeutics, Inc."
TNXP,1430306,Tonix Pharmaceuticals Holding Corp.
FENC,1211583,FENNEC PHARMACEUTICALS INC.
SUGRF,1996493,Sucro Ltd
ELMD,1488917,"Electromed, Inc."
NHS,1487610,Neuberger High Yield Strategies Fund Inc.
BRR,2076163,"ProCap Financial, Inc."
RNA,2093101,"Atrium Therapeutics, Inc."
UTMD,706698,UTAH MEDICAL PRODUCTS INC
OPRT,1538716,Oportun Financial Corp
KRMD,704440,"KORU Medical Systems, Inc."
NRDY,1819404,Nerdy Inc.
ETX,1563696,Eaton Vance Municipal Income 2028 Term Trust
BYRN,1354866,Byrna Technologies Inc.
VUZI,1463972,Vuzix Corp
SWKH,1089907,SWK Holdings Corp
TSKFF,1803800,Talisker Resources Ltd.
OZ,1807046,"Belpointe PREP, LLC"
HRZN,1487428,Horizon Technology Finance Corp
HWAIF,1999124,Healwell AI Inc.
GPJA,41091,GEORGIA POWER CO
CXDO,1075736,"Crexendo, Inc."
PESI,891532,PERMA FIX ENVIRONMENTAL SERVICES INC
FLWS,1084869,1 800 FLOWERS COM INC
LODE,1120970,Comstock Inc.
FT,833040,FRANKLIN UNIVERSAL TRUST
IMMR,1058811,IMMERSION CORP
MFIN,1000209,MEDALLION FINANCIAL CORP
DIBS,1600641,"1stdibs.com, Inc."
SMHI,1690334,SEACOR Marine Holdings Inc.
HITI,1847409,High Tide Inc.
FBLA,2013639,"FB Bancorp, Inc. /MD/"
MPV,831655,BARINGS PARTICIPATION INVESTORS
KGEI,1477081,Kolibri Global Energy Inc.
KTWO,2086524,K2 Capital Acquisition Corp
BEBE,2079933,TGE Value Creative Solutions Corp
OVBC,894671,OHIO VALLEY BANC CORP
PLBY,1803914,"Playboy, Inc."
INFU,1337013,"InfuSystem Holdings, Inc"
STRZ,929351,STARZ ENTERTAINMENT CORP /CN/
FIGX,2059033,FIGX Capital Acquisition Corp.
OPBK,1722010,OP Bancorp
CGEN,1119774,COMPUGEN LTD
KF,748691,KOREA FUND INC
PRLD,1678660,Prelude Therapeutics Inc
AIRRF,1476573,Aurion Resources Ltd.
IIF,916618,"MORGAN STANLEY INDIA INVESTMENT FUND, INC."
LFAC,2084563,Leapfrog Acquisition Corp
DHY,1061353,CREDIT SUISSE HIGH YIELD CREDIT FUND
CNDT,1677703,CONDUENT Inc
ELTX,1601485,"Elicio Therapeutics, Inc."
IKT,1750149,"Inhibikase Therapeutics, Inc."
AIIA,2073553,AI Infrastructure Acquisition Corp.
BHLL,1407583,Bunker Hill Mining Corp.
KALA,1479419,"KALA BIO, Inc."
AMTX,738214,"AEMETIS, INC"
LZMH,1967397,LZ Technology Holdings Ltd
FLX,1858724,BingEx Ltd
FCCN,1131903,SPECTRAL CAPITAL Corp
WLAC,2032379,Willow Lane Acquisition Corp.
DMB,1565381,"BNY Mellon Municipal Bond Infrastructure Fund, Inc."
DBE,1383062,Invesco DB Energy Fund
CBUS,1705843,"Cibus, Inc."
OMSE,2012219,OMS Energy Technologies Inc.
CLIR,1434524,ClearSign Technologies Corp
NFTN,1544400,NFiniTi inc.
HGLB,1622148,HIGHLAND GLOBAL ALLOCATION FUND
BXSY,1059213,BEXIL INVESTMENT TRUST
ARCT,1768224,Arcturus Therapeutics Holdings Inc.
NAKA,1946573,Nakamoto Inc.
TPVG,1580345,TriplePoint Venture Growth BDC Corp.
INSG,1022652,INSEEGO CORP.
SCTH,1703157,"Securetech Innovations, Inc."
ACB,1683541,AURORA CANNABIS INC
III,1371489,Information Services Group Inc.
OPP,1678130,"RiverNorth/DoubleLine Strategic Opportunity Fund, Inc."
CZWI,1367859,Citizens Community Bancorp Inc.
INTT,1036262,INTEST CORP
IDE,1417802,"Voya Infrastructure, Industrials & Materials Fund"
TRVG,1683825,trivago N.V.
AIFU,1413855,AIFU Inc.
GAMG,55234,"Global Asset Management Group, Inc."
MPTI,1902314,"M-tron Industries, Inc."
CURR,1862935,Currenc Group Inc.
PROF,1628808,Profound Medical Corp.
SDA,1936804,SunCar Technology Group Inc.
LFMD,948320,"LifeMD, Inc."
WIA,1254370,WESTERN ASSET INFLATION-LINKED INCOME FUND
SEVN,1452477,Seven Hills Realty Trust
CMT,1026655,CORE MOLDING TECHNOLOGIES INC
ATOM,1420520,Atomera Inc
VPV,895528,Invesco Pennsylvania Value Municipal Income Trust
EPSN,1726126,Epsilon Energy Ltd.
PAL,1998768,"Proficient Auto Logistics, Inc"
OGI,1620737,ORGANIGRAM GLOBAL INC.
CURI,1776909,CuriosityStream Inc.
EFSI,880641,EAGLE FINANCIAL SERVICES INC
CFBK,1070680,CF BANKSHARES INC.
NCSM,1692427,"NCS Multistage Holdings, Inc."
QSI,1816431,Quantum-Si Inc
FNKO,1704711,"Funko, Inc."
XYF,1725033,X Financial
NTHI,1979414,"NEONC TECHNOLOGIES HOLDINGS, INC."
VENU,1770501,Venu Holding Corp
GALT,1133416,GALECTIN THERAPEUTICS INC
LEE,58361,"LEE ENTERPRISES, Inc"
EHI,1228509,WESTERN ASSET GLOBAL HIGH INCOME FUND INC.
HHLKF,1562823,Hot Chili Ltd
INBK,1562463,First Internet Bancorp
UBFO,1137547,UNITED SECURITY BANCSHARES
SND,1529628,"Smart Sand, Inc."
UTGN,832480,UTG INC
GRO,1472326,Brazil Potash Corp.
QTRX,1503274,Quanterix Corp
TGMPF,2025947,Tantalus Systems Holding Inc.
AGL,1831097,"agilon health, inc."
ALTG,1759824,ALTA EQUIPMENT GROUP INC.
ELME,104894,Elme Communities
EMP,66901,"ENTERGY MISSISSIPPI, LLC"
BHR,1574085,Braemar Hotels & Resorts Inc.
FOTB,1099668,"FIRST OTTAWA BANCSHARES, INC."
NEOV,1748137,NeoVolta Inc.
TCX,909494,TUCOWS INC /PA/
RDCM,1016838,RADCOM LTD
CURV,1792781,Torrid Holdings Inc.
NRO,1261166,NEUBERGER REAL ESTATE SECURITIES INCOME FUND INC
SPMC,1930147,"Sound Point Meridian Capital, Inc."
GORO,1160791,GOLD RESOURCE CORP
CRBU,1619856,"Caribou Biosciences, Inc."
AIRS,1870940,"Airsculpt Technologies, Inc."
CNTB,1835268,Connect Biopharma Holdings Ltd
PAMT,798287,PAMT CORP
STXS,1289340,"Stereotaxis, Inc."
FOA,1828937,Finance of America Companies Inc.
HTLM,2023153,HomesToLife Ltd
INSE,1615063,"Inspired Entertainment, Inc."
PTHRF,1621910,Pantheon Resources plc
CBFV,1605301,"CB Financial Services, Inc."
NUTR,2006468,NUSATRIP Inc
SPCE,1706946,"Virgin Galactic Holdings, Inc"
WW,105319,"WW INTERNATIONAL, INC."
KLTR,1432133,KALTURA INC
CHEC,2047177,Chenghe Acquisition III Co.
SLAMF,1838162,Slam Corp.
XRX,1770450,Xerox Holdings Corp
FLC,1245648,FLAHERTY & CRUMRINE TOTAL RETURN FUND INC
MGNX,1125345,MACROGENICS INC
HUMA,1818382,"Humacyte, Inc."
SNWV,1417663,"SANUWAVE Health, Inc."
ENJ,71508,"ENTERGY NEW ORLEANS, LLC"
KVHI,1007587,KVH INDUSTRIES INC \DE\
NXPGY,1455632,Mobico Group PLC/ADR
LAWR,2007599,"Robot Consulting Co., Ltd."
RBKB,1751783,"Rhinebeck Bancorp, Inc."
INGN,1294133,Inogen Inc
BVFL,1302387,"BV Financial, Inc."
ANTA,2044255,Antalpha Platform Holding Co
DHF,1057861,BNY MELLON HIGH YIELD STRATEGIES FUND
PNPNF,855950,POWER METALLIC MINES INC.
BATL,1282648,BATTALION OIL CORP
PERF,1899830,Perfect Corp.
ACU,2098,ACME UNITED CORP
CPSS,889609,"CONSUMER PORTFOLIO SERVICES, INC."
AGMRF,2022059,"Silver Mountain Resources, Inc."
MGN,1995075,Megan Holdings Ltd.
ALPS,2025774,Alps Group Inc
FC,886206,FRANKLIN COVEY CO
GDC,1641398,GD Culture Group Ltd
VBF,5094,Invesco Bond Fund
WHWK,1422142,"Whitehawk Therapeutics, Inc."
ADAG,1818838,Adagene Inc.
BCAC,2102072,Brookline Capital Acquisition Corp II
RANG,2035644,Range Capital Acquisition Corp.
CNTN,1861657,"Canton Strategic Holdings, Inc."
RELL,355948,"RICHARDSON ELECTRONICS, LTD."
TLSA,1723069,Tiziana Life Sciences Ltd
MBOT,883975,Microbot Medical Inc.
LOVE,1701758,Lovesac Co
TONX,1566610,TON Strategy Co
PONO,2108164,"Pono Capital Four, Inc."
ZIP,1617553,"ZIPRECRUITER, INC."
BSL,1486298,Blackstone Senior Floating Rate 2027 Term Fund
NNOX,1795251,Nano-X Imaging Ltd.
PLX,1006281,"Protalix BioTherapeutics, Inc."
LGCY,1836754,Legacy Education Inc.
FGFH,786298,FORESIGHT FINANCIAL GROUP INC
APYX,719135,Apyx Medical Corp
ALTS,862861,ALT5 Sigma Corp
GGT,921671,GABELLI MULTIMEDIA TRUST INC.
AFJK,1979005,"Aimei Health Technology Co., Ltd."
STLRF,1979408,STLLR Gold Inc.
GF,858706,NEW GERMANY FUND INC
PNBK,1098146,PATRIOT NATIONAL BANCORP INC
HERE,1932770,Here Group Ltd
BMBN,804563,BENCHMARK BANKSHARES INC
CHCI,1299969,"Comstock Holding Companies, Inc."
EARN,1560672,Ellington Credit Co
ASYS,720500,AMTECH SYSTEMS INC
TBXXF,1785476,King Copper Discovery Corp.
TNYA,1858848,"Tenaya Therapeutics, Inc."
NPT,2014337,Texxon Holding Ltd
VXRT,72444,"Vaxart, Inc."
ESP,33533,ESPEY MFG & ELECTRONICS CORP
IMUX,1280776,"IMMUNIC, INC."
PDEX,788920,PRO DEX INC
CSBB,880417,"CSB Bancorp, Inc."
MTC,1742518,"MMTec, Inc."
FF,1337298,FutureFuel Corp.
MOLN,1745114,MOLECULAR PARTNERS AG
IMPP,1876581,Imperial Petroleum Inc./Marshall Islands
RENEF,1889112,Cartesian Growth Corp II
PCQ,1140411,PIMCO CALIFORNIA MUNICIPAL INCOME FUND
MNTK,1826600,"Montauk Renewables, Inc."
SGC,95574,"SUPERIOR GROUP OF COMPANIES, INC."
HUHU,1945415,HUHUTECH International Group Inc.
SNNGF,1384831,PPX Mining Corp.
PMTS,1641614,CPI Card Group Inc.
QUIK,882508,QUICKLOGIC Corp
NMP,2054876,NMP Acquisition Corp.
MNSB,1693577,"MainStreet Bancshares, Inc."
SMTI,714256,Sanara MedTech Inc.
FCAP,1070296,FIRST CAPITAL INC
RNAC,1453687,"Cartesian Therapeutics, Inc."
EBMT,1478454,"Eagle Bancorp Montana, Inc."
MRT,1852767,"Marti Technologies, Inc."
EDF,1501103,Virtus Stone Harbor Emerging Markets Income Fund
FNWD,919864,Finward Bancorp
ZNTL,1725160,"Zentalis Pharmaceuticals, Inc."
BMN,1832871,BlackRock 2037 Municipal Target Term Trust
TKNO,1850902,"Alpha Teknova, Inc."
ZHJD,1794276,Intelligent Hotel Group Ltd.
ICTSF,1010134,ICTS INTERNATIONAL N V
SIDU,1879726,Sidus Space Inc.
EGG,1982961,ENIGMATIG LTD
ABOS,1576885,"Acumen Pharmaceuticals, Inc."
APGOF,1811931,Apollo Silver Corp
NNY,818850,NUVEEN NEW YORK MUNICIPAL VALUE FUND
SSVFF,1397616,SOUTHERN SILVER EXPLORATION CORP
DTIL,1357874,PRECISION BIOSCIENCES INC
EMIS,2075816,Emmis Acquisition Corp.
VTN,883265,Invesco Trust for Investment Grade New York Municipals
KORE,1855457,"KORE Group Holdings, Inc."
EPM,1006655,EVOLUTION PETROLEUM CORP
RENT,1468327,"Rent the Runway, Inc."
MGTE,1965052,Marblegate Capital Corp
YRD,1631761,Yiren Digital Ltd.
LUCD,1799011,Lucid Diagnostics Inc.
SMID,924719,SMITH MIDLAND CORP
LKSP,2043508,Lake Superior Acquisition Corp
PRQR,1612940,ProQR Therapeutics N.V.
WHF,1552198,"WhiteHorse Finance, Inc."
LAFA,2079106,LaFayette Acquisition Corp.
EAF,931148,GRAFTECH INTERNATIONAL LTD
SRG,1628063,Seritage Growth Properties
SPEG,2028735,Silver Pegasus Acquisition Corp.
HNVR,1828588,"Hanover Bancorp, Inc. /MD"
EMPD,1829794,Empery Digital Inc.
ECF,793040,ELLSWORTH GROWTH & INCOME FUND LTD
WPAC,2081536,White Pearl Acquisition Corp.
UIS,746838,UNISYS CORP
NVX,1859795,NOVONIX Ltd
ACHV,949858,"ACHIEVE LIFE SCIENCES, INC."
ACH,75252,ACCENDRA HEALTH INC/VA/
RAIL,1320854,"FreightCar America, Inc."
BDSX,1439725,BIODESIX INC
ONEW,1772921,OneWater Marine Inc.
SRI,1043337,STONERIDGE INC
DOUG,1878897,Douglas Elliman Inc.
DGXX,1854368,Digi Power X Inc.
CPKF,847538,CHESAPEAKE FINANCIAL SHARES INC
KRRO,1703647,"Korro Bio, Inc."
MENS,1954488,Jyong Biotech Ltd.
PIM,830622,PUTNAM MASTER INTERMEDIATE INCOME TRUST
CDXS,1200375,"CODEXIS, INC."
WTF,1987363,Waton Financial Ltd
SGMT,1400118,Sagimet Biosciences Inc.
LARK,1141688,LANDMARK BANCORP INC
BCBP,1228454,BCB BANCORP INC
INAC,2063816,Indigo Acquisition Corp.
LFCR,1005286,"LIFECORE BIOMEDICAL, INC. DE"
OXSQ,1259429,Oxford Square Capital Corp.
WHG,1165002,WESTWOOD HOLDINGS GROUP INC
AXR,6207,AMREP CORP.
PCOK,1452936,"Pacific Oak Strategic Opportunity REIT, Inc."
DLNG,1578453,Dynagas LNG Partners LP
NAZ,892992,NUVEEN ARIZONA QUALITY MUNICIPAL INCOME FUND
MDXH,1872529,MDxHealth SA
LPRO,1806201,Open Lending Corp
AP,6176,AMPCO PITTSBURGH CORP
GEOS,1001115,GEOSPACE TECHNOLOGIES CORP
CCLD,1582982,"CareCloud, Inc."
BANX,1578987,ArrowMark Financial Corp.
MHF,830487,WESTERN ASSET MUNICIPAL HIGH INCOME FUND INC.
EMYB,1449794,"Embassy Bancorp, Inc."
MSD,904112,MORGAN STANLEY EMERGING MARKETS DEBT FUND INC
SPWR,1838987,SunPower Inc.
QNBC,750558,QNB CORP.
CEPS,2089536,"Cantor Equity Partners VI, Inc."
YCY,2075336,AA Mission Acquisition Corp. II
OWLT,1816708,"Owlet, Inc."
SPE,897802,"SPECIAL OPPORTUNITIES FUND, INC."
MSLE,1421642,Satellos Bioscience Inc.
RVLGF,1616885,Revival Gold Inc.
MDV,1645873,"MODIV INDUSTRIAL, INC."
HUSIF,1526475,NICOLA MINING INC.
EDAP,1041934,EDAP TMS SA
AXREF,1175596,AMARC RESOURCES LTD
NKTX,1787400,"Nkarta, Inc."
CRBP,1595097,"Corbus Pharmaceuticals Holdings, Inc."
WALD,1840199,Waldencast plc
IGA,1332943,Voya Global Advantage & Premium Opportunity Fund
KISB,803742,KISH BANCORP INC
CANG,1725123,Cango Inc.
ECBK,1914605,"ECB Bancorp, Inc. /MD/"
HRTX,818033,"HERON THERAPEUTICS, INC. /DE/"
INVZ,1835654,Innoviz Technologies Ltd.
DOYU,1762417,DouYu International Holdings Ltd
PFD,868578,FLAHERTY & CRUMRINE PREFERRED & INCOME FUND INC
NPWR,1845437,NET Power Inc.
EMPG,2005569,Empro Group Inc.
GLQ,1316463,Clough Global Equity Fund
TETOF,1783432,Tectonic Metals Inc.
VTVT,1641489,vTv Therapeutics Inc.
EVG,1287498,Eaton Vance Short Duration Diversified Income Fund
SANG,1753368,Sangoma Technologies Corp
HQI,1140102,"HireQuest, Inc."
KLRS,1754068,"Kalaris Therapeutics, Inc."
USGO,1947244,U.S. GoldMining Inc.
UNG,1376227,"United States Natural Gas Fund, LP"
DOMO,1505952,"DOMO, INC."
MPA,891038,BLACKROCK MUNIYIELD PENNSYLVANIA QUALITY FUND
ZENA,1997403,"ZenaTech, Inc."
RFAM,2091712,RF Acquisition Corp III
SRGXF,1644540,Surge Copper Corp
BNC,1482541,CEA Industries Inc.
SKIN,1818093,Beauty Health Co
GAMB,1839799,Gambling.com Group Ltd
BZAI,1871638,"Blaize Holdings, Inc."
UAC,2098669,United Acquisition Corp. I
ACR,1332551,ACRES Commercial Realty Corp.
ENBP,1437479,ENB Financial Corp
PMMCF,1930459,Pampa Metals Corp
NYXH,1857190,Nyxoah SA
CIK,810766,"CREDIT SUISSE ASSET MANAGEMENT INCOME FUND, INC."
GRX,1391437,Gabelli Healthcare & WellnessRx Trust
AGXPF,1482436,SILVER X MINING CORP.
TRAK,50471,"ReposiTrak, Inc."
RCMT,700841,"RCM TECHNOLOGIES, INC."
PZG,1629210,Paramount Gold Nevada Corp.
UNCY,1766140,"Unicycive Therapeutics, Inc."
JFB,2024306,JFB Construction Holdings
HYI,1497186,Western Asset High Yield Opportunity Fund Inc.
USBC,1074828,"USBC, Inc."
VWAV,2038439,"VisionWave Holdings, Inc."
AGEN,1098972,AGENUS INC
ORMP,1176309,ORAMED PHARMACEUTICALS INC.
BRLT,1866757,"Brilliant Earth Group, Inc."
SCPQ,2083143,Social Commerce Partners Corp
CODA,1334325,"Coda Octopus Group, Inc."
LMRXF,1001500,LARAMIDE RESOURCES LTD
LCGMF,1339688,LION COPPER & GOLD CORP.
AMCI,1937891,AMC Robotics Corp
BSAI,1416090,BLUSKY AI INC.
BGX,1504234,Blackstone Long-Short Credit Income Fund
FTCO,1828377,Fortitude Gold Corp
JMG,2049717,JM Group Ltd
CTW,2047148,CTW Cayman
CAST,1633369,"FreeCast, Inc."
SRBK,1951276,"SR Bancorp, Inc."
ZJK,1941506,"ZJK Industrial Co., Ltd."
FGBI,1408534,"First Guaranty Bancshares, Inc."
SPRO,1701108,"Spero Therapeutics, Inc."
ANTX,1880438,"AN2 Therapeutics, Inc."
CLPR,1649096,Clipper Realty Inc.
BEOB,1480170,BEO BANCORP
VLN,1863006,Valens Semiconductor Ltd.
ARTV,1817241,"Artiva Biotherapeutics, Inc."
FATE,1434316,FATE THERAPEUTICS INC
RMBI,1767837,"Richmond Mutual Bancorporation, Inc."
SGMO,1001233,"SANGAMO THERAPEUTICS, INC"
FRD,39092,FRIEDMAN INDUSTRIES INC
DTI,1884516,Drilling Tools International Corp
VLTLF,1872061,Volt Lithium Corp.
RANI,1856725,"Rani Therapeutics Holdings, Inc."
BCV,9521,BANCROFT FUND LTD
ROC,2077709,Rank One Computing Corp
WRIV,1328409,WHITE RIVER BANCSHARES CO
GNT,1438893,"GAMCO Natural Resources, Gold & Income Trust"
HYSR,1481028,"SUNHYDROGEN, INC."
HEQ,1496749,John Hancock Diversified Income Fund
SBFG,767405,"SB FINANCIAL GROUP, INC."
GHG,1724755,GreenTree Hospitality Group Ltd.
OIO,1957538,ESGL Holdings Ltd
WYGC,723533,Wenyuan Group Corp.
TLYS,1524025,"TILLY'S, INC."
BWG,1504545,BrandywineGLOBAL-Global Income Opportunities Fund Inc
BUDA,2079720,"BUDA JUICE, INC."
OPRX,1448431,OptimizeRx Corp
JHS,759866,JOHN HANCOCK INCOME SECURITIES TRUST
CVGI,1290900,"Commercial Vehicle Group, Inc."
HOFT,1077688,HOOKER FURNISHINGS Corp
DHX,1393883,"DHI GROUP, INC."
RMAX,1581091,"RE/MAX Holdings, Inc."
CAAS,2037400,"China Automotive Systems, Inc."
BSET,10329,BASSETT FURNITURE INDUSTRIES INC
THRY,1556739,"Thryv Holdings, Inc."
CHPT,1777393,"ChargePoint Holdings, Inc."
KBLB,1413119,"Kraig Biocraft Laboratories, Inc."
EML,31107,EASTERN CO
BZUN,1625414,Baozun Inc.
JYNT,1612630,JOINT Corp
ACRG,773717,"American Clean Resources Group, Inc."
SLBK,1657642,"Skyline Bankshares, Inc."
ELRE,1438461,Yinfu Gold Corp.
TNYZF,1836775,Tiny Ltd.
TGLO,1066684,THEGLOBE COM INC
RGP,1084765,"RESOURCES CONNECTION, INC."
GARLF,1725569,Roxmore Resources Inc.
DMO,1478102,Western Asset Mortgage Opportunity Fund Inc.
IPEX,2028355,Inflection Point Acquisition Corp. V
WEA,1163792,WESTERN ASSET PREMIER BOND FUND
BDTX,1701541,"Black Diamond Therapeutics, Inc."
PHD,1305767,"Pioneer Floating Rate Fund, Inc."
TYFG,1725262,"Tri-County Financial Group, Inc."
GOAI,1983736,Eva Live Inc
NAMM,2026514,Namib Minerals
MCN,1289868,XAI Madison Equity Premium Income Fund
ACNT,95953,ASCENT INDUSTRIES CO.
ZOMDF,1684144,Zomedica Corp.
TTEC,1013880,"TTEC Holdings, Inc."
PCSC,2017526,Perceptive Capital Solutions Corp
DFDV,1805526,DeFi Development Corp.
TAVI,2020385,Tavia Acquisition Corp.
ACOG,1655923,Alpha Cognition Inc.
HYNE,2073153,"Hoyne Bancorp, Inc."
FTLF,1374328,"FITLIFE BRANDS, INC."
VFL,895574,abrdn National Municipal Income Fund
RMMZ,1870833,"RiverNorth Managed Duration Municipal Income Fund II, Inc."
SCTSF,1790538,Scottie Resources Corp.
GHI,1059142,Greystone Housing Impact Investors LP
IPHA,1598599,Innate Pharma SA
SHIM,1887944,Shimmick Corp
CRDF,1213037,"Cardiff Oncology, Inc."
HFUS,1482554,"Hartford Creative Group, Inc."
AFBI,1823406,"Affinity Bancshares, Inc."
EQ,1746466,"Equillium, Inc."
GRAY,2073548,"Grayscale Investments, Inc."
DOWAY,2038919,Dowway Holdings Limited/ADR
AREN,894871,"Arena Group Holdings, Inc."
FXY,1353613,Invesco CurrencyShares Japanese Yen Trust
CXE,845606,MFS HIGH INCOME MUNICIPAL TRUST
QSEA,2047455,Quartzsea Acquisition Corp
GFLT,1796949,"GenFlat Holdings, Inc."
DRTTF,1340476,DIRTT ENVIRONMENTAL SOLUTIONS LTD
GGZ,1585855,Gabelli Global Small & Mid Cap Value Trust
RCEL,1762303,"AVITA Medical, Inc."
PFO,882071,Flaherty & Crumrine PREFERRED & INCOME OPPORTUNITY FUND INC
SRL,16859,Scully Royalty Ltd.
NMT,897419,NUVEEN MASSACHUSETTS QUALITY MUNICIPAL INCOME FUND
CRDL,1702123,Cardiol Therapeutics Inc.
NIM,890119,NUVEEN SELECT MATURITIES MUNICIPAL FUND
FKYS,737875,FIRST KEYSTONE CORP
DLTH,1649744,DULUTH HOLDINGS INC.
LCUT,874396,"LIFETIME BRANDS, INC"
GLU,1282957,GABELLI GLOBAL UTILITY & INCOME TRUST
CGEH,1009759,"Capstone Green Energy Holdings, Inc."
CFSU,1621888,Complete Financial Solutions Inc.
ALDX,1341235,"Aldeyra Therapeutics, Inc."
FONR,355019,FONAR CORP
LSBK,2059653,"Lake Shore Bancorp, Inc. /MD/"
DH,1861795,Definitive Healthcare Corp.
NCAUF,1627868,Newcore Gold Ltd.
JLHL,2007846,Julong Holding Ltd
CHAR,2024459,Charlton Aria Acquisition Corp
REKR,1697851,"Rekor Systems, Inc."
PGAC,2030829,PANTAGES CAPITAL ACQUISITION Corp
WSBK,2047235,"Winchester Bancorp, Inc./MD/"
QUMS,2070900,Quantumsphere Acquisition Corp
PAI,75398,Western Asset Investment Grade Income Fund Inc.
IHD,1496292,Voya Emerging Markets High Dividend Equity Fund
IMDX,1642380,Insight Molecular Diagnostics Inc.
RFIL,740664,R F INDUSTRIES LTD
JEQ,866095,"ABRDN JAPAN EQUITY FUND, INC."
FURY,1514597,FURY GOLD MINES LTD
SILC,916793,SILICOM LTD.
IDN,1040896,"Intellicheck, Inc."
HYPR,1833769,"Hyperfine, Inc."
ODYS,1577445,Odysight.ai Inc.
CEE,860489,"CENTRAL & EASTERN EUROPE FUND, INC."
JHI,759828,JOHN HANCOCK INVESTORS TRUST
SLQT,1794783,"SelectQuote, Inc."
SUNS,2012706,"Sunrise Realty Trust, Inc."
GCUMF,1514860,Gunnison Copper Corp.
RVSB,1041368,RIVERVIEW BANCORP INC
SDHC,1982518,Smith Douglas Homes Corp.
PELI,2037431,Pelican Acquisition Corp
ATLX,1540684,Atlas Lithium Corp
ONL,1873923,Orion Properties Inc.
KULR,1662684,"KULR Technology Group, Inc."
NMI,830271,NUVEEN MUNICIPAL INCOME FUND INC
HURA,1498382,"TuHURA Biosciences, Inc./NV"
TUSK,1679268,"MAMMOTH ENERGY SERVICES, INC."
DGNX,2010499,Diginex Ltd
IAF,779336,"ABRDN AUSTRALIA EQUITY FUND, INC."
AOUT,1808997,"American Outdoor Brands, Inc."
AGGI,1109262,"Allied Energy, Inc."
KVAC,1889983,Keen Vision Acquisition Corp.
FORR,1023313,"FORRESTER RESEARCH, INC."
BGM,1779578,BGM Group Ltd.
BAER,1941536,"Bridger Aerospace Group Holdings, Inc."
BEEP,1847874,Mobile Infrastructure Corp
CGO,1285650,CALAMOS GLOBAL TOTAL RETURN FUND
RPID,1380106,"RAPID MICRO BIOSYSTEMS, INC."
SFBC,1541119,"Sound Financial Bancorp, Inc."
FMBM,740806,F&M BANK CORP
CWBHF,1750155,"Charlotte's Web Holdings, Inc."
BSBK,1787414,Bogota Financial Corp.
INO,1055726,"INOVIO PHARMACEUTICALS, INC."
FLNT,1460329,"Fluent, Inc."
BARK,1819574,"Bark, Inc."
GNLX,1231457,GENELUX Corp
MGRT,2033377,Mega Fortune Co Ltd
TBI,768899,"TrueBlue, Inc."
BCHG,1732409,Grayscale Bitcoin Cash Trust (BCH)
SCOR,1158172,"COMSCORE, INC."
SAMG,1549966,Silvercrest Asset Management Group Inc.
SBI,882300,WESTERN ASSET INTERMEDIATE MUNI FUND INC.
MGYR,1337068,"Magyar Bancorp, Inc."
ULBI,875657,ULTRALIFE CORP
ANPA,2031688,Rich Sparkle Holdings Ltd
GPRO,1500435,"GoPro, Inc."
UNB,706863,UNION BANKSHARES INC
QTTB,1661998,Q32 Bio Inc.
NCI,1916331,Neo-Concept International Group Holdings Ltd
DTCX,1853825,"Datacentrex, Inc."
MAPS,1779474,"WM TECHNOLOGY, INC."
HSDT,1610853,Solana Co
ASRT,1808665,"Assertio Holdings, Inc."
AEC,1519469,ANFIELD ENERGY INC.
TORO,1941131,TORO CORP.
CLAR,913277,Clarus Corp
JELD,1674335,"JELD-WEN Holding, Inc."
CMTL,23197,COMTECH TELECOMMUNICATIONS CORP /DE/
NZAUF,1925511,Rua Gold Inc.
MED,910329,MEDIFAST INC
EP,887396,EMPIRE PETROLEUM CORP
ERH,1279014,ALLSPRING UTILITIES & HIGH INCOME FUND
FREVS,36840,"FIRST REAL ESTATE INVESTMENT TRUST OF NEW JERSEY, INC."
SUIG,1425355,SUI Group Holdings Ltd.
PROP,1162896,Prairie Operating Co.
AKA,1865107,A.K.A. BRANDS HOLDING CORP.
FGMC,1906364,FG Merger II Corp.
MX,1325702,MAGNACHIP SEMICONDUCTOR Corp
CVVUF,1023109,CANALASKA URANIUM LTD
HIT,2019505,"Health In Tech, Inc."
CHMI,1571776,Cherry Hill Mortgage Investment Corp
CHPG,2024460,ChampionsGate Acquisition Corp
PROV,1010470,PROVIDENT FINANCIAL HOLDINGS INC
AAWH,1756390,"Ascend Wellness Holdings, Inc."
COE,1659494,51Talk Online Education Group
PCF,810943,HIGH INCOME SECURITIES FUND
XTGRF,1288770,XTRA-GOLD RESOURCES CORP
RVRC,1839140,Revium Rx.
CRMT,799850,AMERICAS CARMART INC
BLMOY,2109234,BELIMO Holding AG/ADR
LVPA,831378,LVPAI GROUP Ltd
UNIB,811211,UNIVERSITY BANCORP INC /DE/
SWZ,813623,Total Return Securities Fund
NOBH,72205,NOBILITY HOMES INC
LQMT,1141240,LIQUIDMETAL TECHNOLOGIES INC
RPT,1614806,Rithm Property Trust Inc.
STIM,1227636,"Neuronetics, Inc."
MMLP,1176334,MARTIN MIDSTREAM PARTNERS L.P.
CHSN,1825349,Chanson International Holding
BOOM,34067,DMC Global Inc.
MCRP,1993431,Micropolis AI Robotics
BCRD,1496690,"BlueOne Card, Inc."
MRCC,1512931,MONROE CAPITAL Corp
STHO,1953366,Star Holdings
LGO,1400438,Largo Inc.
KPTI,1503802,Karyopharm Therapeutics Inc.
ALYAF,1734520,Alithya Group inc
ARQ,1515156,"Arq, Inc."
NOEM,1956648,CO2 Energy Transition Corp.
ONCY,1129928,ONCOLYTICS BIOTECH INC
SVRE,1894693,SaverOne 2014 Ltd.
PFBX,770460,PEOPLES FINANCIAL CORP /MS/
DTSQ,2017950,DT Cloud Star Acquisition Corp
MIST,1408443,Milestone Pharmaceuticals Inc.
WPGCF,1404353,West Point Gold Corp.
SEV,1786471,Aptera Motors Corp
SCAG,2000366,Scage Future
BHST,1723464,BIOHARVEST SCIENCES INC.
ISPR,1948455,Ispire Technology Inc.
JLS,1472215,Nuveen Mortgage & Income Fund/MA/
TTRX,2023016,Turn Therapeutics Inc.
KEQU,55529,KEWAUNEE SCIENTIFIC CORP /DE/
UBCP,731653,UNITED BANCORP INC /OH/
SPKL,1884046,Spark I Acquisition Corp
CGTX,1455365,COGNITION THERAPEUTICS INC
MRDN,1437925,Meridian Holdings Inc./NV
COYA,1835022,"Coya Therapeutics, Inc."
OPTN,2070577,Option Therapeutics Inc.
ORRCF,1390352,OROCO RESOURCE CORP
MB,2027265,MASTERBEEF GROUP
FSHP,1850059,Flag Ship Acquisition Corp
BCIC,1372807,BCP Investment Corp
HURC,315374,HURCO COMPANIES INC
DMRC,1438231,Digimarc CORP
SRFM,1936224,SURF AIR MOBILITY INC.
TWG,1978057,Top Wealth Group Holding Ltd
TSQ,1499832,"Townsquare Media, Inc."
SEER,1726445,"Seer, Inc."
VRA,1495320,"Vera Bradley, Inc."
RMI,1746967,"RiverNorth Opportunistic Municipal Income Fund, Inc."
PGP,1318025,PIMCO Global StocksPLUS & Income Fund
IGI,1462586,Western Asset Investment Grade Opportunity Trust Inc.
VIRC,751365,VIRCO MFG CORPORATION
MGF,811922,MFS GOVERNMENT MARKETS INCOME TRUST
LIDR,1818644,"AEye, Inc."
BOTJ,1275101,BANK OF THE JAMES FINANCIAL GROUP INC
BRCC,1891101,BRC Inc.
NWPP,1163389,NEW PEOPLES BANKSHARES INC
AMWL,1393584,American Well Corp
GCTS,1851961,"GCT Semiconductor Holding, Inc."
REDW,942895,REDWOOD FINANCIAL INC /MN/
PYRGF,1743344,PyroGenesis Canada Inc.
LPA,1997711,Logistic Properties of the Americas
GDL,1378701,GDL FUND
FPRGF,1555980,Falco Resources Ltd.
PEW,2051380,GrabAGun Digital Holdings Inc.
ZEO,1865506,Zeo Energy Corp.
VIOT,1742770,"Viomi Technology Co., Ltd"
HFFG,1680873,HF Foods Group Inc.
VMCAF,1892747,Valuence Merger Corp. I
BDCTF,1576159,BuildDirect.com Technologies Inc.
LCCC,2049248,Lakeshore Acquisition III Corp.
NIPG,1966233,NIP Group Inc.
RFAI,2012807,RF Acquisition Corp II
VANI,1266806,"Vivani Medical, Inc."
IH,1814423,iHuman Inc.
BYNO,1801417,byNordic Acquisition Corp
FBIO,1429260,"Fortress Biotech, Inc."
SPAUF,1337090,SPANISH MOUNTAIN GOLD LTD.
EVF,1070732,Eaton Vance Senior Income Trust
HPAI,2001699,Helport AI Ltd
CSTAF,1834032,Constellation Acquisition Corp I
SPAI,2011208,Safe Pro Group Inc.
BMHL,2027815,Bluemount Holdings Ltd
HYDTF,1958389,Hydreight Technologies Inc.
OPXS,1397016,Optex Systems Holdings Inc
JUSHF,1909747,Jushi Holdings Inc.
LGCXF,1921582,Lahontan Gold Corp.
ATVK,1530185,"Ameritek Ventures, Inc."
CCNB,1437213,"Coastal Carolina Bancshares, Inc."
CMU,809844,MFS HIGH YIELD MUNICIPAL TRUST
FLNA,1069530,"FILANA THERAPEUTICS, INC."
NNBR,918541,NN INC
CWGL,1562151,"Crimson Wine Group, Ltd"
GGOXF,877019,Galleon Gold Corp.
GCV,845611,GABELLI CONVERTIBLE & INCOME SECURITIES FUND INC
SPRB,1683553,"SPRUCE BIOSCIENCES, INC."
FTZFF,1819258,Fitzroy Minerals Inc.
MMTX,2077033,Miluna Acquisition Corp
ORIQ,2044523,Origin Investment Corp I
ANIX,715446,Anixa Biosciences Inc
RGT,1514490,"ROYCE GLOBAL TRUST, INC."
NCTY,1296774,The9 LTD
TUNGF,2049560,American Tungsten Corp.
MERC,1333274,MERCER INTERNATIONAL INC.
SIREF,1577783,Sirios Resources Inc.
FUSB,717806,"FIRST US BANCSHARES, INC."
RDZN,1868640,Roadzen Inc.
NRT,72633,NORTH EUROPEAN OIL ROYALTY TRUST
XTRAF,1684505,Xtract One Technologies Inc.
DLHC,785557,DLH Holdings Corp.
RSKIA,84112,"GEORGE RISK INDUSTRIES, INC."
PYXS,1782223,"Pyxis Oncology, Inc."
CAPN,2024203,Cayson Acquisition Corp
OPTT,1378140,"Ocean Power Technologies, Inc."
KG,2055116,Kestrel Group Ltd
BSEM,1658678,BIOSTEM TECHNOLOGIES
STEM,1758766,"STEM, INC."
DIT,928465,AMCON DISTRIBUTING CO
CRCUF,868822,Canagold Resources Ltd.
SLNG,1043186,"Stabilis Solutions, Inc."
MAIA,1878313,"MAIA Biotechnology, Inc."
RFM,1790177,"RiverNorth Flexible Municipal Income Fund, Inc."
TOUR,1597095,Tuniu Corp
ALIS,2026767,Calisa Acquisition Corp
LONA,1620463,"LeonaBio, Inc."
FMN,1199004,Federated Hermes Premier Municipal Income Fund
YHNA,2020987,YHN Acquisition I Ltd
COLA,2028201,Columbus Acquisition Corp/Cayman Islands
MAYS,54187,MAYS J W INC
SSTI,1351636,"SOUNDTHINKING, INC."
ARBE,1861841,Arbe Robotics Ltd.
DWTX,1818844,"Dogwood Therapeutics, Inc."
VGI,1528811,Virtus Global Multi-Sector Income Fund
INVE,1036044,"Identiv, Inc."
ZVIA,1854139,Zevia PBC
NEXM,795800,NexMetals Mining Corp.
CSPI,356037,CSP INC /MA/
FNWB,1556727,First Northwest Bancorp
OKYO,1849296,OKYO Pharma Ltd
TGEN,1537435,TECOGEN INC.
GNSS,924383,Genasys Inc.
AARD,1774857,"Aardvark Therapeutics, Inc."
NTIC,875582,NORTHERN TECHNOLOGIES INTERNATIONAL CORP
KZIA,1075880,KAZIA THERAPEUTICS LTD
WSHP,2048271,WeShop Holdings Ltd
BLNK,1429764,Blink Charging Co.
CBKM,1006830,CONSUMERS BANCORP INC /OH/
PBHC,1609065,"Pathfinder Bancorp, Inc."
BODI,1826889,"Beachbody Company, Inc."
TNMG,2013186,TNL Mediagene
CRGO,1927719,Freightos Ltd
GOSS,1728117,"Gossamer Bio, Inc."
SMJF,2070954,SMJ International Holdings Inc.
FVN,2010653,Future Vision II Acquisition Corp.
APAC,2043630,StoneBridge Acquisition II Corp
TMCI,1630627,"TREACE MEDICAL CONCEPTS, INC."
CSBR,771856,"CHAMPIONS ONCOLOGY, INC."
HCAT,1636422,"Health Catalyst, Inc."
SIF,90168,SIFCO INDUSTRIES INC
GDO,1472341,WESTERN ASSET GLOBAL CORPORATE OPPORTUNITY FUND INC.
FDSB,2012726,"Fifth District Bancorp, Inc."
WSTN,2076192,Westin Acquisition Corp
FLL,891482,FULL HOUSE RESORTS INC
MIND,926423,"MIND TECHNOLOGY, INC"
ARSMF,1804792,ARES STRATEGIC MINING INC.
VNJA,1532383,VANJIA CORP
WWR,839470,"WESTWATER RESOURCES, INC."
SIEB,65596,SIEBERT FINANCIAL CORP
PFX,1490349,PhenixFIN Corp
VGAS,1841425,"Verde Clean Fuels, Inc."
DTF,879535,DTF TAX-FREE INCOME 2028 TERM FUND INC
AUBN,750574,"AUBURN NATIONAL BANCORPORATION, INC"
BMEA,1840439,"Biomea Fusion, Inc."
SERA,1534969,"SERA PROGNOSTICS, INC."
AMTD,1769731,AMTD IDEA GROUP
MCRB,1609809,"Seres Therapeutics, Inc."
UYSC,2036973,UY Scuti Acquisition Corp.
PLRX,1746473,"PLIANT THERAPEUTICS, INC."
CUAUF,1737319,C3 Metals Inc.
NAMI,1967631,Jinxin Technology Holding Co
SLNH,64463,"Soluna Holdings, Inc"
CPHC,1672909,Canterbury Park Holding Corp
MXCT,1287098,"MAXCYTE, INC."
NRXS,1933567,"Neuraxis, INC"
LSE,1985139,"Leishen Energy Holding Co., Ltd."
OCCI,1716951,"OFS Credit Company, Inc."
CHUC,1134765,"Charlie's Holdings, Inc."
XTNT,1453593,"Xtant Medical Holdings, Inc."
IAE,1385632,Voya Asia Pacific High Dividend Equity Income Fund
QTI,1844505,"QT IMAGING HOLDINGS, INC."
CING,1862150,Cingulate Inc.
IVCAF,1852889,Investcorp AI Acquisition Corp.
PYPD,1611842,PolyPid Ltd.
WRAP,1702924,"WRAP TECHNOLOGIES, INC."
OCC,1000230,OPTICAL CABLE CORP
DWSN,799165,DAWSON GEOPHYSICAL CO
PLCE,1041859,"Childrens Place, Inc."
ATYR,1339970,aTYR PHARMA INC
INTG,69422,INTERGROUP CORP
GRUSF,1463000,Grown Rogue International Inc.
AISP,1842566,"Airship AI Holdings, Inc."
SSEA,2059165,STARRY SEA ACQUISITION CORP
SGA,886136,SAGA COMMUNICATIONS INC
SKYQ,1812447,Sky Quarry Inc.
UPXI,1775194,"UPEXI, INC."
VRCA,1660334,Verrica Pharmaceuticals Inc.
LUD,1984124,Luda Technology Group Ltd
YOUL,2028177,Youlife Group Inc.
LOMLF,1509397,Lion One Metals Ltd.
FBSI,912967,FIRST BANCSHARES INC /MO/
EXFY,1476840,"Expensify, Inc."
SAFX,2019793,"XCF Global, Inc."
BSAA,2051587,BEST SPAC I Acquisition Corp.
NSPR,1433607,"InspireMD, Inc."
UWHR,898171,UWHARRIE CAPITAL CORP
NORD,1011060,Nordicus Partners Corp
PNI,1170311,PIMCO NEW YORK MUNICIPAL INCOME FUND II
HAO,1954594,Haoxi Health Technology Ltd
AEI,1750106,Alset Inc.
CBAT,1117171,"CBAK Energy Technology, Inc."
AGH,2009312,Aureus Greenway Holdings Inc
ASPS,1462418,ALTISOURCE PORTFOLIO SOLUTIONS S.A.
HNNA,1145255,HENNESSY ADVISORS INC
SFWL,1863218,SHENGFENG DEVELOPMENT Ltd
COOK,1857853,"Traeger, Inc."
AEAE,1852016,AltEnergy Acquisition Corp
LAKE,798081,LAKELAND INDUSTRIES INC
RSSS,1386301,"Research Solutions, Inc."
CNDA,1851959,Concord Acquisition Corp II
WTG,2053927,Wintergreen Acquisition Corp.
SPRU,1772720,SPRUCE POWER HOLDING CORP
MHH,1437226,"Mastech Digital, Inc."
KNDI,1720250,"Kandi Technologies Group, Inc."
QMCO,709283,QUANTUM CORP /DE/
PRPL,1643953,"Purple Innovation, Inc."
SYPR,864240,SYPRIS SOLUTIONS INC
NMS,1607997,Nuveen Minnesota Quality Municipal Income Fund
BDMD,1982444,Baird Medical Investment Holdings Ltd
BTCS,1436229,BTCS Inc.
NBRG,1918414,Newbridge Acquisition Ltd
XTIA,1529113,"XTI Aerospace, Inc."
PMVP,1699382,"PMV Pharmaceuticals, Inc."
RLEA,1893657,Rubber Leaf Inc
PTHS,1919246,Pelthos Therapeutics Inc.
BPAC,2064177,Blueport Acquisition Ltd
GLV,1288795,Clough Global Dividend & Income Fund
IOR,949961,INCOME OPPORTUNITY REALTY INVESTORS INC /TX/
FTCI,1828161,"FTC Solar, Inc."
LBCMF,1580110,Copper Giant Resources Corp.
PMI,2030617,"Picard Medical, Inc."
FLD,1889123,"Fold Holdings, Inc."
CPBI,1979332,"Central Plains Bancshares, Inc."
BLNC,1632121,"Balance Labs, Inc."
WKEY,1738699,Wisekey International Holding S.A.
DMA,1523289,Destra Multi-Alternative Fund
HLP,1855557,Hongli Group Inc.
BYFC,1001171,BROADWAY FINANCIAL CORP \DE\
IBIO,1420720,"iBio, Inc."
XBIT,1626878,XBiotech Inc.
XPL,917225,SOLITARIO RESOURCES CORP.
HSPT,2032950,Horizon Space Acquisition II Corp.
SRCRF,1467093,Scorpio Gold Corp
GANX,1819411,"Gain Therapeutics, Inc."
GAIA,1089872,"GAIA, INC"
MNOV,1226616,MEDICINOVA INC
DWNX,927719,DELHI BANK CORP
VHC,1082324,VirnetX Holding Corp
CEV,1074692,Eaton Vance California Municipal Income Trust
TISI,318833,TEAM INC
VRM,1580864,"Vroom, Inc."
XCH,1979887,XCHG Ltd
HAIAF,1848861,Healthcare AI Acquisition Corp.
NUVR,71557,"Nuvera Communications, Inc."
NKGFF,1839154,Nevada King Gold Corp.
SLND,1883814,"Southland Holdings, Inc."
SLMT,1939965,Brera Holdings PLC
THMG,711034,THUNDER MOUNTAIN GOLD INC
CPSH,814676,CPS TECHNOLOGIES CORP/DE/
CCTC,1477960,Catalyst Crew Technologies Corp.
VCUFF,1884122,Vizsla Copper Corp.
LICN,1876766,Lichen International Ltd
INLF,1991592,INLIF Ltd
GECC,1675033,Great Elm Capital Corp.
UFI,100726,UNIFI INC
SNT,1993727,Senstar Technologies Corp
PCM,908187,"PCM FUND, INC."
IFRX,1708688,InflaRx N.V.
JUVF,714712,JUNIATA VALLEY FINANCIAL CORP
UHG,1830188,"United Homes Group, Inc."
LTCN,1732406,Grayscale Litecoin Trust (LTC)
IMAQ,1846235,International Media Acquisition Corp.
GPMT,1703644,Granite Point Mortgage Trust Inc.
BRID,14177,BRIDGFORD FOODS CORP
CLST,1849867,"Catalyst Bancorp, Inc."
AMPG,1518461,"AmpliTech Group, Inc."
NA,1872302,Nano Labs Ltd
GENK,1891856,"GEN Restaurant Group, Inc."
PARK,2069604,"Park Dental Partners, Inc."
AEYE,1362190,AUDIOEYE INC
RIBB,2035016,Ribbon Acquisition Corp.
GRWG,1604868,GrowGeneration Corp.
NRXP,1719406,"NRX Pharmaceuticals, Inc."
ANVS,1477845,"Annovis Bio, Inc."
LGCL,1954694,Lucas GC Ltd
CLNN,1822791,Clene Inc.
GCL,2002045,GCL Global Holdings Ltd
TZOO,1133311,TRAVELZOO
GRCE,1444192,"Grace Therapeutics, Inc."
VHUB,1972234,"VenHub Global, Inc."
FSI,1069394,FLEXIBLE SOLUTIONS INTERNATIONAL INC
BGSF,1474903,"BGSF, INC."
SKYI,1555017,"Sky Century Investment, Inc."
IBO,1834105,IMPACT BIOMEDICAL INC.
HOUR,1874875,"Hour Loop, Inc"
FOFA,1871181,"FAMILY OFFICE OF AMERICA, INC."
FNGR,1602409,"FingerMotion, Inc."
AVD,5981,AMERICAN VANGUARD CORP
WAMFF,1893899,Alaska Silver Corp.
PDCC,1998043,Pearl Diver Credit Co Inc.
BYSI,1677940,BeyondSpring Inc.
HTCO,1928948,High-Trend International Group
TMRC,1445942,Texas Mineral Resources Corp.
CYPH,1509745,CYPHERPUNK TECHNOLOGIES INC.
LNSR,1320350,"LENSAR, Inc."
MOB,1898643,Mobilicom Ltd
CCG,1965473,Cheche Group Inc.
ICG,1895597,Intchains Group Ltd
VLT,846671,Invesco High Income Trust II
CXH,847411,MFS INVESTMENT GRADE MUNICIPAL TRUST
EEA,791718,"EUROPEAN EQUITY FUND, INC / MD"
GUTS,1572616,"FRACTYL HEALTH, INC."
HOVR,1930021,New Horizon Aircraft Ltd.
XGN,1274737,EXAGEN INC.
YTRA,1516899,"Yatra Online, Inc."
STLE,779227,STEELE BANCORP INC
ALOT,8146,"AstroNova, Inc."
ITMSF,1285170,INTERMAP TECHNOLOGIES CORP
OPHC,1288855,"OptimumBank Holdings, Inc."
BTMD,1819253,biote Corp.
SRTS,1494891,"Sensus Healthcare, Inc."
IZEA,1495231,"IZEA Worldwide, Inc."
AUXXF,1725603,A2 Gold Corp.
KBSX,2014254,FST Corp.
CCIF,1517767,Carlyle Credit Income Fund
BLNE,1534708,"Beeline Holdings, Inc."
OM,1484612,"Outset Medical, Inc."
AIRG,1272842,AIRGAIN INC
ACET,1720580,"Adicet Bio, Inc."
HAIN,910406,HAIN CELESTIAL GROUP INC
RFL,1713863,"Rafael Holdings, Inc."
NOMA,1994214,Nomadar Corp.
COEP,1759186,"Coeptis Therapeutics Holdings, Inc."
THCH,1877333,TH International Ltd
PMVC,1807765,PMV Consumer Acquisition Corp.
LFT,1547546,"Lument Finance Trust, Inc."
PGZ,1557523,Principal Real Estate Income Fund
TLGYF,1879814,TLGY ACQUISITION CORP
DMNIF,2000640,Damon Inc.
CTM,1877939,"Castellum, Inc."
NRRSF,1778940,Norsemont Mining Inc.
ATHE,1131343,ALTERITY THERAPEUTICS LTD
DCGO,1822359,DocGo Inc.
FORA,1829280,Forian Inc.
SLSN,883107,"SOLESENCE, INC."
LOOP,1504678,"Loop Industries, Inc."
IBAC,1998781,IB Acquisition Corp.
FSP,1031316,FRANKLIN STREET PROPERTIES CORP /MA/
ZTEK,1904501,Zentek Ltd.
AGIG,1156041,"ABUNDIA GLOBAL IMPACT GROUP, INC."
MCHX,1224133,MARCHEX INC
LFS,2030277,"LEIFRAS Co., Ltd."
PYYX,939930,"PYXUS INTERNATIONAL, INC."
PODC,1940177,"PodcastOne, Inc."
KSCP,1600983,"Knightscope, Inc."
SOTK,806172,SONO TEK CORP
VOC,1505413,VOC Energy Trust
AURE,1765850,Aurelion Inc.
AURX,1091596,"Nuo Therapeutics, Inc."
FEAM,1888654,"5E Advanced Materials, Inc."
CHGG,1364954,"CHEGG, INC"
GMM,1913749,Global Mofy AI Ltd
RSF,1644771,"RiverNorth Capital & Income Fund, Inc."
BDL,12040,FLANIGANS ENTERPRISES INC
SYHBF,1541190,SKYHARBOUR RESOURCES LTD
LRDC,1442492,"Laredo Oil, Inc."
ASRV,707605,AMERISERV FINANCIAL INC /PA/
TGE,2053456,Generation Essentials Group
AFCG,1822523,Advanced Flower Capital Inc.
ACRV,1781174,"Acrivon Therapeutics, Inc."
JANL,1133062,JANEL CORP
ZBAI,1755058,ATIF Holdings Ltd
WFCF,1360565,"Where Food Comes From, Inc."
GEG,1831096,"Great Elm Group, Inc."
EXOZ,2010788,EXOZYMES INC.
MYPS,1823878,"PLAYSTUDIOS, Inc."
PVL,1520048,Permianville Royalty Trust
IMA,1835579,"ImageneBio, Inc."
RGS,716643,REGIS CORP
ISTKF,1678748,Intellistake Technologies Corp.
INDO,1757840,Indonesia Energy Corp Ltd
UEIC,101984,UNIVERSAL ELECTRONICS INC
FSEA,1943802,"First Seacoast Bancorp, Inc."
SOGP,1783407,Sound Group Inc.
AIRT,353184,AIR T INC
DXR,27367,DAXOR CORP
APWC,1026980,ASIA PACIFIC WIRE & CABLE CORP LTD
RTGN,1836295,RetinalGenix Technologies Inc.
FFAI,1805521,FARADAY FUTURE INTELLIGENT ELECTRIC INC.
KRFG,774415,"King Resources, Inc."
SEAT,1856031,Vivid Seats Inc.
UMEW,1114936,UMeWorld Inc.
ELTK,1024672,ELTEK LTD
MDNC,1931055,Medinotec Inc.
AVX,1826397,AVAX ONE TECHNOLOGY LTD.
SDM,2014955,Smart Digital Group Ltd
TCRX,1783328,"TScan Therapeutics, Inc."
EDSA,1540159,"Edesa Biotech, Inc."
GPGCF,1813241,Great Pacific Gold Corp.
EDVR,1917599,Endeavor Bancorp
MNY,1974044,MoneyHero Ltd
CHEV,1459188,Charging Robotics Inc.
ESGH,1883835,ESG Inc.
ELBM,1907184,Electra Battery Materials Corp
SNBR,827187,Sleep Number Corp
LEAT,1456189,Leatt Corp
SOHOB,1313536,SOTHERLY HOTELS LP
TIL,1789769,"Instil Bio, Inc."
LVO,1491419,"LiveOne, Inc."
GROV,1841761,"Grove Collaborative Holdings, Inc."
SELF,1031235,"Global Self Storage, Inc."
ICCC,811641,IMMUCELL CORP /DE/
DDC,1808110,DDC Enterprise Ltd
NSTS,1881592,"NSTS Bancorp, Inc."
EDRY,1731388,EuroDry Ltd.
SJ,1753673,Scienjoy Holding Corp
VATE,1006837,INNOVATE Corp.
TEAD,1454938,Teads Holding Co.
HYOR,1070789,HyOrc Corp
FNUC,1769697,Frontier Nuclear & Minerals Inc.
YIBO,1868395,Planet Image International Ltd
GOCO,1808220,"GoHealth, Inc."
POSC,844985,POSITRON CORP
OTH,2067767,OFF THE HOOK YS INC.
HANNF,1123267,Hannan Metals Ltd.
AASP,930245,Agassi Sports Entertainment Corp.
CRT,881787,CROSS TIMBERS ROYALTY TRUST
GPUS,896493,"Hyperscale Data, Inc."
HYFT,1715925,MindWalk Holdings Corp.
CDAQF,1851909,Compass Digital Acquisition Corp.
FRMM,1690080,FORUM MARKETS Inc
ZOOZ,1992818,ZOOZ Strategy Ltd.
SCWO,933972,374Water Inc.
RRGB,1171759,RED ROBIN GOURMET BURGERS INC
STKS,1399520,"ONE Group Hospitality, Inc."
USPCY,1939479,China Strategic Technology Group Limited/ADR
BCHT,728385,Birchtech Corp.
LFVN,849146,Lifevantage Corp
PRTS,1378950,"CarParts.com, Inc."
LUNG,1127537,Pulmonx Corp
CATO,18255,CATO CORP
FMFG,1698022,"Farmers & Merchants Bancshares, Inc."
GMHS,2000530,Gamehaus Holdings Inc.
JMM,838131,Nuveen Multi-Market Income Fund
YI,1738906,"111, Inc."
STG,1723935,Sunlands Technology Group
MXE,863900,MEXICO EQUITY & INCOME FUND INC
KLXE,1738827,"KLX Energy Services Holdings, Inc."
CVU,889348,CPI AEROSTRUCTURES INC
OKUR,1637715,"OnKure Therapeutics, Inc."
MPU,1953021,Mega Matrix Inc
EURK,2000410,Eureka Acquisition Corp
BENF,1775734,Beneficient
LPCN,1535955,Lipocine Inc.
COCH,1840877,"Envoy Medical, Inc."
MREO,1719714,Mereo BioPharma Group plc
BLGO,880242,"BIOLARGO, INC."
IMMP,1506184,IMMUTEP Ltd
CIGL,2001794,Concorde International Group Ltd.
WHEN,943535,"WORLD HEALTH ENERGY HOLDINGS, INC."
USEG,101594,US ENERGY CORP
DSWL,946936,DESWELL INDUSTRIES INC
TRT,732026,TRIO-TECH INTERNATIONAL
BSPA,2094107,"Ballston Spa Bancorp, Inc."
BEWFF,1113152,BEWHERE HOLDINGS INC
UCL,1775898,uCloudlink Group Inc.
BRAG,1867834,Bragg Gaming Group Inc.
MASK,1993097,3 E Network Technology Group Ltd
RMCO,1843656,Royalty Management Holding Corp
DRIO,1533998,DarioHealth Corp.
VTSI,1085243,"VirTra, Inc"
SPWH,1132105,"SPORTSMAN'S WAREHOUSE HOLDINGS, INC."
GNS,1847806,Genius Group Ltd
SODI,91668,SOLITRON DEVICES INC
ACTU,1652935,"ACTUATE THERAPEUTICS, INC."
MGLD,1005101,"Marygold Companies, Inc."
MDIA,1784254,Mediaco Holding Inc.
WYY,1034760,WIDEPOINT CORP
NXXT,1817004,"NEXTNRG, INC."
CDLX,1666071,"Cardlytics, Inc."
FTII,1889450,FutureTech II Acquisition Corp.
MGX,1785279,"Metagenomi Therapeutics, Inc."
CTOR,1851484,"CITIUS ONCOLOGY, INC."
CPPMF,1968617,Coppernico Metals Inc.
AVAI,1740797,"AVAI BIO, INC."
RNXT,1574094,"RenovoRx, Inc."
VIPRF,1684662,SILVER VIPER MINERALS CORP.
HFBL,1500375,"Home Federal Bancorp, Inc. of Louisiana"
CTNT,1951667,CHEETAH NET SUPPLY CHAIN SERVICE INC.
GGR,1886190,Gogoro Inc.
CMBM,1738177,Cambium Networks Corp
MDAI,1833498,"Spectral AI, Inc."
UBXG,1888525,U-BX Technology Ltd.
REED,1140215,"REED'S, INC."
RDEXF,1856082,Red Pine Exploration Inc.
CNVS,1173204,Cineverse Corp.
STSS,1737995,Sharps Technology Inc.
AHMA,2010959,AMBITIONS ENTERPRISE MANAGEMENT CO. L.L.C
ASFH,1828748,ASIAFIN HOLDINGS CORP.
HMR,2029471,Heidmar Maritime Holdings Corp.
ECOR,1560258,"electroCore, Inc."
ALCY,1901336,Alchemy Investments Acquisition Corp 1
RKHNF,1422532,ROCKHAVEN RESOURCES LTD
SNTL,889353,Sentinel Holdings Ltd.
MLCI,2051820,Mount Logan Capital Inc.
FMY,1319183,FIRST TRUST MORTGAGE INCOME FUND
LINK,828146,INTERLINK ELECTRONICS INC
LOAN,1080340,"MANHATTAN BRIDGE CAPITAL, INC"
XHG,1769256,XChange TEC.INC
BREZ,2095443,Breeze Acquisition Corp. II
CDIX,811222,Cardiff Lexington Corp
AAME,8177,ATLANTIC AMERICAN CORP
KWM,2000756,K Wave Media Ltd.
TCBS,1849466,"Texas Community Bancshares, Inc."
BOF,1962481,BranchOut Food Inc.
PLUT,1933021,Plutus Financial Group Ltd
OAKV,1865429,"Oak View Bankshares, Inc."
PETS,1040130,PETMED EXPRESS INC
RYDE,1971115,Ryde Group Ltd
OSTX,1795091,OS Therapies Inc
OMEX,798528,ODYSSEY MARINE EXPLORATION INC
PLNH,1813452,Planet 13 Holdings Inc.
INVU,862651,"Investview, Inc."
BWEN,1120370,"BROADWIND, INC."
SQNS,1383395,SEQUANS COMMUNICATIONS
HCMC,844856,Healthier Choices Management Corp.
BKHA,2000775,Black Hawk Acquisition Corp
VRDR,1506929,"VERDE RESOURCES, INC."
BIOF,1549145,"BLUE BIOFUELS, INC."
BHM,1903382,"Bluerock Homes Trust, Inc."
AXIL,1718500,"Axil Brands, Inc."
HGBL,849145,Heritage Global Inc.
DOMH,12239,Dominari Holdings Inc.
CPIX,1087294,CUMBERLAND PHARMACEUTICALS INC
PXS,1640043,Pyxis Tankers Inc.
ATOS,1488039,"ATOSSA THERAPEUTICS, INC."
MOBX,1855467,"MOBIX LABS, INC"
TAOX,1571934,TAO Synergies Inc.
WBX,1866501,Wallbox N.V.
SEOVF,1491434,SERNOVA CORP.
ESHA,1918661,ESH Acquisition Corp.
APT,884269,ALPHA PRO TECH LTD
KZR,1645666,"Kezar Life Sciences, Inc."
XBP,1839530,"XBP Global Holdings, Inc."
ACFN,880984,"ACORN ENERGY, INC."
EHTH,1333493,"eHealth, Inc."
PRPO,1043961,"Precipio, Inc."
SCLX,1820190,Scilex Holding Co
JETBF,1846084,Global Crossing Airlines Group Inc.
BEAT,1779372,"HeartBeam, Inc."
ARAY,1138723,ACCURAY INC
BRIA,2000230,BrilliA Inc
PSIG,1997201,PS International Group Ltd.
WTHVF,1562530,Westhaven Gold Corp.
SORA,2033515,AsiaStrategy
AZASF,1701599,Arizona Gold & Silver Inc.
IDXG,1054102,"INTERPACE BIOSCIENCES, INC."
NALG,1059689,North America Lithium & Gold Corp
RLYB,1739410,Rallybio Corp
ESAUF,1657800,ESGold Corp.
KANP,1230058,KAANAPALI LAND LLC
IEHC,50292,IEH Corp
NTRB,1676047,NutriBand Inc.
MATH,1682241,Metalpha Technology Holding Ltd
ELWT,2063863,"Elauwit Connection, Inc."
ELUT,1708527,ELUTIA INC.
LSTA,320017,"LISATA THERAPEUTICS, INC."
EONR,1842556,EON Resources Inc.
SACH,1682220,Sachem Capital Corp.
PTLE,2016337,PTL Ltd
HCHL,2046656,Happy City Holdings Ltd
ICCM,1584371,IceCure Medical Ltd.
GIBO,2034520,GIBO HOLDINGS Ltd
UAVS,8504,AgEagle Aerial Systems Inc.
FIEE,1467761,"FiEE, Inc."
BRFH,1487197,BARFRESH FOOD GROUP INC.
DRYGF,2006413,Dryden Gold Corp.
ALAR,1725332,Alarum Technologies Ltd.
LITS,1262104,"Lite Strategy, Inc."
SKBL,2031009,Skyline Builders Group Holding Ltd
TELO,1971532,"Telomir Pharmaceuticals, Inc."
FSTJ,1525306,First America Resources Corp
RYES,1424864,Rise Gold Corp.
MIRA,1904286,"MIRA PHARMACEUTICALS, INC."
JG,1737339,Aurora Mobile Ltd
RDI,716634,READING INTERNATIONAL INC
CTSO,1175151,Cytosorbents Corp
IBATF,1786318,INTERNATIONAL BATTERY METALS LTD.
SRXH,1471727,"SRx Health Solutions, Inc."
STI,1881551,Solidion Technology Inc.
DUO,1750593,Fangdd Network Group Ltd.
OFS,1487918,OFS Capital Corp
FGNX,1591890,FG Nexus Inc.
FKWL,722572,FRANKLIN WIRELESS CORP
QETA,1978528,Quetta Acquisition Corp
ABVE,1979484,Above Food Ingredients Inc.
LISMF,1643715,LITHIUM SOUTH DEVELOPMENT Corp
BGL,2019435,Blue Gold Ltd
PSTV,1095981,"PLUS THERAPEUTICS, INC."
CNTY,911147,CENTURY CASINOS INC /CO/
MHUBF,1869137,MineHub Technologies Inc.
MLGO,1800392,MicroAlgo Inc.
ONMD,1849380,OneMedNet Corp
RGCCF,1918151,Relevant Gold Corp.
GKOR,1474558,Golkor Inc.
MAMO,1952853,Massimo Group
GLXZ,13156,"Galaxy Gaming, Inc."
LITB,1523836,"LightInTheBox Holding Co., Ltd."
ALGS,1799448,"Aligos Therapeutics, Inc."
ESLA,1844417,"Estrella Immunopharma, Inc."
QNTO,1391933,"QUAINT OAK BANCORP, INC."
KNRX,1982960,KNOREX LTD.
PLMJF,1845550,Plum Acquisition Corp. III
MDWK,1295514,"MDWerks, Inc."
TETEF,1900679,Technology & Telecommunication Acquisition Corp
ROLR,1947210,"High Roller Technologies, Inc."
QSEP,1103795,"QS Energy, Inc."
ZYBT,1975641,Zhengye Biotechnology Holding Ltd
INCR,1857030,Intercure Ltd.
PRT,1724009,PermRock Royalty Trust
MRNO,1988776,Murano Global Investments Plc
MSSAF,1882464,Metal Sky Star Acquisition Corp
SFCX,1624985,SUPA Consolidated Inc.
FCO,876717,"ABRDN GLOBAL INCOME FUND, INC."
OESX,1409375,"ORION ENERGY SYSTEMS, INC."
DYNR,1111741,"DYNARESOURCE, INC."
SAGGF,1727370,Sterling Metals Corp.
GRF,850027,"EAGLE CAPITAL GROWTH FUND, INC."
NTWK,1039280,NETSOL TECHNOLOGIES INC
BDCO,793306,BLUE DOLPHIN ENERGY CO
RMTI,1041024,"ROCKWELL MEDICAL, INC."
ATRA,1604464,"Atara Biotherapeutics, Inc."
VTYB,1509302,Victory Bancorp Inc
VNOV,1699709,VitaNova Life Sciences Corp
SCYX,1178253,SCYNEXIS INC
INKT,1840229,"MiNK Therapeutics, Inc."
WAVE,1846715,Eco Wave Power Global AB (publ)
ZDGE,1667313,"Zedge, Inc."
MBBC,1835385,"Marathon Bancorp, Inc. /MD/"
MKTW,1805651,"MARKETWISE, INC."
KMRK,2049187,K-TECH SOLUTIONS CO LTD
RCT,2027360,RedCloud Holdings plc
SPCB,1291855,SuperCom Ltd
KDKGF,872699,KLONDIKE GOLD CORP /FI
WATT,1575793,Energous Corp
POM,1877971,POMDOCTOR Ltd
NBY,1389545,"NovaBay Pharmaceuticals, Inc."
SKLZ,1801661,Skillz Inc.
LVLU,1780201,"Lulu's Fashion Lounge Holdings, Inc."
LIVE,1045742,LIVE VENTURES Inc
PTNT,911216,PALATIN TECHNOLOGIES INC
GLBS,1499780,GLOBUS MARITIME LTD
IXHL,1873875,Incannex Healthcare Inc.
FTEK,846913,"FUEL TECH, INC."
SMOFF,1538189,Sonoro Gold Corp.
SMXT,1519472,"SolarMax Technology, Inc."
NMTC,1500198,NEUROONE MEDICAL TECHNOLOGIES Corp
LGL,61004,LGL GROUP INC
NDLS,1275158,NOODLES & Co
APLM,1944885,Apollomics Inc.
FUSE,2033383,Fusemachines Inc.
CREX,1356093,"CREATIVE REALITIES, INC."
JRSH,1696558,"Jerash Holdings (US), Inc."
MCAG,1859035,Mountain Crest Acquisition Corp. V
AIRE,1859199,reAlpha Tech Corp.
SNSE,1829802,"Sensei Biotherapeutics, Inc."
PHUN,1665300,"Phunware, Inc."
YMT,1991605,Yimutian Inc.
COHN,1270436,Cohen & Co Inc.
SLGB,1987189,Smart Logistics Global Ltd
OAKU,1945422,Oak Woods Acquisition Corp
KOSS,56701,KOSS CORP
PMN,1374339,ProMIS Neurosciences Inc.
VPLM,1410738,Voip-pal.com Inc
PPSI,1449792,"PIONEER POWER SOLUTIONS, INC."
EKSO,1549084,"EKSO BIONICS HOLDINGS, INC."
HOWL,1785530,"Werewolf Therapeutics, Inc."
AAPI,1134982,"Apple iSports Group, Inc."
STKE,1846839,SOL Strategies Inc.
AIIO,1932737,ROBO.AI INC.
JFU,1619544,9F Inc.
INIS,1038277,RADNOSTIX INC
STRR,1210708,"Star Equity Holdings, Inc."
GROW,754811,U S GLOBAL INVESTORS INC
SPND,867038,SPINDLETOP OIL & GAS CO
CBLO,1882781,"C2 Blockchain, Inc."
VERU,863894,VERU INC.
CSTE,1504379,Caesarstone Ltd.
IPWR,1507957,Ideal Power Inc.
CELU,1752828,Celularity Inc
ATCMF,1567663,ATICO MINING Corp
PRKR,914139,PARKERVISION INC
RDAC,2018145,Rising Dragon Acquisition Corp.
CRVO,1053691,CervoMed Inc.
PXLW,1040161,"PIXELWORKS, INC"
RITR,1951229,Reitar Logtech Holdings Ltd
WELNF,1877557,Integrated Wellness Acquisition Corp
KCCFF,1726906,Kutcho Copper Corp.
GWH,1819438,"ESS Tech, Inc."
YYAI,1674440,AIRWA INC.
YSXT,1993463,"YSX Tech Co., Ltd"
ASTI,1350102,"Ascent Solar Technologies, Inc."
CVV,766792,CVD EQUIPMENT CORP
CULP,723603,CULP INC
NXTC,1661059,"NextCure, Inc."
EQTRF,1635729,Altamira Gold Corp.
AZZTF,1706404,Aztec Minerals Corp.
CSDX,1106861,CS DIAGNOSTICS CORP.
UNXP,1751707,OZ VISION INC.
NTZ,900391,NATUZZI S P A
RAND,81955,RAND CAPITAL CORP
CRSF,924396,Crisp Momentum Inc.
MMCP,1879293,"Mag Mile Capital, Inc."
BCG,1953984,"Binah Capital Group, Inc."
RYM,1800637,"RYTHM, Inc."
CNTM,1895249,"ConnectM Technology Solutions, Inc."
HLEO,1953988,Helio Corp /FL/
SRLZF,861972,Salazar Resources Ltd
BTAI,1720893,"BioXcel Therapeutics, Inc."
RPMT,1437283,"REGO PAYMENT ARCHITECTURES, INC."
TACT,1017303,TRANSACT TECHNOLOGIES INC
ATHR,2026353,"Aether Holdings, Inc."
RYET,1873454,Ruanyun Edai Technology Inc.
KFFB,1297341,Kentucky First Federal Bancorp
GDHG,1928340,GOLDEN HEAVEN GROUP HOLDINGS LTD.
RAVE,718332,"RAVE RESTAURANT GROUP, INC."
TRXA,1437750,T-REX Acquisition Corp.
RDGL,1449349,VIVOS INC
NTRP,788611,"NextTrip, Inc."
TPCS,1328792,TECHPRECISION CORP
TLPH,1427925,"TALPHERA, INC."
KPLT,1785424,"Katapult Holdings, Inc."
TELA,1561921,"TELA Bio, Inc."
SKIL,1774675,Skillsoft Corp.
JAGU,2039273,Jaguar Uranium Corp.
ATNM,1388320,"Actinium Pharmaceuticals, Inc."
GRAN,2027722,Grande Group Ltd/HK
RSRV,83350,RESERVE PETROLEUM CO
ZEFIF,1945138,Zefiro Methane Corp.
ONEG,2030834,OneConstruction Group Ltd
TKRFF,1368845,TINKA RESOURCES Ltd
NTIP,1065078,"NETWORK-1 TECHNOLOGIES, INC."
POCI,867840,"PRECISION OPTICS CORPORATION, INC."
STLNF,1729653,Stallion Uranium Corp.
NCEW,1968043,New Century Logistics (BVI) Ltd
BAYA,1969475,Bayview Acquisition Corp
INUV,829323,"Inuvo, Inc."
RADX,1949257,Radiopharm Theranostics Ltd
GDSRF,1427901,Gold Strike Resources Corp.
CXXIF,831609,C21 Investments Inc.
NEPH,1196298,NEPHROS INC
BRLS,1852973,Borealis Foods Inc.
INLX,1081745,"INTELLINETICS, INC."
JSDA,1083522,JONES SODA CO.
TOON,1355848,"Kartoon Studios, Inc."
SSGC,1584693,SafeSpace Global Corp
JSPR,1788028,"Jasper Therapeutics, Inc."
CGTL,1967822,Creative Global Technology Holdings Ltd
WSTRF,1621906,Western Uranium & Vanadium Corp.
WPRT,1370416,WESTPORT FUEL SYSTEMS INC.
OMH,1944902,Ohmyhome Ltd
RNTX,1420565,"Rein Therapeutics, Inc."
IMTCF,1288268,Intrepid Metals Corp.
ARAI,1818274,Arrive AI Inc.
ENGS,1971828,Energys Group Ltd
GIFT,1760233,"GIFTIFY, INC."
BOSC,1005516,BOS BETTER ONLINE SOLUTIONS LTD
TVRD,1346830,"Tvardi Therapeutics, Inc."
VASO,839087,VASO Corp
AACG,1420529,ATA Creativity Global
MRMD,1522767,MARIMED INC.
VGES,1746119,Vanguard Green Investment Ltd
INMB,1711754,"Inmune Bio, Inc."
SWAG,1872525,"Stran & Company, Inc."
USIO,1088034,"Usio, Inc."
OPAD,1825024,Offerpad Solutions Inc.
BTM,1901799,Bitcoin Depot Inc.
QTZM,1663038,Quantum Genesis AI Corp.
PSQH,1847064,"PSQ Holdings, Inc."
NHTC,912061,NATURAL HEALTH TRENDS CORP
YXT,1872090,YXT.COM GROUP HOLDING Ltd
ATCH,1963088,"AtlasClear Holdings, Inc."
TDTH,1983550,Trident Digital Tech Holdings Ltd
EMGDF,1790607,Eminent Gold Corp.
VIPZ,1832161,"VIP Play, Inc."
AAQL,1672571,Antiaging Quantum Living Inc.
PLUR,1158780,Pluri Inc.
EVAX,1828253,Evaxion A/S
ABLV,1957489,Able View Global Inc.
CLRCF,1903392,ClimateRock
DYAI,1213809,DYADIC INTERNATIONAL INC
ANGH,1871983,Anghami Inc
FOXX,2013807,Foxx Development Holdings Inc.
FEMY,1339005,FEMASYS INC
PC,1998056,Premium Catering (Holdings) Ltd
HERZ,880406,"Herzfeld Credit Income Fund, Inc"
TMDE,2009714,TMD Energy Ltd
PDSB,1472091,PDS Biotechnology Corp
VRHI,2078149,"Veri MedTech Holdings, Inc."
AMBI,1937441,Ambipar Emergency Response
MDBH,1934642,"MDB Capital Holdings, LLC"
BCTX,1610820,BriaCell Therapeutics Corp.
HSPOF,1946021,Horizon Space Acquisition I Corp.
LPSN,1102993,LIVEPERSON INC
CNOBF,1683408,Rocky Shore Gold Ltd.
RMXI,1970743,"RMX INDUSTRIES, INC."
ITHR,1919191,"Intelithrive, Inc."
SFCO,1831523,Southern Financial Corp
CVM,725363,CEL SCI CORP
REFR,793524,RESEARCH FRONTIERS INC
UONE,1041657,"URBAN ONE, INC."
USREF,2037786,Tactical Resources Corp.
ZDAI,1966678,"DirectBooking Technology Co., Ltd."
ZLME,1489300,Zhanling International Ltd
PGZFF,1566073,Pan Global Resources Inc.
CRWS,25895,CROWN CRAFTS INC
DTST,1419951,Data Storage Corp
NSRX,2029039,Nasus Pharma Ltd
FOFO,2060083,"Hang Feng Technology Innovation Co., Ltd."
EPOW,1780731,E-Power Inc.
ACCS,843006,ACCESS Newswire Inc.
QZMRF,811522,QUARTZ MOUNTAIN RESOURCES LTD
QCLS,1321834,"Q/C TECHNOLOGIES, INC."
NAAS,1712178,NaaS Technology Inc.
CIF,833021,MFS INTERMEDIATE HIGH INCOME FUND
KTCC,719733,KEY TRONIC CORP
LSH,1996192,Lakeside Holding Ltd
HYPD,1682639,"HYPERION DEFI, INC."
VNCE,1579157,VINCE HOLDING CORP.
HRGN,1563665,"Harvard Apparatus Regenerative Technology, Inc."
NSYS,722313,NORTECH SYSTEMS INC
ABVC,1173313,"ABVC BIOPHARMA, INC."
GDST,1858007,Goldenstone Acquisition Ltd.
UG,101295,UNITED GUARDIAN INC
PFAI,2032755,Pinnacle Food Group Ltd
WBQNL,1785494,Woodbridge Liquidation Trust
SFRX,1106213,SEAFARER EXPLORATION CORP
XCUR,1698530,"EXICURE, INC."
NSFDF,1009922,NXT Energy Solutions Inc.
AIFF,803578,"FIREFLY NEUROSCIENCE, INC."
ZKIN,1687451,"ZK International Group Co., Ltd."
AYTU,1385818,"AYTU BIOPHARMA, INC"
SAGT,2029138,SAGTEC GLOBAL Ltd
WBSR,1645155,Webstar Technology Group Inc.
CLPS,1724542,CLPS Inc
BMNM,1275477,"BIMINI CAPITAL MANAGEMENT, INC."
CYN,1874097,Cyngn Inc.
HOLO,1841209,MicroCloud Hologram Inc.
LDDD,1892316,Longduoduo Co Ltd
EMCGF,1869601,Embrace Change Acquisition Corp.
VNTG,2027160,Vantage Corp (Singapore)
BEEM,1398805,Beam Global
WKHS,1425287,Workhorse Group Inc.
SUUN,2011053,POWERBANK Corp
EHSI,1089815,Elite Health Systems Inc.
BIRD,1653909,"Allbirds, Inc."
JOB,40570,GEE Group Inc.
MILIF,1866460,Military Metals Corp.
RAPH,1415397,Raphael Pharmaceutical Inc.
KYNB,921299,"KYNTRA BIO, INC."
VNRX,93314,VOLITIONRX LTD
TBMC,1934945,Trailblazer Merger Corp I
TPET,1898766,Trio Petroleum Corp
PMEC,1891944,Primech Holdings Ltd
BONXF,1544770,BONTERRA RESOURCES INC.
PRKA,1297937,"PARKS AMERICA, INC"
ICMB,1578348,"Investcorp Credit Management BDC, Inc."
FARM,34563,FARMER BROTHERS CO
RYOJ,2012600,"rYojbaba Co., Ltd."
NIXX,1462223,"Nixxy, Inc."
SRGZ,1401835,Star Gold Corp.
MYO,1369290,"MYOMO, INC."
DFNS,1787518,T3 Defense Inc.
PHNMF,1720553,Phenom Resources Corp.
HAFG,1367993,"Holistic Asset Finance Group Co., Ltd."
HYEX,1630176,HEALTHY EXTRACTS INC.
ITHUF,1643154,"iANTHUS CAPITAL HOLDINGS, INC."
DXLG,813298,"DESTINATION XL GROUP, INC."
AEON,1837607,"AEON Biopharma, Inc."
GTHP,924515,GUIDED THERAPEUTICS INC
BZDLF,1527038,KINCORA COPPER LTD
TXMD,25743,"TherapeuticsMD, Inc."
FTHM,1753162,Fathom Holdings Inc.
ETST,1538495,"Earth Science Tech, Inc."
ATCX,1684688,ATLAS CRITICAL MINERALS Corp
BIOX,1769484,Bioceres Crop Solutions Corp.
TINFF,1864597,Tincorp Metals Inc.
UFG,2021688,Uni-Fuels Holdings Ltd
CFND,2044327,C1 Fund Inc.
HWAUF,1817161,Headwater Gold Inc.
SER,1708599,"Serina Therapeutics, Inc."
FATN,1993400,Fatpipe Inc/UT
LGVN,1721484,Longeveron Inc.
RCON,1442620,"Recon Technology, Ltd"
VEEA,1840317,VEEA INC.
PFSB,1967656,"PFS Bancorp, Inc."
PLSM,2064764,Pulsenmore Ltd.
NRDE,1759546,NU RIDE INC.
BLIV,1982448,BeLive Holdings
ADGM,2006986,"Adagio Medical Holdings, Inc."
JVA,1007019,COFFEE HOLDING CO INC
EZGO,1806904,EZGO Technologies Ltd.
CPOP,1807389,"Pop Culture Group Co., Ltd"
ZBAO,1966750,Zhibao Technology Inc.
KLNG,1110607,"Koil Energy Solutions, Inc."
MAXN,1796898,"Maxeon Solar Technologies, Ltd."
BOLD,1782303,"Boundless Bio, Inc."
ASPC,1890361,ASPAC III Acquisition Corp.
AWRE,1015739,AWARE INC /MA/
DFLI,1847986,Dragonfly Energy Holdings Corp.
FMST,1935418,Foremost Clean Energy Ltd.
GAME,1714562,"GameSquare Holdings, Inc."
CRMZ,315958,CREDITRISKMONITOR COM INC
QRHC,1442236,Quest Resource Holding Corp
WRPT,1842138,ULIXE CORP.
NOM,899782,NUVEEN MISSOURI QUALITY MUNICIPAL INCOME FUND
MVO,1371782,MV Oil Trust
KDOZF,1318482,KIDOZ INC.
LTRN,1763950,Lantern Pharma Inc.
CHAI,1649009,"Core AI Holdings, Inc."
CUE,1645460,"Cue Biopharma, Inc."
EQS,878932,"EQUUS TOTAL RETURN, INC."
ARKR,779544,ARK RESTAURANTS CORP
GUER,1832487,"Guerrilla RF, Inc."
REVFF,1002366,Gitennes Exploration Inc.
CCEL,862692,CRYO CELL INTERNATIONAL INC
BAFN,1649739,BayFirst Financial Corp.
PETV,1512922,"PetVivo Holdings, Inc."
LOCL,1840780,Local Bounti Corporation/DE
STLY,797465,"HG Holdings, Inc."
KNGRF,1191832,Kingsmen Resources Ltd.
AWCA,1021917,"Awaysis Capital, Inc."
CNF,1733868,CNFinance Holdings Ltd.
FLUX,1083743,"Flux Power Holdings, Inc."
IGC,1326205,"IGC Pharma, Inc."
PLAG,1117057,Planet Green Holdings Corp.
VTGN,1411685,"Vistagen Therapeutics, Inc."
NRSN,1875091,NeuroSense Therapeutics Ltd.
KAYS,1530746,"Kaya Holdings, Inc."
NEUP,1191070,Neuphoria Therapeutics Inc.
MNDO,1119083,MIND CTI LTD
SDST,1831979,Stardust Power Inc.
MODD,1074871,"Modular Medical, Inc."
FEDU,1709819,Four Seasons Education (Cayman) Inc.
LSF,1650696,"Laird Superfood, Inc."
LASE,1807887,Laser Photonics Corp
IINN,1837493,Inspira Technologies OXY B.H.N. Ltd
BMR,1899005,Beamr Imaging Ltd.
TPST,1544227,"Tempest Therapeutics, Inc."
LIXT,1335105,"LIXTE BIOTECHNOLOGY HOLDINGS, INC."
NEON,87050,Neonode Inc.
AITX,1498148,Artificial Intelligence Technology Solutions Inc.
BZFD,1828972,"BuzzFeed, Inc."
ROMJF,1742195,Rubicon Organics Inc.
AAUAF,1015647,ALMADEN MINERALS LTD
PSHG,1481241,Performance Shipping Inc.
XOS,1819493,"Xos, Inc."
IRIX,1006045,IRIDEX CORP
MLSS,855683,MILESTONE SCIENTIFIC INC.
TOP,1848275,TOP Financial Group Ltd
HBIO,1123494,HARVARD BIOSCIENCE INC
UTSI,1030471,UTSTARCOM HOLDINGS CORP.
KARX,1729637,Karbon-X Corp.
POWMF,1988634,Power Metal Resources PLC
FENG,1509646,Phoenix New Media Ltd
RAIN,2028293,"Rain Enhancement Technologies Holdco, Inc."
NYC,1595527,American Strategic Investment Co.
ORIO,1602842,Orion Digital Corp.
RCG,919567,"RENN Fund, Inc."
USGDF,1726159,AMERICAN PACIFIC MINING CORP
GSIW,1954269,Garden Stage Ltd
PVCT,315545,"PROVECTUS BIOPHARMACEUTICALS, INC."
SNTI,1854270,"Senti Biosciences, Inc."
DAIO,351998,DATA I/O CORP
CLOQ,1437517,"CYBERLOQ TECHNOLOGIES, INC."
TRGEF,1989815,Targa Exploration Corp.
IGTA,1866838,Inception Growth Acquisition Ltd
SPEX,2099188,Spectre Acquisition Corp
AVNI,1113313,ARVANA INC
WNDW,1071840,"SolarWindow Technologies, Inc."
MXC,66418,MEXCO ENERGY CORP
WYHG,1999860,Wing Yip Food Holdings Group Ltd
BRNS,1828185,Barinthus Biotherapeutics plc.
TARSF,1409036,Silver North Resources Ltd.
EVTV,1563568,"Envirotech Vehicles, Inc."
APAAF,1419336,Appia Rare Earths & Uranium Corp.
BHIC,1784440,"BioScience Health Innovations, Inc."
BURU,1814215,"Nuburu, Inc."
AUSI,826253,AURA SYSTEMS INC
SMSI,948708,"SMITH MICRO SOFTWARE, INC."
BKUCF,1463978,BLUE SKY URANIUM CORP.
SNNF,2072421,"Seneca Bancorp, Inc."
WIMI,1770088,WiMi Hologram Cloud Inc.
RVP,946563,RETRACTABLE TECHNOLOGIES INC
POAS,2024258,Phaos Technology (Cayman) Holdings Ltd
DOGZ,1707303,Dogness (International) Corp
PASG,1787297,"Passage BIO, Inc."
YQ,1821468,17 Education & Technology Group Inc.
CKX,352955,"CKX LANDS, INC."
TBHC,1056285,"BRAND HOUSE COLLECTIVE, INC."
RMCF,1616262,"Rocky Mountain Chocolate Factory, Inc."
BHSIF,1432588,BAYHORSE SILVER INC.
SNAL,1886894,"Snail, Inc."
LIMX,1803977,Limitless X Holdings Inc.
TVGN,1860871,Tevogen Bio Holdings Inc.
IPM,1355839,INTELLIGENT PROTECTION MANAGEMENT CORP.
APUS,1894525,"Apimeds Pharmaceuticals US, Inc."
JGLDF,1686000,Japan Gold Corp.
BANL,1914805,CBL International Ltd
MSGM,1821175,Motorsport Games Inc.
EPSM,1883437,Epsium Enterprise Ltd
ECRO,1300317,ECC Capital CORP
AQUC,1861063,Aquaron Acquisition Corp.
INTZ,736012,INTRUSION INC
IVFH,312257,INNOVATIVE FOOD HOLDINGS INC
SKYE,1516551,"Skye Bioscience, Inc."
VBIX,797542,Viewbix Inc.
SPRS,747540,SURGE COMPONENTS INC
YTFD,1311673,"Yale Transaction Finders, Inc."
TC,1743340,Token Cat Ltd
EHLD,2032779,Euroholdings Ltd.
YHC,1843165,LQR House Inc.
SURG,1392694,"SurgePays, Inc."
TURB,1963439,"Turbo Energy, S.A."
NNVC,1379006,"NANOVIRICIDES, INC."
SCIA,830616,"SCI Engineered Materials, Inc."
JL,1948436,J-Long Group Ltd
TBTC,1090396,TABLE TRAC INC
AUID,1534154,authID Inc.
VYNE,1566044,VYNE Therapeutics Inc.
CNTMF,1758124,Fluent Corp.
ZSTK,1790169,ZeroStack Corp.
COGDF,1557440,Compass Gold Corp
PAYD,1017655,PAID INC
TTIPF,1877778,"Thiogenesis Therapeutics, Corp."
BESS,1066764,Bimergen Energy Corp
GNOLF,1261002,GENOIL INC
ACCL,2038378,Acco Group Holdings Ltd
SMX,1940674,SMX (Security Matters) Public Ltd Co
MSAI,1863990,"MultiSensor AI Holdings, Inc."
LRE,1888980,"LEAD REAL ESTATE CO., LTD"
CHKR,1524769,CHESAPEAKE GRANITE WASH TRUST
IRVRF,1666782,Irving Resources Inc.
MOGU,1743971,MOGU Inc.
AHT,1232582,ASHFORD HOSPITALITY TRUST INC
THH,2044241,TryHard Holdings Ltd
KPEA,1502557,Kun Peng International Ltd.
LEXX,1348362,Lexaria Bioscience Corp.
GRNQ,1597846,Greenpro Capital Corp.
STAK,2002453,STAK Inc.
TRSG,1943444,Tungray Technologies Inc
UPLD,1505155,"Upland Software, Inc."
RDGMF,1820025,Ridgeline Minerals Corp
GREE,1844971,Greenidge Generation Holdings Inc.
PN,2001288,Skycorp Solar Group Ltd
AUST,1817740,Austin Gold Corp.
OBAI,1756064,"Our Bond, Inc."
CTRM,1720161,Castor Maritime Inc.
LHAI,2017758,Linkhome Holdings Inc.
PAPL,1938109,Pineapple Financial Inc.
TIGCF,1387473,Triumph Gold Corp.
SCNX,1382574,"Scienture Holdings, Inc."
DUKR,1638911,DUKE Robotics Corp.
DLPN,1282224,"Dolphin Entertainment, Inc."
TLF,909724,TANDY LEATHER FACTORY INC
GOVB,1978811,"Gouverneur Bancorp, Inc./MD/"
CMHSF,1889352,COMPREHENSIVE HEALTHCARE SYSTEMS INC. (CANADA)
PASW,1897532,"Ping An Biomedical Co., Ltd."
ALLR,1860657,"Allarity Therapeutics, Inc."
DARE,1401914,"Dare Bioscience, Inc."
BIAF,1712762,"bioAffinity Technologies, Inc."
BRKCF,1019742,BARKSDALE RESOURCES CORP.
USEA,1912847,United Maritime Corp
RVSN,1743905,Rail Vision Ltd.
QNTM,1771885,Quantum Biopharma Ltd.
GEBRF,1570843,Greenbriar Sustainable Living Inc.
GYRO,1589061,"Gyrodyne, LLC"
SGRP,1004989,"SPAR Group, Inc."
RECT,1995116,Rectitude Holdings Ltd.
OTLC,908259,"Oncotelic Therapeutics, Inc."
KTTA,1841330,Pasithea Therapeutics Corp.
ORGN,1802457,"Origin Materials, Inc."
FAMI,1701261,"Farmmi, Inc."
FBLG,1958777,"FibroBiologics, Inc."
GTEC,1735041,Greenland Technologies Holding Corp.
APCX,1070050,AppTech Payments Corp.
CRVW,1377149,CareView Communications Inc
MYND,1708441,"Mynd.ai, Inc."
UPYY,1677897,UPAY
AIJTY,1713923,Jianpu Technology Inc.
SELX,1990950,Semilux International Ltd.
DBGI,1668010,"Digital Brands Group, Inc."
HHS,45919,HARTE HANKS INC
EUDA,1847846,EUDA Health Holdings Ltd
MSBB,1967306,"Mercer Bancorp, Inc."
TRAW,1130598,"Traws Pharma, Inc."
PRZO,1916241,ParaZero Technologies Ltd.
AMOD,1862463,"ALPHA MODUS HOLDINGS, INC."
HUIZ,1778982,Huize Holding Ltd
AIDX,1139685,"20/20 Biolabs, Inc."
HUDI,1791725,"Huadi International Group Co., Ltd."
HNOI,1342916,"HNO International, Inc."
GNTA,1838716,Genenta Science S.p.A.
CAPT,1967478,Captivision Inc.
RNGE,1438943,"RANGE IMPACT, INC."
RMESF,1358654,"RED METAL RESOURCES, LTD."
JXG,1546383,JX Luxventure Group Inc.
NAII,787253,NATURAL ALTERNATIVES INTERNATIONAL INC
BHV,1169034,BLACKROCK VIRGINIA MUNICIPAL BOND TRUST
VAUCF,1723047,Viva Gold Corp.
LGPS,2040290,LOGPROSTYLE INC.
RLBY,34285,RELIABILITY INC
AUIAF,1568183,AURANIA RESOURCES LTD.
OTLK,1649989,"Outlook Therapeutics, Inc."
NZERF,1509705,New Zealand Energy Corp.
UUU,102109,"UNIVERSAL SAFETY PRODUCTS, INC."
LGCB,1969401,Linkage Global Inc
BFNH,1310488,"BIOFORCE NANOSCIENCES HOLDINGS, INC."
CRWE,1103833,"Crown Equity Holdings, Inc."
GMVMF,1495730,GMV Minerals Inc.
PCSV,1122020,"PCS Edventures!, Inc."
SPST,1192323,Superstar Platforms Inc.
ABIT,1095146,Athena Bitcoin Global
CSAI,1709628,"CLOUDASTRUCTURE, INC."
NNUP,888981,NOCOPI TECHNOLOGIES INC/MD/
MDRR,1654595,"Medalist Diversified, Inc."
MRKR,1094038,"Marker Therapeutics, Inc."
ZGM,2011458,Zenta Group Co Ltd
EDTK,1782309,Skillful Craftsman Education Technology Ltd
IAALF,1450894,IBC Advanced Alloys Corp.
HIND,1427570,"Vyome Holdings, Inc"
GIGM,1105101,GIGAMEDIA Ltd
QVCGA,1355096,"QVC Group, Inc."
CISO,1777319,"CISO Global, Inc."
PBMLF,1319150,Pacific Booker Minerals Inc.
CTXR,1506251,"Citius Pharmaceuticals, Inc."
LIVG,1593549,"Livento Group, Inc."
WETH,1826660,Wetouch Technology Inc.
MGIH,1903995,Millennium Group International Holdings Ltd
CCM,1472072,Concord Medical Services Holdings Ltd
ELSE,351789,ELECTRO SENSORS INC
MTWO,1753373,"M2i Global, Inc."
SAIH,1847075,SAIHEAT Ltd
JF,1716338,J & Friends Holdings Ltd
PRHI,1502292,"Presurance Holdings, Inc."
STCB,1539850,"Starco Brands, Inc."
BLTH,1487718,"AMERICAN BATTERY MATERIALS, INC."
SLAI,1517496,SOLAI Ltd
TOPS,1296484,TOP SHIPS INC.
MOVE,1734750,"Corvex, Inc."
AERT,1853044,"Aeries Technology, Inc."
MAPPF,1493130,PROSTAR HOLDINGS INC. /BC
REE,1843588,REE Automotive Ltd.
COOT,1959994,Australian Oilseeds Holdings Ltd
IVDN,1190370,INNOVATIVE DESIGNS INC
PFHO,1138476,PACIFIC HEALTH CARE ORGANIZATION INC
AIRI,1009891,AIR INDUSTRIES GROUP
PDC,1944399,Perpetuals.com Ltd
ULTHF,1850269,United Lithium Corp.
SKKY,1546853,"Skkynet Cloud Systems, Inc."
MWYN,2030522,"Marwynn Holdings, Inc."
COPAF,1420049,COPAUR MINERALS INC.
INAB,1740279,"IN8BIO, INC."
ZEOX,1557376,"Zeo ScientifiX, Inc."
AIEV,1912582,"Thunder Power Holdings, Inc."
RGNT,1912966,REGENTIS BIOMATERIALS LTD.
LIQT,1307579,LIQTECH INTERNATIONAL INC
BGI,1179821,BIRKS GROUP INC.
SEED,1321851,Origin Agritech LTD
INTS,1567264,"INTENSITY THERAPEUTICS, INC."
GTBP,109657,"GT Biopharma, Inc."
AHNRF,1304409,ATHENA GOLD CORP
LRRIF,1992500,Lion Rock Resources Inc.
RBNE,2039060,Robin Energy Ltd.
COCP,1412486,"Cocrystal Pharma, Inc."
CHOW,2041829,ChowChow Cloud International Holdings Ltd
ILAL,1657214,International Land Alliance Inc.
SWVL,1875609,Swvl Holdings Corp
CURX,2025942,Curanex Pharmaceuticals Inc
NXPL,1058307,NextPlat Corp
KLGDF,1901931,Kalo Gold Corp.
CBSTF,1776738,Cannabist Co Holdings Inc.
CCHH,2074123,CCH Holdings Ltd
BRN,10048,BARNWELL INDUSTRIES INC
REBN,1707910,"Reborn Coffee, Inc."
TOMZ,314227,"TOMI Environmental Solutions, Inc."
SST,1805833,"System1, Inc."
PHIO,1533040,Phio Pharmaceuticals Corp.
JPOTF,1061612,Jackpot Digital Inc.
EBON,1799290,Ebang International Holdings Inc.
PLRZ,1893645,Polyrizon Ltd.
MMTIF,1085921,MICROMEM TECHNOLOGIES INC
BON,1816815,Bon Natural Life Ltd
GLXG,1905920,Galaxy Payroll Group Ltd
OCLN,1419793,"ORIGINCLEAR, INC."
CETI,1935092,"Cyber Enviro-Tech, Inc."
CABR,2020737,"Caring Brands, Inc."
IEGCF,1537317,Independence Gold Corp.
HOTH,1711786,"Hoth Therapeutics, Inc."
BNET,875729,BION ENVIRONMENTAL TECHNOLOGIES INC
IOBT,1865494,"IO Biotech, Inc."
WLFFF,1544883,Wolfden Resources Corp
SPPL,1948697,SIMPPLE LTD.
GXAI,1895618,GAXOS.AI INC.
JZ,1852440,Jianzhi Education Technology Group Co Ltd
IDAI,1718939,T Stamp Inc
DSY,1999297,Big Tree Cloud Holdings Ltd
MOBQ,1084267,"Mobiquity Technologies, Inc."
RLYGF,1829538,Riley Gold Corp.
CFOO,1310630,China Foods Holdings Ltd.
CVKD,1937993,"Cadrenal Therapeutics, Inc."
NMEX,1415744,NORTHERN MINERALS & EXPLORATION LTD.
MTEX,1056358,MANNATECH INC
NEWH,1371128,"NewHydrogen, Inc."
TAOP,1552670,Taoping Inc.
FEBO,1957001,Fenbo Holdings Ltd
JUNS,1679628,"JUPITER NEUROSCIENCES, INC."
NWGL,1948294,CL Workshop Group Ltd
VVOS,1716166,"Vivos Therapeutics, Inc."
CAHO,1678105,Caro Holdings Inc.
BNKK,1760903,"BONK, INC."
INTI,1042418,"Inhibitor Therapeutics, Inc."
JBDI,1964314,JBDI Holdings Ltd
QNRX,1671502,"Quoin Pharmaceuticals, Ltd."
SUND,1171838,"Sundance Strategies, Inc."
PETZ,1684425,"TDH Holdings, Inc."
AZI,1959726,Autozi Internet Technology (Global) Ltd.
AMS,744825,AMERICAN SHARED HOSPITAL SERVICES
WETO,1941158,Wetour Robotics Ltd
CVR,19871,CHICAGO RIVET & MACHINE CO
QMCI,1101433,QUOTEMEDIA INC
CLRB,1279704,"Cellectar Biosciences, Inc."
INTJ,1916416,Intelligent Group Ltd
GWTI,1572386,"GREENWAY TECHNOLOGIES, INC. & SUBSIDIARIES"
SNYR,1562733,Synergy CHC Corp.
BTOC,1972529,Armlogi Holding Corp.
COSM,1474167,Cosmos Health Inc.
QURT,1549631,"Quarta-Rad, Inc."
TOPP,1960847,Toppoint Holdings Inc.
PCMC,1141964,PUBLIC CO MANAGEMENT CORP
ELECF,1817083,Electric Royalties Ltd.
VCGMF,1650196,Visionary Copper & Gold Mines Inc.
KAPA,1962011,"Kairos Pharma, LTD."
BFGFF,1836503,GIANT MINING CORP.
BCDA,925741,"BioCardia, Inc."
GTIM,825324,Good Times Restaurants Inc.
MSW,1956166,Ming Shing Group Holdings Ltd
BTTC,2034400,Black Titan Corp
BNZI,1826011,"Banzai International, Inc."
WVVI,838875,WILLAMETTE VALLEY VINEYARDS INC
WKSP,1096275,Worksport Ltd
NVNI,1965143,Nvni Group Ltd
AQMS,1621832,"Aqua Metals, Inc."
VERTF,1178526,Vertiqal Studios Corp.
ELOG,2013320,Eastern International Ltd.
MDCX,1997296,Medicus Pharma Ltd.
GDTC,1873093,CytoMed Therapeutics Ltd
HIRU,925779,HIRU Corp
AWHL,926617,Aspira Women's Health Inc.
ABCP,20639,AmBase Corp
GCDT,1926293,Green Circle Decarbonize Technology Ltd
MBAI,1610590,Check-Cap Ltd
GGRP,1854445,"Glimpse Group, Inc."
AGRZ,2009233,Agroz Inc.
YAAS,1964946,Youxin Technology Ltd
ACXP,1736243,"Acurx Pharmaceuticals, Inc."
NGLD,1605481,Nevada Canyon Gold Corp.
NRIS,1603793,"Norris Industries, Inc."
JTAI,1861622,Jet.AI Inc.
BMGL,2004489,Basel Medical Group Ltd
MTEK,1872964,Maris Tech Ltd.
QYOUF,1650287,QYOU Media Inc.
SUGP,1969863,SU Group Holdings Ltd
UEEC,1096938,"United Health Products, Inc."
FWFW,1492617,"FLYWHEEL ADVANCED TECHNOLOGY, INC."
SNGX,812796,"SOLIGENIX, INC."
ULYX,1603652,Urgent.ly Inc.
HLRTF,1418149,Hillcrest Energy Technologies Ltd.
BTCT,1796514,BTC Digital Ltd.
RAY,1948443,Raytech Holding Ltd
LILIF,1689448,Argentina Lithium & Energy Corp.
FRECF,1816133,Frequency Exchange Corp.
OSRH,1840425,"OSR Holdings, Inc."
BGAVD,1500620,Bravada Gold Corp
GAUZ,1781446,Gauzy Ltd.
ARTW,7623,ARTS WAY MANUFACTURING CO INC
TRIB,888721,TRINITY BIOTECH PLC
ZCRMF,1425061,ZINCORE METALS INC
TRBMF,1406944,TORQ RESOURCES INC.
BRGX,1593184,"BIOREGENX, INC."
BNGO,1411690,"Bionano Genomics, Inc."
ACPS,1133116,"AC Partners, Inc."
NOTE,1823466,"FiscalNote Holdings, Inc."
UECXF,1834607,Urano Energy Corp.
BCAB,1826892,"BioAtla, Inc."
VSEE,1864531,"VSEE HEALTH, INC."
NPRFF,1859022,Nepra Foods Inc.
PBSV,1304161,"Pharma-Bio Serv, Inc."
IONI,1580490,I-ON Digital Corp.
BLRX,1498403,BioLineRx Ltd.
RMSL,1412126,RemSleep Holdings Inc.
EDUC,31667,EDUCATIONAL DEVELOPMENT CORP
INIKF,1928722,PopReach Corp
FTRK,2027262,Fast Track Group
AGAE,1708341,Allied Gaming & Entertainment Inc.
MBRX,1659617,"Moleculin Biotech, Inc."
ETS,2053641,Elite Express Holding Inc.
NCEL,1783036,NewcelX Ltd.
FXBY,1068897,FOXBY CORP.
EFOI,924168,"ENERGY FOCUS, INC/DE"
RITE,1096296,MINERALRITE Corp
RWAX,1119190,"HUMBL, INC."
HLYK,1680139,HealthLynked Corp
MKDW,1991332,MKDWELL Tech Inc.
MMA,1981519,MIXED MARTIAL ARTS GROUP LTD
CCOOF,1853599,CORE SILVER CORP.
LEDS,1333822,SemiLEDs Corp
SVBL,1031093,"SILVER BULL RESOURCES, INC."
NOTV,720154,"Inotiv, Inc."
BLIN,1378590,"Bridgeline Digital, Inc."
VRSSF,1879001,Verses AI Inc.
VRME,1104038,"VerifyMe, Inc."
MRAI,1844392,"Marpai, Inc."
AIMD,1014763,"Ainos, Inc."
APHP,1771995,American Picture House Corp
MARPS,62362,MARINE PETROLEUM TRUST
APMCF,1628935,MORIEN RESOURCES CORP.
RVPH,1742927,"REVIVA PHARMACEUTICALS HOLDINGS, INC."
GFAI,1804469,"Guardforce AI Co., Ltd."
PRSO,890394,Peraso Inc.
OLOX,1023994,OLENOX INDUSTRIES INC.
WGRX,2030763,"Wellgistics Health, Inc."
ECTM,1487798,ECA Marcellus Trust I
CETY,1329606,"Clean Energy Technologies, Inc."
KTEL,845819,"KonaTel, Inc."
LTUM,1415332,Lithium Corp
AWX,1061069,AVALON HOLDINGS CORP
ADTI,1420924,"Adapti, Inc."
RSMXF,1858994,Regency Silver Corp.
OST,1803407,"Ostin Technology Group Co., Ltd."
STSBF,1307926,South Star Battery Metals Corp.
HWH,1897245,HWH International Inc.
IMNN,749647,"Imunon, Inc."
SEGG,1673481,Sports Entertainment Gaming Global Corp
CENN,1707919,Cenntro Inc.
GBMIF,1715272,First Canadian Graphite Inc.
SABOF,1896752,Sabio Holdings Inc.
SINT,1269026,"Sintx Technologies, Inc."
CMMB,1534248,Chemomab Therapeutics Ltd.
CRIS,1108205,CURIS INC
MTR,313364,MESA ROYALTY TRUST/TX
SOS,1346610,SOS Ltd
USIC,1940366,Uncle's Ice Cream
SNTW,1619096,Summit Networks Inc.
LESL,1821806,"Leslie's, Inc."
LFWD,1607962,Lifeward Ltd.
CALC,1534133,"CalciMedica, Inc."
FBGL,1938534,FBS Global Ltd
BIVI,1580149,BIOVIE INC.
URZEF,1398713,URZ3 ENERGY CORP.
TOVX,894158,"Theriva Biologics, Inc."
PMNT,1849221,Perfect Moment Ltd.
TCRI,1481443,"TechCom, Inc."
BFRI,1858685,Biofrontera Inc.
KNDYF,1703292,KENADYR METALS CORP
BCLI,1137883,BRAINSTORM CELL THERAPEUTICS INC.
KXIN,1713539,Kaixin Holdings
SFHG,1926792,SAMFINE CREATION HOLDINGS GROUP Ltd
PAXH,1350156,PREAXIA HEALTH CARE PAYMENT SYSTEMS INC.
BETRF,1464165,BetterLife Pharma Inc.
DLXY,2025218,Delixy Holdings Ltd
ENDMF,1524326,Enduro Metals Corp.
DTSS,1631282,DATASEA INC.
MWG,1941500,Multi Ways Holdings Ltd
SNES,1680378,"SenesTech, Inc."
CXAI,1820875,CXApp Inc.
BICX,1443863,BioCorRx Inc.
ADIA,1160420,"Adia Nutrition, Inc."
PEXZF,1254435,PACIFIC RIDGE EXPLORATION LTD
TWOH,1494413,Two Hands Corp
IHT,82473,INNSUITES HOSPITALITY TRUST
STQN,847942,STRATEGIC ACQUISITIONS INC /NV/
APM,1734005,Aptorum Group Ltd
SSM,1840416,Sono Group N.V.
DSS,771999,"DSS, INC."
WFF,1980210,WF Holding Ltd
INBP,1016504,INTEGRATED BIOPHARMA INC
KWIK,1884164,"KwikClick, Inc."
FTSP,1319643,"FinTrade Sherpa, Inc."
AAUGF,1905688,AERO ENERGY Ltd
TKLF,1836242,"Tokyo Lifestyle Co., Ltd."
CNFN,1352952,CFN Enterprises Inc.
CPIVF,1712294,CAPTIVA VERDE WELLNESS CORP.
GLE,1908705,Global Engine Group Holding Ltd
LPSIF,1472466,LEGEND POWER SYSTEMS INC.
MRM,1819704,Medirom Healthcare Technologies Inc.
IMIMF,1866146,Interra Copper Corp.
PURE,1006028,"PURE BIOSCIENCE, INC."
YJ,1759614,Yunji Inc.
CEIN,1309082,"CAMBER ENERGY, INC."
FCCI,1807689,"FAST CASUAL CONCEPTS, INC."
OLB,1314196,"OLB GROUP, INC."
ORESF,1481857,Orestone Mining Corp.
CLEV,1414382,Concrete Leveling Systems Inc
RETO,1687277,"ReTo Eco-Solutions, Inc."
ELDCF,1572236,Electrum Discovery Corp.
USAQ,856984,"QHSLab, Inc."
CLRO,840715,CLEARONE INC
OBULD,1927026,One Bullion Ltd
TJGC,1969928,TJGC GROUP Ltd
ALDS,1755101,APPlife Digital Solutions Inc
MCUJF,1133519,MEDICURE INC
CVAT,1376793,"Cavitation Technologies, Inc."
ITRM,1659323,Iterum Therapeutics plc
SRRE,1083490,SUNRISE REAL ESTATE GROUP INC
CLWT,1026662,EURO TECH HOLDINGS CO LTD
FNFI,1065823,FIRST NILES FINANCIAL INC
HWNI,1413891,"HIGH WIRE NETWORKS, INC."
SUNE,22701,"SUNation Energy, Inc."
FDCT,1722731,"FDCTECH, INC."
CLGN,1631487,CollPlant Biotechnologies Ltd
SDCH,1022505,"SideChannel, Inc."
XELB,1083220,"XCel Brands, Inc."
VSBGF,1757207,VSBLTY GROUPE TECHNOLOGIES CORP.
INHD,1961847,INNO HOLDINGS INC.
LNAI,1527728,Lunai Bioworks Inc.
TNON,1560293,"Tenon Medical, Inc."
HAMRF,1868866,SILVER HAMMER MINING CORP
GPMTF,1677084,GPM Metals Inc.
NIOMF,1937453,First American Uranium Inc.
DROR,1282980,"Dror Ortho-Design, Inc."
FMFC,2024656,Kandal M Venture Ltd
BTBD,1718224,"BT Brands, Inc."
UUUFF,2056751,Recharge Resources Ltd.
CWD,1627282,CaliberCos Inc.
AMZE,1880343,"AMAZE HOLDINGS, INC."
IQST,1527702,iQSTEL Inc
PCLA,2018462,PicoCELA Inc.
STKH,1828098,Steakholder Foods Ltd.
ICU,1831868,SeaStar Medical Holding Corp
BMXI,1122993,BROOKMOUNT EXPLORATIONS INC
PAVM,1624326,PAVmed Inc.
HGTXU,862022,HUGOTON ROYALTY TRUST
LCFY,1875547,Locafy Ltd
LHSW,2004024,Lianhe Sowell International Group Ltd
GNVR,1792941,Genvor Inc
PMCB,1157075,"PharmaCyte Biotech, Inc."
CJMB,2032545,CALLAN JMB INC.
MOJO,1414953,EQUATOR Beverage Co
GITS,1911545,"Global Interactive Technologies, Inc."
ELVG,1741489,"Elvictor Group, Inc."
WCT,1990251,Wellchange Holdings Co Ltd
ATON,1095435,AlphaTON Capital Corp
BOLT,1641281,"Bolt Biotherapeutics, Inc."
SYBX,1527599,"SYNLOGIC, INC."
AMST,1807166,Amesite Inc.
EJH,1769768,E-Home Household Service Holdings Ltd
REDRF,1898404,RED CANYON RESOURCES LTD.
JYD,1938186,Jayud Global Logistics Ltd
NGTF,1593001,"NightFood Holdings, Inc."
ROYL,1694617,"Royale Energy, Inc."
EVGN,1574565,Evogene Ltd.
GULTU,1565146,Gulf Coast Ultra Deep Royalty Trust
YCBD,1644903,"cbdMD, Inc."
BASA,1448705,"BASANITE, INC."
GLGI,1088413,"GREYSTONE LOGISTICS, INC."
LIMN,1971387,"Liminatus Pharma, Inc."
GELS,1920092,Gelteq Ltd
ABTS,1864055,Abits Group Inc
ALUR,1964979,"ALLURION TECHNOLOGIES, INC."
ZTSTF,1047227,ZTEST ELECTRONICS INC /FI
VYND,1745078,"Vynleads, Inc."
XAIR,1641631,"Beyond Air, Inc."
MSN,32621,EMERSON RADIO CORP
NTCL,1927578,NetClass Technology Inc
APRE,1781983,"Aprea Therapeutics, Inc."
PULM,1574235,"Pulmatrix, Inc."
HCAI,1958399,"Huachen AI Parking Management Technology Holding Co., Ltd"
RNAZ,1829635,"Transcode Therapeutics, Inc."
XWEL,1410428,"XWELL, Inc."
PHGE,1739174,BiomX Inc.
YHGJ,1042187,YUNHONG GREEN CTI LTD.
HSCS,1468492,HeartSciences Inc.
ACUT,1850767,Accustem Sciences Inc.
GURE,885462,"GULF RESOURCES, INC."
RTCJF,1381074,Baijiayun Group Ltd
IMRN,1660046,Immuron Ltd
ALRTF,1930419,ALR Technologies SG Ltd.
ADXN,1574232,Addex Therapeutics Ltd.
IFBD,1815566,"Infobird Co., Ltd"
MKZR,1550913,"MacKenzie Realty Capital, Inc."
NXL,1527352,"Nexalin Technology, Inc."
PLCKF,1848782,Plurilock Security Inc.
KLYG,1372114,"Kelyniam Global, Inc."
ARBB,1930179,ARB IOT Group Ltd
KPRX,1372514,KIORA PHARMACEUTICALS INC
TGHL,2024114,GrowHub Ltd
DXST,1958133,Decent Holding Inc.
OHCFF,1735514,Light AI Inc.
PWDY,1435617,"POWERDYNE INTERNATIONAL, INC."
INEO,1933951,INNEOVA Holdings Ltd
BCUFF,1477201,Bell Copper Corp
SOPA,1817511,SOCIETY PASS INCORPORATED.
HGYN,1324759,HONG YUAN HOLDING GROUP
AITTF,1520556,TRENCHANT TECHNOLOGIES CAPITAL CORP.
DKI,2058584,DarkIris Inc.
RIME,923601,"Algorhythm Holdings, Inc."
MNTS,1781162,Momentus Inc.
KRKR,1779476,36Kr Holdings Inc.
VRRCF,1717695,VR Resources Ltd.
CMGHF,1169760,CHAODA MODERN AGRICULTURE HOLDINGS LTD /FI
YOTA,1907730,Yotta Acquisition Corp
NWTG,1934245,"Newton Golf Company, Inc."
TULP,875355,"BLOOMIA HOLDINGS, INC."
SVRN,1869467,OceanPal Inc.
MIMI,1998560,Mint Inc Ltd
SOWG,1490161,Sow Good Inc.
MMTRS,66496,MILLS MUSIC TRUST
PIAC,845385,PRINCETON CAPITAL CORP
SCKT,944075,"SOCKET MOBILE, INC."
CRCW,1688126,Crypto Co
SYNX,1976443,Silynxcom Ltd.
FGI,1864943,FGI Industries Ltd.
AVCRF,1355736,Avricore Health Inc.
SKAS,1128281,"Saker Aviation Services, Inc."
SPEV,764630,SHOREPOWER TECHNOLOGIES INC.
BFRG,1829247,"BullFrog AI Holdings, Inc."
WAFU,1716770,Wah Fu Education Group Ltd
TLIH,1982012,Ten-League International Holdings Ltd
XPON,1894954,Expion360 Inc.
ITOC,1970544,iTonic Holdings Ltd
HKPD,2007702,"Cellyan Biotechnology Co., Ltd"
CUPR,1995704,Cuprina Holdings (Cayman) LTD
BABB,1123596,"BAB, INC."
TCRT,1107421,"Alaunos Therapeutics, Inc."
SERPY,2075349,Top End Energy Ltd/ADR
WNW,1787803,Meiwu Technology Co Ltd
NVNO,1661053,enVVeno Medical Corp
NIMU,720762,NON INVASIVE MONITORING SYSTEMS INC /FL/
ZCMD,1785566,Zhongchao Inc.
GLNS,1375348,Golden Star Resource Corp.
EWSB,2013792,"EWSB Bancorp, Inc. /MD/"
SCND,87802,SCIENTIFIC INDUSTRIES INC
OXBR,1584831,OXBRIDGE RE HOLDINGS Ltd
MYSE,1648960,"Myseum, Inc."
ALZN,1677077,"Alzamend Neuro, Inc."
SPFX,1807893,"STANDARD PREMIUM FINANCE HOLDINGS, INC."
CANF,1536196,Can-Fite BioPharma Ltd.
SEAV,1763660,SEATech Ventures Corp.
XBIO,1534525,"Xenetic Biosciences, Inc."
MHUAF,1835615,"Meihua International Medical Technologies Co., Ltd."
GRDX,1604191,GridAI Technologies Corp.
LMRMF,1588837,Lomiko Metals Inc.
CVSI,1510964,"CV Sciences, Inc."
GARWF,1403870,Golden Arrow Resources Corp
AIHS,1711012,Senmiao Technology Ltd
GPOX,1673475,"GPO Plus, Inc."
NYMXF,1018735,NYMOX PHARMACEUTICAL CORP
APVO,1671584,Aptevo Therapeutics Inc.
KIQSF,1161814,KELSO TECHNOLOGIES INC
RVYL,1419275,RYVYL Inc.
BMRA,73290,BIOMERICA INC
CPCPF,1868050,CopperCorp Resources Inc.
DXYN,29332,DIXIE GROUP INC
BTCY,1630113,BIOTRICITY INC.
LUDG,1960262,"LUDWIG ENTERPRISES, INC."
TGL,1905956,TREASURE GLOBAL INC
APYP,1568969,"APPYEA, INC"
TRRFF,1713979,TRIFECTA GOLD LTD
BKYI,1019034,BIO KEY INTERNATIONAL INC
SPHL,2002236,SPRINGVIEW HOLDINGS LTD
HCWC,1948864,HEALTHY CHOICE WELLNESS CORP.
MSGY,2020228,Masonglory Ltd
FGHFF,1754180,FORTE GROUP HOLDINGS INC.
IPDN,1546296,"Professional Diversity Network, Inc."
CDIO,1870144,"Cardio Diagnostics Holdings, Inc."
BRTX,1505497,"BioRestorative Therapies, Inc."
CELZ,1187953,"CREATIVE MEDICAL TECHNOLOGY HOLDINGS, INC."
BITTF,1028357,BITTERROOT RESOURCES LTD
CLIK,2020027,Click Holdings Ltd.
HXHX,1936817,Haoxin Holdings Ltd
MFBI,2024899,"Monroe Federal Bancorp, Inc."
RBOT,1812173,Vicarious Surgical Inc.
FTFT,1066923,Future FinTech Group Inc.
CYCN,1755237,"Cyclerion Therapeutics, Inc."
BBGI,1099160,BEASLEY BROADCAST GROUP INC
QUCY,1874252,MAINZ BIOMED N.V.
AAMTF,1327899,Armada Mercantile Ltd
AKTX,1541157,Akari Therapeutics Plc
CAPS,887151,Capstone Holding Corp.
HVGDF,921968,HARVEST GOLD CORP
XTLB,1023549,XTL BIOPHARMACEUTICALS LTD
ERNA,748592,Ernexa Therapeutics Inc.
TRCK,1045942,"Track Group, Inc."
AMLM,1356371,"AMERICAN LITHIUM MINERALS, INC."
HTOO,1819794,Fusion Fuel Green PLC
EHGO,1879754,EShallGo Inc.
ESHSF,1907622,Eddy Smart Home Solutions Ltd.
YMAT,1875016,"J-Star Holding Co., Ltd."
LUCY,1808377,Innovative Eyewear Inc
CIIT,1557798,"Tianci International, Inc."
EUEMF,1993599,European Energy Metals Corp.
CDTG,1793895,CDT Environmental Technology Investment Holdings Ltd
CETX,1435064,CEMTREX INC
BGLC,1737523,BioNexus Gene Lab Corp
STME,1493712,Stimcell Energetics Inc.
JCTC,885307,JEWETT CAMERON TRADING CO LTD
CHNR,793628,CHINA NATURAL RESOURCES INC
MITQ,1770236,MOVING iMAGE TECHNOLOGIES INC.
MBIO,1680048,"MUSTANG BIO, INC."
ORKT,1979407,ORANGEKLOUD TECHNOLOGY INC.
TOGI,1349706,"TurnOnGreen, Inc."
PUCCF,1727428,Carolina Rush Corp
SLTN,1508786,"SILVERTON ENERGY, INC."
ATER,1757715,"Aterian, Inc."
CBIH,1411057,"Cannabis Bioscience International Holdings, Inc."
ODYY,1626644,"Odyssey Health, Inc."
NROM,709005,NOBLE ROMANS INC
XERI,1481504,"XERIANT, INC."
HTCR,1892322,"HeartCore Enterprises, Inc."
GNLN,1743745,"Greenlane Holdings, Inc."
BRQL,1854526,DYNAMIC AEROSPACE SYSTEMS Corp
ONEI,1388295,OneMeta Inc.
VS,1701963,Versus Systems Inc.
PBM,1985062,PSYENCE BIOMEDICAL LTD.
AVPMF,1445467,AVRUPA MINERALS LTD.
NXGL,1468929,"NEXGEL, INC."
OFAL,2036307,OFA Group
AMBO,1494558,Ambow Education Holding Ltd.
ADVB,1941029,Advanced Biomed Inc.
MAGE,1515317,MAGELLAN COPPER & GOLD Corp
DAIC,2033770,"CID Holdco, Inc."
SSEBF,1771039,SILVER SPRUCE RESOURCES INC.
ZPHYF,1613979,ZEPHYR MINERALS LTD.
JWEL,1805594,Jowell Global Ltd.
GP,1584547,GREENPOWER MOTOR Co INC.
DQWS,1652561,DSwiss Inc
TDIC,2041338,Dreamland Ltd
ABCFF,1284237,ABACUS MINING & EXPLORATION CORP
MEGL,1881472,Magic Empire Global Ltd
DSNY,1099369,DESTINY MEDIA TECHNOLOGIES INC
SBDS,1870600,"Solo Brands, Inc."
PCSA,1533743,"Processa Pharmaceuticals, Inc."
INBS,1725430,INTELLIGENT BIO SOLUTIONS INC.
UGRO,1706524,"urban-gro, Inc."
SILO,1514183,"Silo Pharma, Inc."
NGCG,1061040,"New Generation Consumer Group, Inc."
TBH,1903595,"Brag House Holdings, Inc."
SHPH,1757499,"Shuttle Pharmaceuticals Holdings, Inc."
HYFM,1695295,"HYDROFARM HOLDINGS GROUP, INC."
JCSE,1905511,JE Cleantech Holdings Ltd
SNTG,1810467,Sentage Holdings Inc.
WAI,1938865,Top KingWin Ltd
QNCX,1662774,"Quince Therapeutics, Inc."
NDRA,1681682,ENDRA Life Sciences Inc.
SVUHF,1973368,SRIVARU Holding Ltd
LOBO,1932072,LOBO TECHNOLOGIES LTD.
NBLXF,1813419,Noble Plains Uranium Corp.
SKK,1991261,SKK Holdings Ltd
CRE,2003977,Cre8 Enterprise Ltd
EDHL,2024876,Everbright Digital Holding Ltd.
AGPU,1446159,Axe Compute Inc.
RHEP,1004724,"REGIONAL HEALTH PROPERTIES, INC"
SLE,1621672,"Super League Enterprise, Inc."
LCTC,1493137,"Lifeloc Technologies, Inc"
PUBC,1575858,Purebase Corp
ADMQ,1588014,"ADM ENDEAVORS, INC."
TWAV,746210,"TaoWeave, Inc."
BLMH,1996210,"BLUM HOLDINGS, INC."
VEST,1594968,Loan Artificial Intelligence Corp.
CPMV,836564,Mosaic ImmunoEngineering Inc.
DRMA,1853816,"Dermata Therapeutics, Inc."
AMIX,1617867,"Autonomix Medical, Inc."
FASLF,1731854,First Andes Silver Ltd.
MGRX,1938046,"MANGOCEUTICALS, INC."
MLEC,1937737,Moolec Science SA
SBFM,1402328,Sunshine Biopharma Inc.
NXTT,1784970,Next Technology Holding Inc.
WLDS,1887673,Wearable Devices Ltd.
ADMT,849401,"ADM TRONICS UNLIMITED, INC."
ZSPC,1637147,"zSpace, Inc."
IPSI,1591913,"Innovative Payment Solutions, Inc."
LMFA,1640384,"LM FUNDING AMERICA, INC."
CYCU,1868419,"Cycurion, Inc."
TWNPQ,2011954,Twin Hospitality Group Inc.
ZDPY,1279620,"Zoned Properties, Inc."
STFS,2003061,Star Fashion Culture Holdings Ltd
GBR,105744,"New Concept Energy, Inc."
YDKG,1413745,Yueda Digital Holding
XCRT,1138586,"Xcelerate, Inc."
VIVK,1450704,"Vivakor, Inc."
CODX,1692415,"Co-Diagnostics, Inc."
POLA,1622345,"Polar Power, Inc."
CHR,1738758,"Cheer Holding, Inc."
IVF,1417926,"INVO Fertility, Inc."
NVGLF,1607807,NV Gold Corp
ZNB,1747661,Zeta Network Group
IZM,1854572,ICZOOM Group Inc.
PRSI,79661,PORTSMOUTH SQUARE INC
WTO,1789299,UTime Ltd
ANY,1591956,Sphere 3D Corp.
BLIS,1703625,"NAPC Defense, Inc."
SRCO,318299,"SPARTA COMMERCIAL SERVICES, INC."
RDHL,1553846,RedHill Biopharma Ltd.
VEEE,1855509,"Twin Vee PowerCats, Co."
ZHDM,1950209,Ainnova Tech
VSTD,1898604,Vestand Inc.
ILAG,1814963,Intelligent Living Application Group Inc.
MSS,1892292,Maison Solutions Inc.
SLXN,2022416,Silexion Therapeutics Corp
JAGX,1585608,"Jaguar Health, Inc."
THURF,1536811,Thunderstruck Resources Ltd.
NTRX,1363598,"Entrex Carbon Market, Inc."
RENX,1959023,RenX Enterprises Corp.
DFSC,1889823,DEFSEC Technologies Inc.
CTTH,1035422,"CTT PHARMACEUTICAL HOLDINGS, INC."
IOTR,1997637,iOThree Ltd
MTVA,1638287,MetaVia Inc.
ENZN,727510,"ENZON PHARMACEUTICALS, INC."
SONM,1178697,"DNA X, Inc."
AZTR,1701478,"Azitra, Inc."
WXM,1979610,WF International Ltd.
GPUSF,1708160,Alset Capital Inc.
MI,1958713,NFT Ltd
CREG,721693,Smart Powerr Corp.
SOAR,1853070,"Volato Group, Inc."
FCUV,1590418,FOCUS UNIVERSAL INC.
VIVS,1497253,"VivoSim Labs, INC."
TGNT,846377,"Totaligent, Inc."
BQ,1815021,Boqii Holding Ltd
AIXN,835662,"AiXin Life International, Inc."
XHLD,2030954,"TEN Holdings, Inc."
APTOF,882361,Aptose Biosciences Inc.
TANH,1588084,TANTECH HOLDINGS LTD
REVB,1810560,"REVELATION BIOSCIENCES, INC."
BBBMF,1829809,Lux Metals Corp.
AIM,946644,AIM ImmunoTech Inc.
ASBP,1847345,"Aspire Biopharma Holdings, Inc."
EZRA,1812727,"Reliance Global Group, Inc."
ASTC,1001907,ASTROTECH Corp
PPBT,1614744,PURPLE BIOTECH LTD.
BIXT,1445815,"BIOXYTRAN, INC"
SNOA,1367083,"Sonoma Pharmaceuticals, Inc."
BRWC,1873213,Birdie Win Corp
TSEOF,1519061,Trinseo PLC
TOFB,730349,TOFUTTI BRANDS INC
AIPG,1289047,AI Technology Group Inc.
LXEH,1814067,Lixiang Education Holding Co. Ltd.
GSUN,1826376,Golden Sun Technology Group Ltd.
MVNC,1439264,Marvion Inc.
BNBX,744452,BNB PLUS CORP.
BAOS,1811216,Baosheng Media Group Holdings Ltd
ARTL,1621221,"ARTELO BIOSCIENCES, INC."
DCX,1957413,Digital Currency X Technology Inc.
MTNB,1582554,"Matinas BioPharma Holdings, Inc."
GGLXF,800523,GGL RESOURCES CORP.
BTOG,1735556,BIT ORIGIN Ltd
DCOY,1615219,Decoy Therapeutics Inc.
ATXG,1650101,ADDENTAX GROUP CORP.
GLMD,1595353,Galmed Pharmaceuticals Ltd.
ORIS,1964664,ORIENTAL RISE HOLDINGS Ltd
GLABF,1940016,Gemina Laboratories Ltd.
KCRD,1696025,"Kindcard, Inc."
ALBT,1630212,Avalon GloboCare Corp.
INDP,1857044,"Indaptus Therapeutics, Inc."
GTII,356590,"GLOBAL TECH INDUSTRIES GROUP, INC."
ONFO,1825452,"Onfolio Holdings, Inc"
VCIG,1930510,VCI Global Ltd
HIHO,1026785,HIGHWAY HOLDINGS LTD
MEHA,1837254,Functional Brands Inc.
FUNI,1502966,"Hypha Labs, Inc."
TRLEF,1648636,Trillion Energy International Inc.
RKDA,1469443,"Arcadia Biosciences, Inc."
IPST,1788230,"IP STRATEGY HOLDINGS, INC."
SNRG,1652539,SusGlobal Energy Corp.
LINMF,1066130,Linear Minerals Corp
PGOL,1080448,PATRIOT GOLD CORP
GREH,1084937,Green Rain Energy Holdings Inc.
ACON,1635077,"Aclarion, Inc."
OCG,1776067,Oriental Culture Holding LTD
ELPW,2015691,Elong Power Holding Ltd.
FRSX,1691221,Foresight Autonomous Holdings Ltd.
AQB,1603978,AQUABOUNTY TECHNOLOGIES INC
GEDC,1174891,"CalEthos, Inc."
EGMCF,1199392,EMERGENT METALS CORP.
NCPL,1414767,Netcapital Inc.
MNDR,1976695,Mobile-health Network Solutions
PMAX,2012096,Powell Max Ltd
QWTR,1487091,"Quest Water Global, Inc."
LIFD,1391135,LFTD PARTNERS INC.
IMCC,1792030,IM Cannabis Corp.
IWSH,1279715,"Wright Investors Service Holdings, Inc."
SXTP,1946563,"60 DEGREES PHARMACEUTICALS, INC."
GRI,1824293,"GRI Bio, Inc."
WAST,1515139,WASTE ENERGY CORP.
GOVX,832489,"GeoVax Labs, Inc."
WBUY,1946703,WEBUY GLOBAL LTD
BYAH,1986247,"Park Ha Biological Technology Co., Ltd."
AEMD,882291,AETHLON MEDICAL INC
GHST,1121795,GHST World Inc.
NXTS,1789192,Nexentis Technologies Inc.
ZONE,1956741,"CleanCore Solutions, Inc."
CLNV,1391426,Clean Vision Corp
FCHL,2023796,Fitness Champs Holdings Ltd
RMSG,1983324,Real Messenger Corp
NCL,1923780,Northann Corp.
UK,1821424,Ucommune International Ltd
KITT,1849820,"Nauticus Robotics, Inc."
NVSGF,1415758,Nevada Sunrise Metals Corp.
ASNS,1141284,ACTELIS NETWORKS INC
EEIQ,1781397,EpicQuest Education Group International Ltd
LVRLF,1168981,CordovaCann Corp.
GRTX,1563577,"Galera Therapeutics, Inc."
PLTYF,1433309,"Plastec Technologies, Ltd."
IVDA,1397183,"Iveda Solutions, Inc."
SQFT,1080657,"Presidio Property Trust, Inc."
LAZRQ,1758057,"Luminar Technologies, Inc./DE"
SBLX,1086745,"StableX Technologies, Inc."
NCT,2018529,Intercont (Cayman) Ltd
NCRA,1756180,"NOCERA, INC."
GNPX,1595248,"Genprex, Inc."
CASIF,1962738,"CASI Pharmaceuticals, Inc."
HIGR,1807616,Hi-Great Group Holding Co
AUMN,1011509,Golden Minerals Co
ITP,1358190,"IT TECH PACKAGING, INC."
NCNA,1709626,NuCana plc
SDOT,1701756,Sadot Group Inc.
HCTI,1839285,"Healthcare Triangle, Inc."
BZYR,724445,BURZYNSKI RESEARCH INSTITUTE INC
FLYE,1975940,"Fly-E Group, Inc."
FRGT,1687542,"Freight Technologies, Inc."
CNEY,1780785,CN ENERGY GROUP. INC.
ORGS,1460602,Orgenesis Inc.
BGMS,1130166,"Bio Green Med Solution, Inc."
MFON,1447380,MOBIVITY HOLDINGS CORP.
VSME,1951294,VS MEDIA Holdings Ltd
CPHI,1106644,"CHINA PHARMA HOLDINGS, INC."
GWAV,1589149,"Greenwave Technology Solutions, Inc."
TRUG,1857086,"TruGolf Holdings, Inc."
CAPC,814926,"CAPSTONE COMPANIES, INC."
TBLLF,1854257,Tombill Mines Ltd
AUUD,1554818,AUDDIA INC.
SYGCF,1917817,Sylla Gold Corp.
KRTL,1288614,KRTL Holding Group Inc
BVAXF,1882559,BioVaxys Technology Corp.
BUDZ,1393772,"WEED, INC."
FDXTF,1970125,FENDX TECHNOLOGIES INC.
CPMD,1081938,"CANNAPHARMARX, INC."
MIGI,1218683,Mawson Infrastructure Group Inc.
ATMH,1484674,"ALL THINGS MOBILE ANALYTIC, INC."
DEVS,1854480,DevvStream Corp.
VTAK,1716621,"Catheter Precision, Inc."
JEM,2018222,707 Cayman Holdings Ltd.
OGEN,1174940,ORAGENICS INC
LBSR,1172178,LIBERTY STAR URANIUM & METALS CORP.
BSPK,1409197,"Bespoke Extracts, Inc."
SGLY,1422892,Singularity Future Technology Ltd.
ICON,1995574,Icon Energy Corp
AIOS,1603993,AIOS Tech Inc.
WCUFF,1902276,World Copper Ltd.
SENR,1576197,"Strategic Environmental & Energy Resources, Inc."
RUBI,1943421,Rubico Inc.
SRKZF,1723455,SKY GOLD CORP.
ENVB,890821,"Enveric Biosciences, Inc."
MWAI,1520118,"MedWellAI, Inc."
ALTX,775057,ALTEX INDUSTRIES INC
XRTX,1729214,XORTX Therapeutics Inc.
CLDI,1855485,"Calidi Biotherapeutics, Inc."
KIDZ,2022308,"Classover Holdings, Inc."
WTER,1532390,ALKALINE WATER Co INC
EZOO,1752372,Ezagoo Ltd
XITO,1651932,"Xenous Holdings, Inc."
TRNR,1785056,"Interactive Strength, Inc."
BRQSF,1650575,"Borqs Technologies, Inc."
VPER,1133192,VIPER NETWORKS INC
CNRCF,1996586,Canter Resources Corp.
OVTZ,1107280,OCULUS INC.
TIVC,1787740,"Tivic Health Systems, Inc."
YBGJ,895464,Yubo International Biotech Ltd
PW,1532619,Power REIT
SHFS,1854963,"SHF Holdings, Inc."
NUWE,1506492,"Nuwellis, Inc."
WHLT,1025771,CHASE PACKAGING CORP
DOGP,1360442,"Dogecoin Cash, Inc."
AEHL,1470683,Antelope Enterprise Holdings Ltd
FATAQ,1705012,"Fat Brands, Inc"
QH,1781193,QUHUO Ltd
SPRC,1611746,SciSparc Ltd.
FEED,1326706,"ENvue Medical, Inc."
HCWB,1828673,HCW Biologics Inc.
PAIYY,1757143,Aesthetic Medical International Holdings Group Ltd
RDGT,1856084,Ridgetech Inc.
ADIL,1513525,"ADIAL PHARMACEUTICALS, INC."
CLRI,1362516,"Cleartronic, Inc."
MGNC,1949864,Mag Magna Corp
MDLK,1611046,ModuLink Inc.
DXF,1499494,Eason Technology Ltd
CISS,1951067,C3is Inc.
CNET,1376321,ZW Data Action Technologies Inc.
AGMH,1705402,"AGM GROUP HOLDINGS, INC."
VYCO,1424768,VYCOR MEDICAL INC
XTKG,1754323,"X3 Holdings Co., Ltd."
ATPC,1713210,Agape ATP Corp
PMHS,1265521,"Polomar Health Services, Inc."
CDT,1896212,CDT Equity Inc.
MMEX,1440799,MMEX Resources Corp
FMHS,1811999,"FARMHOUSE, INC. /NV"
IBG,1924482,Innovation Beverage Group Ltd
PSYCF,1847706,Psyched Wellness Ltd.
AGSS,1514443,"AMERIGUARD SECURITY SERVICES, INC."
SKVI,1085277,"SKINVISIBLE, INC."
PKTX,1128189,"ProtoKinetix, Inc."
DRCT,1880613,"Direct Digital Holdings, Inc."
SCNI,1611747,Scinai Immunotherapeutics Ltd.
CYAN,768408,CYANOTECH CORP
JFBR,1885408,Jeffs' Brands Ltd
VIIQ,1470129,VisitIQ Corp.
IMTE,1668438,Integrated Media Technology Ltd
MGAM,1886362,"Mobile Global Esports, Inc."
SYRA,1922335,Syra Health Corp
VGLS,1091326,VG Life Sciences Inc.
GVH,1978527,Globavend Holdings Ltd
HKIT,1742341,HiTek Global Inc.
IPW,1830072,iPower Inc.
ROIUF,1736289,Route1 Inc.
BBLG,1419554,Bone Biologics Corp
LUVU,1374567,"Luvu Brands, Inc."
ONCO,1782107,"Onconetix, Inc."
VMAR,1813783,Vision Marine Technologies Inc.
INM,1728328,InMed Pharmaceuticals Inc.
MYSZ,1211805,"My Size, Inc."
WORX,1674227,SCWorx Corp.
ENSC,1716947,"Ensysce Biosciences, Inc."
CCTG,1931717,CCSC Technology International Holdings Ltd
AKAN,1888014,AKANDA CORP.
BJDX,1704287,"Bluejay Diagnostics, Inc."
FGL,1989930,Founder Group Ltd
TUTH,1178660,Standard Dental Labs Inc.
BIYA,1944712,Baiya International Group Inc.
BABYF,1807936,Else Nutrition Holdings Inc.
KSEZ,1945619,Kinetic Seas Inc.
MITI,802257,"Mitesco, Inc."
GMEX,1928581,GMEX Robotics Corp
ZICX,1465311,Zicix Corp
CRUCF,1734427,Colibri Resource Corp
GTCH,1471781,GBT Technologies Inc.
JDZG,1976908,JIADE Ltd
VPRB,1376231,"VPR Brands, LP."
SMTK,1817760,"SmartKem, Inc."
OILCF,1922639,Permex Petroleum Corp
LRHC,1879403,La Rosa Holdings Corp.
ZVSA,1859007,"ZyVersa Therapeutics, Inc."
GRNL,1282571,GREENLITE VENTURES INC
PPCB,1517681,"Propanc Biopharma, Inc."
VIZNF,1704476,VISIONARY METALS CORP.
AYRWF,1847462,Ayr Wellness Inc.
XXII,1347858,"22nd Century Group, Inc."
NBBI,1130781,"BMP AI Technologies, Inc."
VIVC,1703073,VIVIC CORP.
DEFG,1874907,Grayscale Decentralized Finance (DeFi) Fund LLC
GIPR,1651721,"GENERATION INCOME PROPERTIES, INC."
PRFX,1801834,PRF Technologies Ltd.
RPGL,1912884,Republic Power Group Ltd
ENFY,857949,Enlightify Inc.
WHLR,1527541,"Wheeler Real Estate Investment Trust, Inc."
GRHI,894501,"GOLD ROCK HOLDINGS, INC."
CRCE,1911467,"Circle Energy, Inc./NV"
AGTX,1603345,Agentix Corp.
GEGP,1081188,GOLD ENTERPRISE GROUP INC
AIXI,1935172,Xiao-I Corp
MTEN,1948099,Mingteng International Corp Inc.
FUST,1636051,FUSE GROUP HOLDING INC.
BNRG,1901215,Brenmiller Energy Ltd.
PREM,1570937,Premier Air Charter Holdings Inc.
LQWC,1060888,LIFEQUEST WORLD CORP.
AREB,1648087,AMERICAN REBEL HOLDINGS INC
ASFT,1651992,"Appsoft Technologies, Inc."
ELAB,1840563,PMGC Holdings Inc.
CNSP,1729427,"CNS Pharmaceuticals, Inc."
ZYXIQ,846475,ZYNEX INC
MNTR,1599117,"Mentor Capital, Inc."
JZXN,1816172,"Jiuzi Holdings, Inc."
ISPC,1558569,iSpecimen Inc.
YYGH,1985337,YY Group Holding Ltd.
RAYA,1825875,Erayak Power Solution Group Inc.
VYST,1308027,Vystar Corp
GTLL,932021,GLOBAL TECHNOLOGIES LTD
WOK,1929783,WORK Medical Technology Group LTD
SOBR,1425627,"SOBR Safe, Inc."
OMQS,278165,OMNIQ Corp.
ASRE,1231339,"Astra Energy, Inc."
FFLO,1543652,"Free Flow USA, Inc."
ESMC,862668,ESCALON MEDICAL CORP
GV,1892274,Visionary Holdings Inc.
ADNH,1744494,"ADVENT TECHNOLOGIES HOLDINGS, INC."
BRVO,1444839,Bravo Multinational Inc.
XONI,2040753,"Xtreme One Entertainment, Inc."
DTCK,1949478,DAVIS COMMODITIES Ltd
CBMJ,1452583,"CONSERVATIVE BROADCAST MEDIA & PUBLISHING, INC."
AERA,1605331,AI Era Corp.
PTIX,1022899,"Protagenic Therapeutics, Inc.new"
CMND,1892500,Clearmind Medicine Inc.
PNYG,1784058,Pony Group Inc.
VRAX,1885827,Virax Biolabs Group Ltd
QPRC,824416,QUEST PATENT RESEARCH CORP
LITSF,1978165,LITHOS GROUP LTD.
UPC,1809616,Universe Pharmaceuticals INC
PAVS,1751876,Paranovus Entertainment Technology Ltd.
NVVE,1836875,Nuvve Holding Corp.
ENRT,1346022,Enertopia Corp.
LSBCF,1946399,"LakeShore Biopharma Co., Ltd."
SBEV,1553788,"SPLASH BEVERAGE GROUP, INC."
SXTC,1723980,"China SXT Pharmaceuticals, Inc."
LBUY,1643721,"LEAFBUYER TECHNOLOGIES, INC."
NRRWF,1680637,Nuran Wireless Inc.
EVFM,1618835,"Evofem Biosciences, Inc."
FECOF,849997,FEC Resources Inc.
AHRO,1338929,"Authentic Holdings, Inc."
CBDL,1776073,CBD Life Sciences Inc.
TLSS,1463208,"Transportation & Logistics Systems, Inc."
PTOS,1172069,"P2 Solar, Inc."
RAKR,1872292,Rainmaker Worldwide Inc.
ISCO,1355790,International Stem Cell CORP
CBDY,1586554,Target Group Inc.
MDCE,1404593,Medical Care Technologies Inc.
SPTY,1840102,"SPECIFICITY, INC."
VHAI,1880431,Vocodia Holdings Corp
VISM,1082733,"VISIUM TECHNOLOGIES, INC."
GCTK,1506983,"Glucotrack, Inc."
GRXXF,1823126,Critical Reagent Processing Corp.
SETO,794998,SETO HOLDINGS INC
QIND,1393781,Quality Industrial Corp.
EMMA,822370,"Emmaus Life Sciences, Inc."
FBCD,1370816,"FBC Holding, Inc."
ARBK,1841675,Argo Blockchain Plc
NULGF,1502758,NuLegacy Gold Corp
BOXL,1624512,Boxlight Corp
NIVF,1981662,NewGenIvf Group Ltd
CUEN,1424657,Cuentas Inc.
EDBL,1809750,Edible Garden AG Inc
OWPC,1622244,"One World Products, Inc."
NUMD,1543637,"Nu-Med Plus, Inc."
UCAR,1939780,U Power Ltd
FHLD,1386044,"Awareness Group, Inc."
BMTM,1568385,"Bright Mountain Media, Inc."
CONC,790273,CONECTISYS CORP
ATXI,1644963,"AVENUE THERAPEUTICS, INC."
CMRF,1498547,"CIM REAL ESTATE FINANCE TRUST, INC."
LYRA,1327273,"Lyra Therapeutics, Inc."
TESI,1514056,Titan Environmental Solutions Inc.
DPLS,866439,"DarkPulse, Inc."
SKFG,1794942,"Stark Focus Group, Inc."
GBUX,1169138,"GIVBUX, INC."
EEGI,1043150,"Eline Entertainment Group, Inc."
HSTA,1813603,Hestia Insight Inc.
TIRXF,1782941,TIAN RUIXIANG HOLDINGS LTD
MRPT,1143994,MACREPORT NET INC
OVATF,1751058,OVATION SCIENCE INC.
AKOM,2103785,AKOM Inc.
ARRT,1530425,"Artisan Consumer Goods, Inc."
GNTOF,1346917,GENTOR RESOURCES INC.
CSUI,1680132,CANNABIS SUISSE CORP.
GMER,1454742,"GOOD GAMING, INC."
PTCO,1609258,PetroGas Co
PFSA,1859807,"Profusa, Inc."
CERO,1870404,"CERO THERAPEUTICS HOLDINGS, INC."
GTIJF,1879373,GRAPHJET TECHNOLOGY
CCCP,1696411,Crona Corp.
LIPO,1347242,LIPELLA PHARMACEUTICALS INC.
XAGE,1842939,"Longevity Health Holdings, Inc."
DREM,1518336,Dream Homes & Development Corp.
DGTEF,1978151,Eat & Beyond Global Holdings Inc.
NFSN,1284454,"Nongfu Shop Digital New Retail Co., Ltd"
HWKE,1750777,"Hawkeye Systems, Inc."
QSJC,1753391,"TANCHENG GROUP CO., LTD."
MCOM,1788841,micromobility.com Inc.
VSA,1592560,VisionSys AI Inc
TMGI,1434601,"Transglobal Management Group, Inc."
LILMF,1855756,Lilium N.V.
CIMG,1527613,CIMG Inc.
PRTX,2079180,Parataxis Holdings Inc.
CLOW,1619227,"Cloudweb, Inc."
DBMM,1127475,"Digital Brand Media & Marketing Group, Inc."
GFMH,820771,Goliath Film & Media Holdings
HEPA,1583771,"Hepion Pharmaceuticals, Inc."
ETUGF,1877430,E2Gold Inc.
BDRX,1643918,Biodexa Pharmaceuticals Plc
SPOWF,1227282,Strata Power Corp
EMBYF,1487615,Nexera Energy Inc.
FGNV,1687919,FORGE INNOVATION DEVELOPMENT CORP.
BBLR,1873722,Bubblr Inc.
BPTH,1133818,"BIO-PATH HOLDINGS, INC."
FRZT,1485074,"Freeze Tag, Inc."
FMTOF,1888151,Femto Technologies Inc.
CBDW,1877461,1606 CORP.
IPTNF,1680513,IMPACT ANALYTICS INC.
HUBC,1905660,Hub Cyber Security Ltd.
KUST,1342958,"KUSTOM ENTERTAINMENT, INC."
ADTX,1726711,"Aditxt, Inc."
ZCAR,1854275,"Zoomcar Holdings, Inc."
NIHK,1084475,"Video River Networks, Inc."
LGHL,1806524,Lion Group Holding Ltd
PRPH,868278,"ProPhase Labs, Inc."
CLDVF,1971260,Cloud3 Ventures Inc.
GLVT,1693687,GREENLIT VENTURES INC.
CWPE,1741220,CW Petroleum Corp
ITOX,1290658,"IIOT-OXYS, Inc."
NSTM,912544,NovelStem International Corp.
LNKS,1972074,Linkers Industries Ltd
CRKN,1761696,Crown Electrokinetics Corp.
STAI,1994624,ScanTech AI Systems Inc.
BDCC,1495648,Blackwell 3D Construction Corp.
GRVE,918573,GROOVE BOTANICALS INC.
WNLV,1558740,Winvest Group Ltd
LGMK,1566826,"LogicMark, Inc."
TPICQ,1455684,"TPI COMPOSITES, INC"
MSPR,1802450,"MSP Recovery, Inc."
JFIL,1517389,"Jubilant Flame International, Ltd"
RMTG,1760026,Regenerative Medical Technology Group Inc.
SLDC,1427644,"Solidus Communications, Inc."
LNTO,2006925,LELANTOS HOLDINGS INC.
SBIG,1801602,"SpringBig Holdings, Inc."
GSAC,890725,GELSTAT CORP
LBGJ,1896425,Li Bang International Corp Inc.
DTII,1533357,DEFENSE TECHNOLOGIES INTERNATIONAL CORP.
REOS,1335288,ReoStar Energy CORP
GRPS,1990446,"Trans American Aquaculture, Inc"
XYLB,1577351,"XY Labs, Inc."
SATT,1661600,SATIVUS TECH CORP.
NBND,1725911,NetBrands Corp.
AIBT,1763329,"AIBOTICS, INC."
ABPO,1893219,"Abpro Holdings, Inc."
LNBY,1672572,Landbay Inc
ZAPPF,1955104,Zapp Electric Vehicles Group Ltd
ONAR,1682265,Onar Holding Corp
NNAX,1132509,New Momentum Corp.
CHMX,1657045,NEXT-ChemX Corporation.
WINT,946486,WINDTREE THERAPEUTICS INC /DE/
FOXO,1812360,FOXO TECHNOLOGIES INC.
PTPI,1815903,"Petros Pharmaceuticals, Inc."
GPLB,1392449,Green Planet Bio Engineering Co. Ltd.
AOXY,352991,ADVANCED OXYGEN TECHNOLOGIES INC
CYTOF,1601936,Altamira Therapeutics Ltd.
ILST,1100788,INTERNATIONAL STAR INC
SNBH,1358633,SENTIENT BRANDS HOLDINGS INC.
BACK,1729944,"IMAC Holdings, Inc."
FYNN,1497230,Fyntechnical Innovations Inc
HGAS,1817232,Global Gas Corp
MTLK,1098462,METALINK LTD
ILUS,1496383,Ilustrato Pictures International Inc.
KAVL,1762239,"Kaival Brands Innovations Group, Inc."
BHATF,1759136,Blue Hat Interactive Entertainment Technology
CMCT,908311,Creative Media & Community Trust Corp
OZSC,1679817,"OZOP ENERGY SOLUTIONS, INC."
GCAN,1695473,"Greater Cannabis Company, Inc."
LEEN,1230524,"Leopard Energy, Inc."
OMTK,1404804,Omnitek Engineering Corp
OCEA,1869974,"Ocean Biomedical, Inc."
ECPL,1356914,ECOPLUS INC
IVPR,1939365,"INSPIRE VETERINARY PARTNERS, INC."
NRHI,1680689,"Natural Resource Holdings, Inc."
BDPT,1575142,"BIOADAPTIVES, INC."
GRLF,915661,GREEN LEAF INNOVATIONS INC
UOKAF,1741534,MDJM LTD
RGBP,1589150,Regen BioPharma Inc
QTTOY,1733298,Qutoutiao Inc.
ALDA,1062506,ATLANTICA INC
TOBAF,1823375,TAAT Global Alternatives Inc.
SVVC,1495584,"Firsthand Technology Value Fund, Inc."
CIRX,813716,CIRTRAN CORP
LDTCF,1981462,LeddarTech Holdings Inc.
IRME,1839133,"IR-Med, Inc."
BOTY,1407704,"LINGERIE FIGHTING CHAMPIONSHIPS, INC."
IMTH,1331612,"AnTix Holdings, Inc."
FCHS,1416876,"First Choice Healthcare Solutions, Inc."
EPWKF,1900720,EPWK Holdings Ltd.
PNXP,1710495,PINEAPPLE EXPRESS CANNABIS Co
CMLS,1058623,CUMULUS MEDIA INC
CNBX,1343009,CNBX Pharmaceuticals Inc.
VINC,1796129,"Vincerx Pharma, Inc."
RIVF,1342936,"Rivulet Entertainment, Inc."
EMRH,1300306,EMERGING HOLDINGS INC
LADX,799698,LadRx Corp
GTIC,1584480,"Greentech Innovations, Inc."
TLLTF,1761510,TILT Holdings Inc.
BSFC,1730773,Blue Star Foods Corp.
BINI,1499961,"BOLLINGER INNOVATIONS, INC."
NMHI,1947861,Nature's Miracle Holding Inc.
ATDS,1068689,"Data443 Risk Mitigation, Inc."
SIGY,1642159,"Sigyn Therapeutics, Inc."
STEK,1511820,Stemtech Corp
STBXF,1914818,Starbox Group Holdings Ltd.
ONSS,1279740,ONASSIS HOLDINGS CORP.
CREVF,1960208,Carbon Revolution Public Ltd Co
BLMZF,1984014,Harrison Global Holdings Inc.
YGMZF,1782037,MingZhu Logistics Holdings Ltd
BRST,764897,"Broad Street Realty, Inc."
NOVAQ,1772695,Sunnova Energy International Inc.
MLRT,1375793,"Metalert, Inc."
CWNOF,1145898,CHINESEWORLDNET COM INC
WLGSF,1899658,"WANG & LEE GROUP, Inc."
LDHL,1919776,"LIBERTY DEFENSE HOLDINGS, LTD."
NXUR,1722969,"Nxu, Inc."
STRG,1803096,"STARGUIDE GROUP, INC."
ALCE,1883984,"Alternus Clean Energy, Inc."
PSUS,2002660,"Pershing Square USA, Ltd."
KMCM,2107523,Titan Holdings Corp.
CQFT,2115864,"Chungui International BioTech Group Co., Ltd."
SICOF,2117702,Silverco Mining Ltd.
DZHE,2122516,"Dazhe Technology Group Co., Ltd."
JAN,2100805,"Janus Living, Inc."
AFNDY,2101973,Allfunds Group PLC./ADR
IPFX,2102041,Inflection Point Acquisition Corp. VI
GFTFF,2103596,Grafton Resources Inc.
CRAUY,2094687,"Chery Automobile Co., Ltd./ADR"
HYRD,2095038,Hyperides Holdings Ltd
AIOK,2095591,AI OKTO Corp.
XNDU,2097163,Xanadu Quantum Technologies Ltd
BORAY,2097461,"Bora Pharmaceuticals Co., Ltd./ADR"
ANJFY,2098397,"Anjoy Foods Group Co., Ltd./ADR"
MPJPY,2100603,Metaplanet Inc.
OBBCY,2088339,"OBIC Business Consultants Co., Ltd./ADR"
LEGO,2087450,Legato Merger Corp. IV
SBCLY,2087852,Sumitomo Bakelite Co Limited/ADR
XFLH,2088103,XFLH Capital Corp
USDE,2080215,StableCoinX Inc.
MFHK,2080434,MIBEE AVIATION TECHNOLOGY HOLDING INC
BOT,2081119,"RoboStrategy, Inc."
CLNK,2082889,Bitwise Chainlink ETF
GADA,2083106,Grayscale Cardano Trust ETF
ARCI,2083910,Archimedes Tech SPAC Partners III Co.
ADBT,2084227,"Advasa Holdings, Inc."
RSMIY,2086869,RESOLUTION MINERALS LTD/ADR
AFNX,2087035,AfterNext Acquisition I Corp.
NHLTY,2060863,Nightingale Health Plc
IDPEY,2062803,IDP Education Ltd./ADR
DNCLY,2065660,"DeNA Co., Ltd./ADR"
HIFI,2065707,Hillhouse Frontier Holdings Inc.
NEUT,2065741,Neutrans Inc.
BGHL,2069821,BILLION GROUP HOLDINGS Ltd
GRCPY,2063671,Canal Plus SA/ADR
SAPUY,2072563,Saputo Inc./ADR
PLYX,2075320,"Polaryx Therapeutics, Inc."
TDST,2075888,Thunderstone Acquisition Corp
FUU,1703118,F3 Uranium Corp.
TPTA,1674356,"Terra Property Trust, Inc."
MTLMY,2091028,Metallium Limited/ADR
IAUM,1759124,iShares Gold Trust Micro
DGCOF,1809267,Daura Capital Corp.
MECPF,1945166,MUSTANG ENERGY CORP.
HWEP,1980262,"HW Electro Co., Ltd."
ORIB,1854183,Orion Bliss Corp.
MOGMF,2011589,Mogotes Metals Inc.
BORMF,1994238,Borealis Mining Co Ltd
INKS,1997799,Aimfinity Investment Merger Sub I
INHI,1997950,Unitrend Entertainment Group Ltd
NSURF,2002326,North Shore Uranium Ltd.
EZET,2011535,Franklin Ethereum Trust
SGIHY,2027330,"Sugi Holdings Co., Ltd./ADR"
OPTH,2027329,Optimi Health Corp.
RSHL,1984192,Rise Smart Group Holdings Ltd
VCRDX,1812286,Harrison Street Infrastructure Income Fund
CCEYF,1992604,CanCambria Energy Corp.
EZBC,1992870,Franklin Templeton Digital Holdings Trust
QETH,1995569,Invesco Galaxy Ethereum ETF
DMNT,1996450,"DMINT, Inc."
JHPCY,2071868,"Jiangsu Hengrui Pharmaceuticals Co., Ltd./ADR"
YMXK,2071350,CHARMING WOW INC
TKCYY,2066601,"Tokyo Ohka Kogyo Co., Ltd./ADR"
KWF,2068224,KWF Group Holding Ltd
LRVIY,2029970,"Laboratorios Farmaceuticos Rovi, S.A./ADR"
UHL,2032241,UNITED HYDROGEN GLOBAL INC.
GINT,2032274,Gifts International Holdings Ltd
CYAB,2032341,"Trailblazer Holdings, Inc."
TSOL,2028834,21Shares Solana ETF
PBRRY,2034467,PT Barito Renewables Energy Tbk/ADR
UHP,2034767,Ultra High Point Holdings Ltd
GLSA,2040733,Green Solar Energy Ltd
SOLC,2041869,Canary Marinade Solana ETF
KYTFY,2042187,Kyoto Financial Group Inc/ADR
AOJE,2048803,AOJE INC.
YLY,2053115,Zi Yun Dong Fang Ltd
OYES,2055187,OCEANDRIVER INC.
ASBHY,2055337,"Asahi Group Holdings, Ltd./ADR"
PLAI,2058867,PressLogic Inc.
ONWRY,2059986,Onward Medical N.V./ADR
SUIS,2060703,Canary Staked SUI ETF
HZRBY,2060217,"Horizon Robotics, Inc./ADR"
AIB,2070542,"BlockchAIn Digital Infrastructure, Inc."
ARKB,1869699,Ark 21Shares Bitcoin ETF
TCRG,1879270,Cannaisseur Group Inc.
XXC,1875994,XINXU COPPER INDUSTRY TECHNOLOGY Ltd
BTCO,1855781,Invesco Galaxy Bitcoin ETF
TRGXF,1861479,Terra Rossa Gold Ltd.
ISRLF,1915328,Israel Acquisitions Corp
CBPHF,1856491,"Clover Biopharmaceuticals, Ltd."
BTCW,1850391,WisdomTree Bitcoin Fund
ZRCN,1901297,ZRCN Inc.
GVSE,2017541,Gameverse Interactive Corp
GLEI,1871890,Galaxy Enterprises Inc. /WY/
OSOL,1868282,Osprey Solana Trust
HAMA,2067016,HAMA Intelligence Ltd
SSTR,2067602,Solar Strategy Holdings Ltd
GRLMF,2055938,GreenLight Metals Inc.
XPD,2060614,Xpand Boom Technology Inc.
MXUBY,2061911,Mixue Bingcheng Co Ltd/ADR
MSMU,2061918,MSM FRONTIER CAPITAL ACQUISITION CORP.
DNJF,2062397,Riverstone Ltd
RGGG,2063022,Regenique Group Ltd
GST,2064551,Ga Sai Tong Enterprise Ltd
HGT,2065655,HSBC Physical Gold Trust
FSSL,2065812,FS Specialty Lending Fund
GAVA,2035053,Grayscale Avalanche Staking ETF
MDDTY,2038958,Mandatum Oyj/ADR
SWOL,2054459,SWOL Holdings Inc.
DAVI,2039072,DAVION HEALTHCARE PLC
GSNR,2025000,Grayscale Near Trust (NEAR)
PGIM,1923622,PGIM Private Credit Fund
INNP,1889791,INNOCAN PHARMA Corp
GDEL,2020089,Global Development Engineering Co Ltd
ETH,2020455,Grayscale Ethereum Staking Mini ETF
ETHW,2013744,Bitwise Ethereum ETF
OMNI,2013873,OmnigenicsAI Corp
ITXP,2025878,"Independence Power Holdings, Inc."
VROYF,2031760,Vizsla Royalties Corp.
CGL,1934387,CGL Logistics Holdings Ltd
POCH,2085836,"POCHE TECHNOLOGY CO., Ltd"
CTWO,1958928,COTWO ADVISORS PHYSICAL EUROPEAN CARBON ALLOWANCE TRUST
KOGDF,2008257,KO Gold Inc.
TMGX,1991879,Thoughtful Media Group Inc.
KPL,2000208,Kepler Group Ltd
USDW,1977837,MADE IN USA INC.
ALTUF,1977971,Altura Energy Corp.
AVG,2019042,ANEW HEALTH Ltd
EDVLY,2020414,Endeavour Group Limited/ADR
BTC,2015034,Grayscale Bitcoin Mini Trust ETF
KMYGY,2003770,"Kumyang Co., Ltd./ADR"
AAS,2010218,Antharas Inc
NSNFY,2027166,"Nissin Foods Holdings Co., Ltd./ADR"
GTAO,2029297,Grayscale Bittensor Trust (TAO)
NCIQ,2031069,Hashdex Nasdaq CME Crypto Index ETF
LHI,2035313,Living Homeopathy International Ltd.
EZPZ,2033807,Franklin Crypto Trust
NPIXY,2072389,Northland Power Inc./ADR
BIREY,2073268,Birchcliff Energy Ltd./ADR
METRY,2073643,METRO INC./ADR
MSTKY,2025217,MatsukiyoCocokara & Co./ADR
TCLXY,2073804,TCL Electronics Holdings Limited/ADR
GRVT,2078037,GreenVector Holdings Ltd
VRXA,2079109,Veraxa Biotech Holding AG
GONYF,2081438,GO Residential Real Estate Investment Trust
WLII,2083946,Willow Lane Acquisition Corp. II
TKVA,2084032,"Salspera, Inc."
KERCY,2107989,Keisei Electric Railway Co. Ltd/ADR
PALO,2101562,PALOMA ACQUISITION CORP I
AACP,2102123,Apogee Acquisition Corp
QLEP,2102155,Quantum Leap Acquisition Corp
YKCLY,2107946,Yamato Kogyo Co. Ltd/ADR
SHILY,2111790,Shanghai Iluvatar CoreX Semiconductor Co Ltd/ADR
PRAG,2113369,"Primeage Technology Group Co., Ltd"
LTGR,2104177,Long Table Growth Corp.
SUMA,2105838,SUMA Acquisition Corp
APXC,2093856,APEX CRITICAL METALS CORP.
ACAA,2096900,Averin Capital Acquisition Corp.
PRNSY,2098329,Princes Group plc/ADR
ZGJLY,2087840,"Zhejiang Leapmotor Technology Co., Ltd./ADR"
ZSHLY,2088776,"Zensho Holdings Co., Ltd./ADR"
IDAC,2090441,Iron Dome Acquisition I Corp.
GLED,2091484,GalaxyEdge Acquisition Corp
RENGY,2092252,"Rengo Co., Ltd./ADR"
APUR,2093524,Aperture AC
TVCN,1952670,TV Channels Network Inc.
BRBF,1976870,BRB Foods Inc.
SSRLY,2073972,Sienna Senior Living Inc./ADR
FGO,2004385,FG Holdings Ltd
KOKO,2045907,KOKOBOTS GROUP
BTFT,2046216,Beta FinTech Holdings Ltd
MSSHY,2087844,Mitsui-Soko Holdings Co Limited/ADR
OHAC,2090787,Oceanhawk Acquisition Corp.
SMGSY,2093227,SMG Swiss Marketplace Group AG/ADR
SECZ,2094496,"Securitize Holdings, Inc."
AVEX,2096300,AEVEX Corp.
CTX,2096385,Cyber Hornet S&P Crypto 10 ETF
AZBLY,2108185,Azbil Corporation/ADR
SGPIY,2099326,"Seres Group Co., Ltd./ADR"
XRP,2039525,Bitwise XRP ETF
JSKJ,2085372,"Jiansu (Shanghai) Information Technology Co., Ltd"
UATCY,2084585,"Unisound AI Technology Co., Ltd./ADR"
AMVOY,2085236,AUMOVIO SE
GTLRY,2087843,Greatland Resources Limited/ADR
SVICY,2074157,StorageVault Canada Inc./ADR
GIVE,2074158,Wealth Management System Inc.
ZSICY,2076398,"Zhejiang Sanhua Intelligent Controls Co., Ltd./ADR"
BWGC,2080841,BW Industrial Holdings Inc.
LBIO,2081863,Longevity Biomedical Holdings Corp.
ALOG,2083031,ALBERT ORIGIN ACQUISITION Corp
QADR,2083217,QDRO Acquisition Corp.
OCTV,2083632,Octave Intelligence plc
UNIU,2077715,"RiverNorth Long Prime Unicorn Fund 2028, Inc."
AMTU,2078570,"AMATUHI HOLDINGS, INC."
CDN,2078905,Cloud Data Holdings Corp
MBSHY,2079706,"Mitsubishi Gas Chemical Company, Inc./ADR"
GDOG,2055510,Grayscale Dogecoin Trust ETF
ECST,2058007,ECST Holdings Ltd
VAVX,2060717,VanEck Avalanche ETF
TSUI,2061626,21Shares Sui ETF
GGTKY,2059690,PT GoTo Gojek Tokopedia Tbk/ADR
CADV,2066899,Club Versante Group Ltd
DTDT,2047713,DT House Ltd
BENN,2072315,Bend NovaTech Group Ltd
GBNXY,2071913,Gibson Energy Inc/ADR
LATA,2076427,Galata Acquisition Corp. II
CCIL,2083945,CALM Chain International Ltd
XYJG,2084388,XYJ TECHNOLOGY Corp
TRAD,2085485,APEX Tech Acquisition Inc.
PAXG,2076561,Pine Tree Acquisition Corp.
UNID,2077697,"RiverNorth Short Prime Unicorn Fund 2028, Inc"
MLIZY,2080003,MELIUZ S.A.
EVVO,2080803,Evvolutions LeadTech Inc
HRBAY,2088827,"Horiba, Ltd./ADR"
PWRU,2087162,Yesil Global Enerji A.S.
TMCR,2087398,Metals Royalty Co Inc.
MARH,2087064,Starrygazey Inc.
JSTT,2073819,"Nihon Shintatsu Co., Ltd."
BAVA,2086017,Bitwise Avalanche ETF
DDHLY,2034300,Digital Domain Holdings Limited/ADR
SIBO,2043392,SIBO HOLDING Ltd
SPGNY,2042556,Springer Nature AG & Co. KGaA/ADR
EUEV,2048740,EUROEV Holdings Ltd
PRNCF,2045300,Prince Silver Corp.
GHRTF,2045434,Greenheart Gold Inc.
UPX,2046370,Uptrend Holdings Ltd
EMS,2047036,Leoch Energy Inc
DBIM,2057757,Dbim Holdings Ltd
XRPZ,2059438,Franklin XRP Trust
TMRD,2059729,Timber Road Acquisition Corp
GFTL,2062748,Great Future Technology Inc.
VCCG,2052443,V Capital Consulting Group Ltd
PCPGY,2053411,PC Partner Group Ltd/ADR
VIVO,1681348,VivoPower PLC
WENC,2104260,West Enclave Merger Corp.
ETHB,2099103,iShares Staked Ethereum Trust ETF
KCAC-UN,2102713,Kensington Capital Acquisition Corp. VI
TRGS,2098780,TRG Latin America Acquisitions Corp.
VIRMF,2074745,Viridian Metals Inc.
IBL,2075038,I Bella Perfect Inc.
GGRPY,2075474,GPT Group/ADR
FHFFY,2082876,Foshan Haitian Flavouring & Food Co Ltd./ADR
MRCA,2083119,Canary American-Made Crypto ETF
DOT,2083137,Grayscale Polkadot Trust ETF
KHOBF,2084698,KHEOBA Ltd
HBAR,2084948,Grayscale Hedera Trust ETF
RVI,2085091,Robinhood Ventures Fund I
LBKX,2078482,BoluoC Acquisition Corp
JNGDY,2109559,"Jingdong Industrials, Inc./ADR"
CMPLY,2117197,Com7 PCL/ADR
GHYP,2107730,Grayscale HYPE ETF
RMIX,2094433,"Suncrete, Inc."
AIAI,2096362,AIAI Holdings Corp
TVIV,2096755,Texas Ventures Acquisition IV Corp
AACO,2099906,Abony Acquisition Corp. I
NYB,2100835,NYB Holdings Ltd
ILLU,2101135,Illumination Acquisition Corp. I
AESP,2082526,Aeon Acquisition I Corp.
DPDSY,2094201,DPC DASH LTD/ADR
FTY,2087513,"Feitu Shanglian Cloud Information Technology Co., Ltd"
AKCLY,2087856,Aica Kogyo Co Limited/ADR
OTAI,2094076,Starlink AI Acquisition Corp
HONA,2089271,Honeywell Aerospace Inc.
PNIG,2089778,Pacipic Nexus IntelliTech Group
AACI,2092897,Armada Acquisition Corp. III
SNHIY,2098326,"Sany Heavy Industries Co., Ltd./ADR"
CTAA,2094073,Clearthink 1 Acquisition Corp.
GLND,2093507,"Pelican Holdco, Inc."
IACO,2091176,Idea Acquisition Corp.
MTMTY,2090231,Metlen Energy & Metals PLC/ADR
FFGG,2102972,FF Global Holdings Ltd
CAQ,2100125,Cambridge Acquisition Corp.
APMC,2101393,AmperCap Acquisition Co
MYX,2080087,Maywood Acquisition Corp. 2
FRTRY,2098710,"Fortior Technology (Shenzhen) Co., Ltd./ADR"
BLDC,2097508,"Blockfusion Data Centers, Inc."
UDUD,2097903,UDynamics Ltd
SVIV,2098242,Spring Valley Acquisition Corp. IV
NATNF,2096533,Nation Gold Corp.
MZYX,2097376,MOZAYYX Acquisition Corp.
OBOCY,2094691,Ottobock SE & Co. KGaA/ADR
TGRGF,2094900,Tiger Gold Corp.
YIFE,2084038,Yi Feng Holdings Ltd.
DYBTY,2085208,Duality Biotherapeutics Inc/ADR
TRAX,2091349,"First Tracks Biotherapeutics, Inc."
LKYLY,2091585,Locksley Resources Limited/ADR
PAAC,2087446,Proem Acquisition Corp. I
TRBG,2088375,Turbogen Ltd.
SNEVY,2089488,SUNEVISION HOLDINGS/ADR
RIKU,2058976,RIKU DINING GROUP Ltd
CLRLY,2063231,Central Retail Corp Public Co Limited/ADR
MREGY,2063417,Meridian Energy Ltd/ADR
LILW,2065821,Little West Holdings Inc.
FRLCY,2065932,Freelancer Ltd
SBAQ,2073545,Subversive Bitcoin Acquisition Corp.
CSC,2068711,CSC Collective Holdings Ltd
APEX,2069858,APEX Global Solutions Ltd
SCBXY,2066600,SCB X Public Co Ltd
PRSKY,2071912,PrairieSky Royalty Ltd/ADR
TOXR,2028835,21Shares XRP ETF
PMHMY,2030632,Perfect Medical Health Management Ltd./ADR
KBAT,2033315,KBAT Group Inc.
MGNO,2033615,"Magnolia Bancorp, Inc."
GXRP,2037427,Grayscale XRP Trust ETF
BAO,2049184,BAO Holding Ltd.
STA,2049977,"Starton Holdings, Inc."
CLBZ,2050338,Collab Z Inc.
IDTL,2045440,Idea Tech Holding Ltd
OTSA,2046462,OTSAW Ltd
RNBW,2046919,Rainbow Capital Holdings Ltd
MPJS,2016864,MPJS Group Ltd
VSGRY,2075141,VusionGroup
CSCCY,2075918,Capstone Copper Corp./ADR
NRYCF,2022469,Nations Royalty Corp.
MNZLY,2062807,Mercury NZ Ltd./ADR
SCSXY,2063116,SCSK Corporation/ADR
FSOL,2063380,Fidelity Solana Fund
LSHGY,2063675,Louis Hachette Group/ADR
GBH,2066522,Gigabit Inc.
GDNT,2066926,Guident Corp.
KCG,2067719,Keystone Global Financial Group
MKTR,2070261,Monkey Tree Investment Ltd
SLBT,2070534,SL Science Holding Ltd
RECCY,2070570,Reece Limited/ADR
KLK,2071502,Klook Technology Ltd
HNPHY,2073669,Hansoh Pharmaceutical Group Co Limited/ADR
TMKVY,2073901,Tamarack Valley Energy Ltd./ADR
VCX,1867090,"Fundrise Innovation Fund, LLC"
TSLVF,1852753,TIER ONE SILVER INC.
ODOT,1857629,Osprey Polkadot Trust
ETHV,1860788,VanEck Ethereum ETF
FBTC,1852317,Fidelity Wise Origin Bitcoin Fund
HODL,1838028,VanEck Bitcoin ETF
PDYTY,2032887,PT Dayamitra Telekomunikasi Tbk/ADR
KKSIY,2033019,Kokusai Electric Corporation/ADR
GTSG,2033738,GATES GROUP Inc.
NEOA,2036444,"Neo Aeronautics, Inc."
TTEI,2053475,TDE GROUP Ltd
YGSHY,2053843,Yangzijiang Shipbuilding Holdings Ltd/ADR
AFA,2054964,FARLONG HOLDING Corp
BSOL,2045872,Bitwise Solana Staking ETF
SPED,2047859,Speed Group Holdings Ltd
ZCSH,1720265,Grayscale Zcash Trust (ZEC)
HZEN,1748945,Grayscale Horizen Trust (ZEN)
CUPPF,2021989,Super Copper Corp.
MRLN,2028707,"Merlin, Inc."
SCTAY,2032517,Sectra AB/ADR
GDGIF,2027037,"Gemdale Gold, Inc"
ALEH,1806905,ALE Group Holding Ltd
FETH,2000046,Fidelity Ethereum Fund
HCYC,2006779,HCYC Holding Co
MAKO,1784930,Mako Mining Corp.
GSOL,1896677,Grayscale Solana Staking ETF
PDSRX,1756404,Principal Real Asset Fund
LBZZ,1736734,Lendbuzz Inc.
ETCG,1705181,Grayscale Ethereum Classic Trust (ETC)
BAR,1690437,GraniteShares Gold Trust
PLTM,1690842,GraniteShares Platinum Trust
IBIT,1980994,iShares Bitcoin Trust ETF
TDGGF,1972589,TDG Gold Corp.
NXNT,1976663,"Nexscient, Inc."
EXYN,1960355,"Exyn Technologies, Inc."
OBNB,1916101,Osprey BNB Chain Trust
MROSY,1516535,Melrose Industries Plc/ADR
ZDAN,1992092,Zerolimit Technology Holding Co. Ltd.
FGXC,1997389,FG Merger III Corp.
DEFI,1985840,Hashdex Commodities Trust
NOPFF,1991188,Nevada Organic Phosphate Inc.
KLSVF,1655531,KLONDIKE SILVER CORP.
AIDG,1702015,"AIS Holdings Group, Inc."
GJT,1357660,"STRATS(SM) Trust for Allstate Corp Securities, Series 2006-3"
FXF,1353615,Invesco CurrencyShares Swiss Franc Trust
AOTVF,1407582,Cambria Gold Mines Inc.
FGDL,1858258,Franklin Templeton Holdings Trust
SVIX,1793497,VS Trust
GLTR,1483386,abrdn Precious Metals Basket ETF Trust
MANA,1852023,Grayscale Decentraland Trust (MANA)
GLNK,1852025,Grayscale Chainlink Trust ETF
GBAT,1852040,Grayscale Basic Attention Token Trust (BAT)
PICS,1841644,PicS N.V.
FXB,1353611,Invesco CurrencyShares British Pound Sterling Trust
GJO,1340909,"STRATS SM TRUST FOR WAL-MART STORES, INC. SECURITIES, SERIES 2005-4"
SIVR,1450922,abrdn Silver ETF Trust
USL,1405528,"United States 12 Month Oil Fund, LP"
GJP,1343491,"STRATS(SM) TRUST FOR DOMINION RESOURCES, INC. SECURITIES, SERIES 2005-6"
GJR,1353226,"STRATS(SM) Trust for Procter & Gamble Securities, Series 2006-1"
FXC,1353612,Invesco CurrencyShares Canadian Dollar Trust
UDN,1383149,INVESCO DB US DOLLAR INDEX BEARISH FUND
GJS,1356284,"STRATS(SM) Trust for Goldman Sachs Group Securities, Series 2006-2"
UNL,1405513,"United States 12 Month Natural Gas Fund, LP"
ETI-P,1427437,"ENTERGY TEXAS, INC."
NHPAP,1561032,"National Healthcare Properties, Inc."
ODRS,1610718,"Outdoor Specialty Products, Inc."
DCFBS,1630745,"DCFC Holdings, LLC"
WNHK,1503658,"Winning Catering Group, Inc."
BDRY,1610940,Amplify Commodity Trust
MTVE,1646681,"Motive Technologies, Inc."
BUHPY,1547870,Bumrungrad Hospital Public Co Limited/ADR
TFSA,1577134,"Terra Income Fund 6, LLC"
BITW,1723788,Bitwise 10 Crypto Index ETF
OBTC,1767057,Osprey Bitcoin Trust
BITB,1763415,Bitwise Bitcoin ETF
AAAU,1708646,Goldman Sachs Physical Gold ETF
TSM,1046179,TAIWAN SEMICONDUCTOR MANUFACTURING CO LTD
XSIAX,1124959,VOYA CREDIT INCOME FUND
QVCD,1254699,QVC INC
UUP,1383151,Invesco DB US Dollar Index Bullish Fund
USCI,1479247,United States Commodity Index Funds Trust
DSRNY,1544088,DiaSorin SpA/ADR
PRBRY,1503812,PREMIUM BRANDS HOLDINGS Corp
BNO,1472494,"United States Brent Oil Fund, LP"
PALL,1459862,abrdn Palladium ETF Trust
ENTXW,1638097,Entera Bio Ltd.
FXA,1353614,Invesco CurrencyShares Australian Dollar Trust
ELC,1348952,"ENTERGY LOUISIANA, LLC"
JBK,1284143,LEHMAN ABS CORP GOLDMAN SACHS CAP 1 SEC BACKED SER 2004-6
GEHDF,1291313,Great Eastern Holdings Ltd
VBREY,1000377,Vibra Energia S.A./ADR
OPITQ,1456772,OFFICE PROPERTIES INCOME TRUST
PPLT,1460235,abrdn Platinum ETF Trust
ATLCP,1464343,Atlanticus Holdings Corp
JTGEY,1472033,"Citibank,N.A./ADR"
OAK-PA,1403528,"Brookfield Oaktree Holdings, LLC"
UGA,1396878,"United States Gasoline Fund, LP"
IPB,1267332,MERRILL LYNCH DEPOSITOR INC INDEXPLUS TRUST SERIES 2003-1
KTH,1283464,STRUCTURED PRODUCTS CORP CORTS TR FOR PECO ENERGY CAP TR III
PYT,1294808,PPLUS Trust Series GSC-2
KTN,1283337,STRUCTURED PRODUCTS CORP CRED ENHANCE CORTS TR FOR AON CAP A
IVHI,1009919,"Invech Holdings, Inc."
MADL,1052354,MAN AHL DIVERSIFIED I LP
SREA,1032208,SEMPRA
CHSCP,823277,CHS INC
NRUC,70502,NATIONAL RURAL UTILITIES COOPERATIVE FINANCE CORP /DC/
CTBB,68622,QWEST CORP
GJH,1286405,STRATS SM TRUST FOR U S CELL CORP SEC SERIES 2004 6
NHFLF,1075822,NORTHFIELD CAPITAL CORP
SGOL,1450923,abrdn Gold ETF Trust
AIXC,1460702,"AIxCrypto Holdings, Inc."
SCRNY,1544379,"SCREEN Holdings Co., Ltd./ADR"
GLDM,1618181,World Gold Trust
CITR,894556,CitroTech Inc.
AMFN,96664,"Renewal Fuels, Inc."
OXYWS,797468,OCCIDENTAL PETROLEUM CORP /DE/
DYNTQ,720875,DYNATRONICS CORP
ILPLF,2012855,Island Pharmaceuticals Ltd
HMH,2021880,HMH Holding Inc
MEDG,2022097,MEDI Group Ltd
LBRJ,1999119,"Libera Gaming Operations, Inc"
ETHA,2000638,iShares Ethereum Trust ETF
PRGY,1997698,IGTA Merger Sub Ltd
CRGT,1958489,"Cortigent, Inc."
EIIA,1896036,Eagle Point Institutional Income Fund
GACW,1872421,GACW Inc
WDSP,1813744,"World Scan Project, Inc."
SMERY,1830056,Siemens Energy AG/ADR
IPSAY,1582820,IPSOS/ADR
ACGC,2111542,ACP Holdings Acquisition Corp.
GBNB,2106762,Grayscale BNB ETF
JLZQ,2107062,"Xiamen Customized Elf Technology Co., Ltd."
SCOP,2108383,Sprott Physical Copper Trust
MMXGY,2109556,Minimax Group Inc./ADR
OUNZ,1546652,VanEck Merk Gold ETF
BPRE,1551047,Bluerock Private Real Estate Fund
CPPBY,1551468,Central Pattana Public Co Limited/ADR
LPCHY,2023870,Lapco Holdings Limited/ADR
GFTTY,2023719,GFT Technologies SE/ADR
GSUI,2034012,Grayscale Sui Staking ETF
ELCG,2039096,ELC Group Holdings Ltd.
AMPM,2049323,AM PM Group Ltd
SUWA,2051146,Sharewow Ltd
VAII,2052096,Voyager Acquisition Corp. II
SMFSY,2048270,"Sumitomo Forestry Co., Ltd./ADR"
ALEUY,2046098,ALLEGRO.EU SA/ADR
TDOG,2064314,21Shares Dogecoin ETF
THCLY,2064381,"Toho Co., Ltd./ADR"
MEON,2059702,MEDIAON GROUP INC.
QSOL,2074409,Invesco Galaxy Solana ETF
LCDC,2071166,LORENZO DEVELOPMENTS INC.
CAEA,2072033,Caedryn Acquisition Corp I
FNIGY,2073638,Finning International Inc./ADR
TPZEY,2073655,Topaz Energy Corp./ADR
MCL,2064863,Mclaren International Holdings Ltd
FIT,2065232,Fitness Fanatics Ltd
ACMIF,2065282,Allied Critical Metals Corp.
JXAMY,2065485,JX Advanced Metals Corporation/ADR
SMPHY,2063413,SM Prime Holdings Inc./ADR
IDXMF,2067171,IDEX METALS CORP.
BKPOY,2075877,Bank Pekao S.A./ADR
RONE,2078721,"ReserveOne Holdings, Inc."
EUPX,2078871,EUPEC International Group Ltd
MDKR,2078035,Medikra Inc.
RNGT,2078653,Range Capital Acquisition Corp II
FDXF,2082247,"FedEx Freight Holding Company, Inc."
BWIV,2082847,Blue Water Acquisition Corp. IV
BHAV,2097288,BHAV Acquisition Corp
SWBKY,2098324,Shawbrook Group plc/ADR
LABT,2079272,Lakewood-Amedex Biotherapeutics Inc.
SICCY,2098860,"SICC Co., Ltd./ADR"
AWATY,2092258,Air Water Inc./ADR
XE,2088896,"X-Energy, Inc."
GLVPY,2089499,GLENVEAGH PROPERTIES PLC/ADR
HACQ,2089982,HCM IV Acquisition Corp.
GRML,1907223,Greenland Mines Ltd
MIMDF,1920576,MiMedia Holdings Inc.
RCWBY,1969729,Rockwool A/S/ADR
FRFAF,1894942,Fresh Factory B.C. Ltd.
TETH,1992508,21Shares Ethereum ETF
RADB,1986694,TETE Technologies Inc
VTEK,2013100,VISTEK LTD
SYNSY,2004340,Syensqo SA/ADR
ATHNY,2019367,Athens International Airport SA/ADR
STCK,2024996,Grayscale Stacks Trust (STX)
GYGLF,2023275,Guzman y Gomez Ltd
MYCRY,2032399,Mycronic AB/ADR
BTAB,2033522,IWAC Holding Co Inc.
SBMW,2036060,"Security Midwest Bancorp, Inc."
ARSTY,2044984,Ariston Holding N.V./ADR
TREO,2041208,Plum III Merger Corp.
SMIP,2042176,"SPECTRAL IP, INC."
OBNK,2042444,Osprey BONK Trust
BXRLY,2056450,Boxer Retail Limited/ADR
SOEZ,2057388,Franklin Solana Trust
BWOW,2053791,Bitwise Dogecoin ETF
FCHDF,2048847,Fairchild Gold Corp.
STJNY,2077242,Stella-Jones Inc./ADR
EVON,2075036,EvoNexus Group LTD
VGNT,2078008,Versigent Ltd
ASKRY,2078895,Asker Healthcare Group AB/ADR
MWC,2083526,"Micware Co., Ltd."
QMLS,2084026,"QumulusAI, Inc."
QRED,2085177,QuasarEdge Acquisition Corp
LPSL,2085796,Launchpad Streetlight Acquisition Corp
CLSO,2085932,Climate Transition Special Opportunities SPAC I
PWRL,2052053,Powerlaw Corp.
PSBTY,2063685,PT Sumber Alfaria Trijaya Tbk/ADR
ELFTY,2073615,Element Fleet Management Corp./ADR
NWCYY,2073913,North West Co Inc./ADR
JOSS,2067746,"JOSS Realty REIT, Inc."
BMOK,2071607,BM Acquisition Corp.
CPXXY,2071911,Capital Power Corp/ADR
ETHE,1725210,Grayscale Ethereum Staking ETF
OPTU,1702780,"Optimum Communications, Inc."
GXLM,1761325,Grayscale Stellar Lumens Trust (XLM)
ICR-PA,1690012,"InPoint Commercial Real Estate Income, Inc."
PASTY,1789135,Plastic Omnium/ADR
AUGCF,1839290,AU Gold Corp.
EMI,1838003,"Encore Medical, Inc."
GLIV,1852024,Grayscale Livepeer Trust (LPT)
BRRR,1841175,CoinShares Bitcoin ETF
FRTT,2092967,Fort Technology Inc
NBKBY,2093618,Noba Bank Group AG/ADR
ZJGIY,2093654,Zijin Gold International Co Limited/ADR
MRUWY,2093667,"Maruwa Co., Ltd./ADR"
BVENY,2095292,Brava Energia S.A.
MDKGY,2098332,Merdeka Gold Resources Tbk PT/ADR
LNTCY,2098381,"Lens Technology Co., Ltd./ADR"
MAIR,2098430,Madison Air Solutions Corp
NRGFF,2102593,AE Fuels Corp
SKAI,2103029,Sky Acquisition Group
SSHBY,2107375,"SBI Shinsei Bank, Limited/ADR"
NGCOY,2092248,"Nagase & Co., Ltd./ADR"
TEICY,2089506,TOSEI CORP/ADR
BRUN,2090646,Boost Run Inc.
CDTHY,2091663,CONDUIT HOLDINGS LTD/ADR
NHKSY,2087500,NHK Spring Co. Ltd/ADR
PTAXY,2089174,Paltac Corporation/ADR
ODKUY,2108124,"Odakyu Electric Railway Co., Ltd./ADR"
KNWAY,2109545,Knowledge Atlas Technology Joint Stock Co Limited/ADR
AELKY,2110583,ASELSAN Elektronik Sanayi ve Ticaret Anonim Sirketi/ADR
GOOG,1652044,Alphabet Inc.
USB-PA,36104,US BANCORP DE
BRK-A,1067983,BERKSHIRE HATHAWAY INC
ASMLF,937966,ASML HOLDING NV
TSMWF,1046179,TAIWAN SEMICONDUCTOR MANUFACTURING CO LTD
BABAF,1577552,Alibaba Group Holding Ltd
JPM-PC,19617,JPMORGAN CHASE & CO
PCCYF,1108329,PETROCHINA CO LTD
JPM-PD,19617,JPMORGAN CHASE & CO
BML-PG,70858,BANK OF AMERICA CORP /DE/
NVSEF,1114448,NOVARTIS AG
BML-PH,70858,BANK OF AMERICA CORP /DE/
RYDAF,1306965,Shell plc
BML-PL,70858,BANK OF AMERICA CORP /DE/
BAC-PB,70858,BANK OF AMERICA CORP /DE/
TOYOF,1094517,TOYOTA MOTOR CORP/
CILJF,1268896,CHINA LIFE INSURANCE CO LTD
BAC-PK,70858,BANK OF AMERICA CORP /DE/
BML-PJ,70858,BANK OF AMERICA CORP /DE/
BAC-PE,70858,BANK OF AMERICA CORP /DE/
SAPGF,1000184,SAP SE
HBCYF,1089113,HSBC HOLDINGS PLC
WFC-PY,72971,WELLS FARGO & COMPANY/MN
WFC-PL,72971,WELLS FARGO & COMPANY/MN
MBFJF,67088,MITSUBISHI UFJ FINANCIAL GROUP INC
BHPLF,811809,BHP Group Ltd
SNEJF,313838,Sony Group Corp
BCDRF,891478,"Banco Santander, S.A."
NONOF,353278,NOVO NORDISK A S
ABBNY,1091587,ABB LTD
ABLZF,1091587,ABB LTD
EADSF,1378580,Airbus SE/ADR
TBB,732717,AT&T INC.
SNYNF,1121404,Sanofi
UNLYF,217410,UNILEVER PLC
BUDFF,1668717,Anheuser-Busch InBev SA/NV
BTAFF,1303523,British American Tobacco p.l.c.
WFC-PC,72971,WELLS FARGO & COMPANY/MN
DTEGF,946770,DEUTSCHE TELEKOM AG
GLAXF,1131399,GSK plc
BPAQF,313807,BP PLC
RTPPF,863064,RIO TINTO PLC
SMFNF,1022837,"SUMITOMO MITSUI FINANCIAL GROUP, INC."
IDEXF,1438656,Industria de Diseno Textil Inditex SA / ADR
BYDDF,1445162,BYD CO LTD
NCRRP,70866,NCR Voyix Corp
CMXHF,1274152,CSL LTD
AIQUF,1161167,L AIR LIQUIDE SA /FI
SNPMF,1123658,CHINA PETROLEUM & CHEMICAL CORP
MBGAF,1067318,DAIMLER AG
BAESF,895564,BAE SYSTEMS PLC /FI/
NETTF,1110646,"NetEase, Inc."
NTTYY,769594,NIPPON TELEGRAPH & TELEPHONE CORP
USB-PH,36104,US BANCORP DE
EBBNF,895728,ENBRIDGE INC
CTA-PB,30554,"EIDP, Inc."
USB-PP,36104,US BANCORP DE
PPRUF,1445465,Kering
GS-PA,886982,GOLDMAN SACHS GROUP INC
AMXOF,1129137,AMERICA MOVIL SAB DE CV/
GS-PD,886982,GOLDMAN SACHS GROUP INC
MS-PK,895421,MORGAN STANLEY
MS-PA,895421,MORGAN STANLEY
MS-PI,895421,MORGAN STANLEY
PBR-A,1119639,PETROBRAS - PETROLEO BRASILEIRO SA
KDDIF,1106215,KDDI CORP
MS-PF,895421,MORGAN STANLEY
STOHF,1140625,EQUINOR ASA
MS-PE,895421,MORGAN STANLEY
RLXXF,929869,RELX PLC
SRE,1032208,SEMPRA
DUK-PA,1326160,Duke Energy CORP
OXY,797468,OCCIDENTAL PETROLEUM CORP /DE/
BAMXF,1446250,Bayerische Motoren Werke AG/ADR
BAIDF,1329099,"Baidu, Inc."
DGEAF,835403,DIAGEO PLC
EIPAF,1002242,ENI SPA
CCZ,1166691,COMCAST CORP
FMCCT,1026214,FEDERAL HOME LOAN MORTGAGE CORP
BYMOF,1446250,Bayerische Motoren Werke AG/ADR
WEBNF,719245,WESTPAC BANKING CORP
IFNNF,1107457,INFINEON TECHNOLOGIES AG
MZHOF,1335730,MIZUHO FINANCIAL GROUP INC
HTHIF,47710,HITACHI LTD
NGGTF,1004315,NATIONAL GRID PLC
SCHW-PD,316709,SCHWAB CHARLES CORP
TKPHF,1395064,TAKEDA PHARMACEUTICAL CO LTD
DKILF,1446519,Daikin Industries Ltd
BECEF,718940,BCE INC
SPG-PJ,1063761,SIMON PROPERTY GROUP INC.
BSQKZ,1512673,"Block, Inc."
CTA-PA,30554,"EIDP, Inc."
TNCAF,1232384,TC ENERGY CORP
INGVF,1039765,ING GROEP NV
MET-PA,1099219,METLIFE INC
TRPCF,1269238,Trip.com Group Ltd
NOKBF,924613,NOKIA CORP
ITOCF,355363,ITOCHU CORP
MET-PE,1099219,METLIFE INC
LLDTF,1160106,Lloyds Banking Group plc
BBVXF,842180,"BANCO BILBAO VIZCAYA ARGENTARIA, S.A."
HLNCF,1900304,Haleon plc
TCANF,1232384,TC ENERGY CORP
PSA-PH,1393311,Public Storage
JDCMF,1549802,"JD.com, Inc."
PLDGP,1045609,"Prologis, Inc."
HNDAF,715153,HONDA MOTOR CO LTD
SVNDF,1359519,SEVEN & I HOLDINGS CO LTD
BAMGF,1001085,BROOKFIELD Corp /ON/
PINXF,1569964,People's Insurance Co (Group) of China Limited/ADR
TCKRF,886986,TECK RESOURCES LTD
CRARF,1279967,CREDIT AGRICOLE S A
HEI-A,46619,HEICO CORP
ENAKF,1136808,E.ON SE
ALL-PB,899051,ALLSTATE CORP
RBSPF,844150,NatWest Group plc
ERIXF,717826,ERICSSON LM TELEPHONE CO
PUKPF,1116578,PRUDENTIAL PLC
WOPEF,844551,WOODSIDE ENERGY GROUP LTD
FNCTF,1038143,ORANGE
FUJIF,800365,FUJI PHOTO FILM CO LTD /FI
PSA-PK,1393311,Public Storage
ALL-PH,899051,ALLSTATE CORP
LEN-B,920760,LENNAR CORP /NEW/
CIXPF,1535628,CaixaBank/ADR
BCLYF,312069,BARCLAYS PLC
RSMDF,943819,RESMED INC
CODGF,1012037,COMPAGNIE DE SAINT GOBAIN
LAAOF,1791706,Li Auto Inc.
ORXCF,1070304,ORIX CORP
TEFOF,814052,TELEFONICA S A
VODPF,839923,VODAFONE GROUP PUBLIC LTD CO
BBDO,1160330,BANK BRADESCO
GNMSF,1434265,GENMAB A/S
ANNSF,1700171,Aena S.A./ADR
DLR-PK,1297996,"DIGITAL REALTY TRUST, INC."
HRNNF,1712356,Hydro One Ltd
FOX,1754301,Fox Corp
STMEF,932787,STMicroelectronics N.V.
CAJPY,16988,CANON INC
HKHHF,1142231,HEINEKEN HOLDING N V
AMSYF,1243429,ArcelorMittal
SAXPF,1436778,Sampo OYJ
FCNCB,798941,FIRST CITIZENS BANCSHARES INC /DE/
RYAOF,1038683,RYANAIR HOLDINGS PLC
MKC-V,63754,MCCORMICK & CO INC
TNRSF,1190723,TENARIS SA
RSTRF,1618755,Restaurant Brands International Limited Partnership
SOJC,92122,SOUTHERN CO
CAJFF,16988,CANON INC
HMRZF,1396282,H&M HENNES & MAURITZ AB
DLR-PJ,1297996,"DIGITAL REALTY TRUST, INC."
COCSF,910631,COCA COLA FEMSA SAB DE CV
ICHGF,858446,INTERCONTINENTAL HOTELS GROUP PLC /NEW/
FWONK,1560385,Liberty Media Corp
TELNF,1126113,TELENOR ASA
RCIAF,733099,ROGERS COMMUNICATIONS INC
XPNGF,1810997,XPENG INC.
EXAS,1124140,EXACT SCIENCES CORP
Z,1617640,"ZILLOW GROUP, INC."
STT-PG,93751,STATE STREET CORP
KYOCF,57083,KYOCERA CORP
KYOCY,57083,KYOCERA CORP
EJPRF,1093028,EAST JAPAN RAILWAY CO /FI
FWONB,1560385,Liberty Media Corp
HIG-PG,874766,"HARTFORD INSURANCE GROUP, INC."
FITBI,35527,FIFTH THIRD BANCORP
POAHF,1450346,Porsche Automobil Holding SE / ADR
NRSCF,1163653,NOMURA HOLDINGS INC
JHIUF,1159152,James Hardie Industries plc
SPXSF,1518542,Spirax-Sarco Engineering PLC/ADR
RYLPF,313216,KONINKLIJKE PHILIPS NV
AMCCF,1748790,Amcor plc
SURDF,1450159,"Sumitomo Realty & Development Co., Ltd./ADR"
BIO-B,12208,"BIO-RAD LABORATORIES, INC."
CHKIF,1041668,CHINA SOUTHERN AIRLINES CO LTD
ADTTF,1158838,ADVANTEST CORP
KEY-PK,91576,KEYCORP /NEW/
NWS,1564708,NEWS CORP
FSNUF,904868,Fresenius SE & Co. KGaA
FNMAS,310522,FEDERAL NATIONAL MORTGAGE ASSOCIATION FANNIE MAE
TEVJF,818686,TEVA PHARMACEUTICAL INDUSTRIES LTD
SSMXF,1517231,Sysmex Corporation/ADR
CRERF,1078642,CARREFOUR SA
KEY-PJ,91576,KEYCORP /NEW/
SGIOF,1281721,SHIONOGI & CO LTD
FRFFF,915191,FAIRFAX FINANCIAL HOLDINGS LTD/ CAN
NLY-PG,1043219,ANNALY CAPITAL MANAGEMENT INC
PTPIF,1547873,PT Chandra Asri Petrochemical Tbk/ADR
NLY-PF,1043219,ANNALY CAPITAL MANAGEMENT INC
NVZMF,1131345,NOVOZYMES AS/FI
APO-PA,1858681,"Apollo Global Management, Inc."
FNMAJ,310522,FEDERAL NATIONAL MORTGAGE ASSOCIATION FANNIE MAE
KEY-PI,91576,KEYCORP /NEW/
NIOIF,1736541,NIO Inc.
FNGD,927971,BANK OF MONTREAL /CAN/
GFIOF,1172724,GOLD FIELDS LTD
NCSYF,1003935,NICE Ltd.
RKLIF,930157,RENTOKIL INITIAL PLC /FI
FNMAH,310522,FEDERAL NATIONAL MORTGAGE ASSOCIATION FANNIE MAE
SVYSF,930826,SOLVAY S A /ADR/
GELYF,1474968,Geely Automobile Holdings Limited/ADR
NMPGY,1333172,Navios Maritime Holdings Inc.
WSO-B,105016,WATSCO INC
FMCQF,1333141,Fresenius Medical Care AG
MAA-PI,912595,MID AMERICA APARTMENT COMMUNITIES INC.
LBRDB,1611983,Liberty Broadband Corp
RF-PC,1281761,REGIONS FINANCIAL CORP
SNNUF,845982,SMITH & NEPHEW PLC
LBRDK,1611983,Liberty Broadband Corp
BZLFF,1072397,BUNZL PLC
ALMMF,1161611,ALUMINUM CORP OF CHINA LTD
ERRAF,1127248,EMERA INC
ACGLO,947484,ARCH CAPITAL GROUP LTD.
CFLT,1699838,"Confluent, Inc."
UHAL-B,4457,U-Haul Holding Co /NV/
SBYSF,1786909,Sibanye Stillwater Ltd
TAP-A,24545,MOLSON COORS BEVERAGE CO
DQJCF,1446597,Don Quijote Holdings Co Ltd
PIRBF,1437441,Piraeus Bank S.A.
PBNNF,1504122,PT Bank Negara Indonesia (Persero) Tbk/ADR
WPPGF,806968,WPP plc
PRYMF,1437672,Prysmian S.p.A.
NNGPF,1690981,NN Group NV/ADR
BF-B,14693,BROWN FORMAN CORP
GPAEF,1347557,Pacific Airport Group
MNBEF,1034983,MINEBEA MITSUMI Inc.
KIKOF,1446656,Kikkoman Corp
AEGOF,769218,AEGON LTD.
CUKPF,1125259,CARNIVAL PLC
FREJO,1026214,FEDERAL HOME LOAN MORTGAGE CORP
YAMHF,1447100,"Yamaha Motor Co., Ltd."
GLIBB,2057463,"GCI Liberty, Inc."
NDEKF,353991,NITTO DENKO CORP / ADR/
ASRMF,1123452,SOUTHEAST AIRPORT GROUP
JGSHF,1567172,"JG Summit Holdings, Inc./ADR"
LBTYB,1570585,Liberty Global Ltd.
UEPCN,100826,UNION ELECTRIC CO
CXMSF,1076378,CEMEX SAB DE CV
SAPIF,2072563,Saputo Inc./ADR
DINRF,1544379,"SCREEN Holdings Co., Ltd./ADR"
PSORF,938323,PEARSON PLC
RZB,898174,REINSURANCE GROUP OF AMERICA INC
AGNCM,1423689,AGNC Investment Corp.
AGNCN,1423689,AGNC Investment Corp.
CIG-C,1157557,ENERGY CO OF MINAS GERAIS
UEPEO,100826,UNION ELECTRIC CO
UEPEP,100826,UNION ELECTRIC CO
PSNYW,1884082,Polestar Automotive Holding UK PLC
SASOF,314590,SASOL LTD
VNORP,899689,VORNADO REALTY TRUST
AMH-PH,1562401,American Homes 4 Rent
OSCUF,1600520,"Japan Exchange Group, Inc./ADR"
NWOEF,1372920,New Oriental Education & Technology Group Inc.
CLUS,1346287,Cluster Group Holdings Ltd Co
VNO-PL,899689,VORNADO REALTY TRUST
FRT-PC,34903,FEDERAL REALTY INVESTMENT TRUST
UEPCP,100826,UNION ELECTRIC CO
AMH-PG,1562401,American Homes 4 Rent
VNO-PM,899689,VORNADO REALTY TRUST
GS-PC,886982,GOLDMAN SACHS GROUP INC
ATH-PA,1527469,Athene Holding Ltd.
UEPEN,100826,UNION ELECTRIC CO
BLBLF,1723690,Bilibili Inc.
YMHAY,1447100,"Yamaha Motor Co., Ltd."
NGD,800166,New Gold Inc. /FI
VOYA-PB,1535929,"Voya Financial, Inc."
XZJCF,1562805,Mitsui Kinzoku Co Ltd./ADR
GIFLF,1438569,Grifols SA
KOSCF,1668501,Kose Corporation/ADR
PADEF,1489079,Adaro Energy PT/ADR/
GIFOF,1438569,Grifols SA
MSUXF,1710864,Misumi Group Inc./ADR
RCWLY,1969729,Rockwool A/S/ADR
ATDRF,1647435,Auto Trader Group plc/ADR
FMCKI,1026214,FEDERAL HOME LOAN MORTGAGE CORP
DSECF,1481045,Daiwa Securities Group Inc.
CMSA,811156,CMS ENERGY CORP
UEPEM,100826,UNION ELECTRIC CO
SLG-PI,1040971,SL GREEN REALTY CORP
RNR-PF,913144,RENAISSANCERE HOLDINGS LTD
KIM-PM,879101,KIMCO REALTY CORP
KIM-PL,879101,KIMCO REALTY CORP
BCUCF,1581285,Brunello Cucinelli S.p.A./ADR
KAKKF,1447126,Kawasaki Kisen Kaisha Ltd
FMCCI,1026214,FEDERAL HOME LOAN MORTGAGE CORP
BMRPF,1671235,B&M European Value Retail S.A./ADR
LIFX,1581760,"Life360, Inc."
GIKLY,1438569,Grifols SA
PCG-PA,1004980,PG&E Corp
SFGRF,2084022,Sony Financial Group Inc./ADR
HACBY,793742,HACHIJUNI BANK LTD
PCG-PB,1004980,PG&E Corp
ALTB,1642365,Alpine Auto Brokers Inc.
OAK-PB,1403528,"Brookfield Oaktree Holdings, LLC"
UNMA,5513,Unum Group
RUSHB,1012019,RUSH ENTERPRISES INC TX
SLFPF,1370418,STANDARD LIFE PLC
MITUF,1446420,Mitsui Chemicals Inc
BPOPO,763901,"POPULAR, INC."
BLFBY,1506721,Balfour Beatty plc/ADR
HGMCF,1023514,HARMONY GOLD MINING CO LTD
SSRGF,921638,SSR MINING INC.
ZLDPF,2068427,Zealand Pharma A/S/ADR
JSM,1593538,NAVIENT CORP
PHTCF,78150,PLDT Inc.
PCG-PE,1004980,PG&E Corp
CWEN-A,1567683,"Clearway Energy, Inc."
EPR-PG,1045450,EPR PROPERTIES
PPENF,1469395,Pampa Energy Inc.
PCG-PD,1004980,PG&E Corp
PCG-PC,1004980,PG&E Corp
FNMFN,310522,FEDERAL NATIONAL MORTGAGE ASSOCIATION FANNIE MAE
GAB-PG,794685,GABELLI EQUITY TRUST INC
PCG-PH,1004980,PG&E Corp
FURCF,1559444,FORVIA SE/ADR
PCG-PG,1004980,PG&E Corp
GAERF,1378239,Central North Airport Group
MDALF,1857047,MDA Space Ltd.
AXS-PE,1214816,AXIS CAPITAL HOLDINGS LTD
DTW,936340,DTE ENERGY CO
AKO-B,925261,ANDINA BOTTLING CO INC
SPTJF,908732,SINOPEC SHANGHAI PETROCHEMICAL CO LTD
PCG-PI,1004980,PG&E Corp
LBTYK,1570585,Liberty Global Ltd.
DISPF,1671750,Disco Corporation/ADR
TCMFF,932470,TELECOM ARGENTINA SA
SLMBP,1032033,SLM Corp
DLAKF,1049724,DEUTSCHE LUFTHANSA A G /FI
SF-PB,720672,STIFEL FINANCIAL CORP
GEF-B,43920,"GREIF, INC"
PBI-PB,78814,PITNEY BOWES INC /DE/
REXR-PB,1571283,"Rexford Industrial Realty, Inc."
TWO-PC,1465740,TWO HARBORS INVESTMENT CORP.
AHL,1267395,ASPEN INSURANCE HOLDINGS LTD
BHFAL,1685040,"Brighthouse Financial, Inc."
TGNA,39899,TEGNA INC
TYTMF,1447101,Tokyo Tatemono Co Ltd
MOG-B,67887,MOOG INC.
VLYPP,714310,VALLEY NATIONAL BANCORP
RYKKF,1592049,Ryohin Keikaku Co/ADR
CIM-PB,1409493,CHIMERA INVESTMENT CORP
CIM-PD,1409493,CHIMERA INVESTMENT CORP
HOVNP,357294,HOVNANIAN ENTERPRISES INC
TWO-PB,1465740,TWO HARBORS INVESTMENT CORP.
TWO-PA,1465740,TWO HARBORS INVESTMENT CORP.
WRB-PE,11544,BERKLEY W R CORP
SOHGY,1536787,ALSOK Co Ltd./ADR
WBS-PF,801337,WEBSTER FINANCIAL CORP
CIM-PC,1409493,CHIMERA INVESTMENT CORP
VLYPO,714310,VALLEY NATIONAL BANCORP
BELFB,729580,BEL FUSE INC /NJ
RLJ-PA,1511337,RLJ Lodging Trust
PEB-PF,1474098,Pebblebrook Hotel Trust
PEB-PE,1474098,Pebblebrook Hotel Trust
CIM-PA,1409493,CHIMERA INVESTMENT CORP
BATRK,1958140,"Atlanta Braves Holdings, Inc."
PEGRF,1455633,Pennon Group Plc / ADR
ASB-PE,7789,ASSOCIATED BANC-CORP
TY-P,99614,TRI-CONTINENTAL Corp
PTXAF,1545057,PT XLSMART Telecom Sejahtera Tbk/ADR
HMDCF,1648257,HUTCHMED (China) Ltd
FMCCG,1026214,FEDERAL HOME LOAN MORTGAGE CORP
MFA-PB,1055160,"MFA FINANCIAL, INC."
UA,1336917,"Under Armour, Inc."
BHFAP,1685040,"Brighthouse Financial, Inc."
FNMAM,310522,FEDERAL NATIONAL MORTGAGE ASSOCIATION FANNIE MAE
AILLI,18654,Ameren Illinois Co
ATROB,8063,ASTRONICS CORP
TRTN-PA,1660734,Triton International Ltd
NSA-PA,1618563,National Storage Affiliates Trust
BATRB,1958140,"Atlanta Braves Holdings, Inc."
WELPP,107815,WISCONSIN ELECTRIC POWER CO
AILLM,18654,Ameren Illinois Co
AILLN,18654,Ameren Illinois Co
SOCGP,92108,SOUTHERN CALIFORNIA GAS CO
CDGLF,1448611,ComfortDelGro Corp Ltd
FNMAN,310522,FEDERAL NATIONAL MORTGAGE ASSOCIATION FANNIE MAE
SRG-PA,1628063,Seritage Growth Properties
TROLB,98677,TOOTSIE ROLL INDUSTRIES INC
AILIM,18654,Ameren Illinois Co
FMCCJ,1026214,FEDERAL HOME LOAN MORTGAGE CORP
FNMAI,310522,FEDERAL NATIONAL MORTGAGE ASSOCIATION FANNIE MAE
NHNKF,1543726,Nihon Kohden Corporation/ADR
CODQL,1770561,Coronado Global Resources Inc.
WBHC,885275,WILSON BANK HOLDING CO
GLPGF,1421876,GALAPAGOS NV
TBNGY,1489088,PT Bukit Asam Tbk/ADR
AILLO,18654,Ameren Illinois Co
CENTA,887733,CENTRAL GARDEN & PET CO
LXP-PC,910108,LXP Industrial Trust
FNMAT,310522,FEDERAL NATIONAL MORTGAGE ASSOCIATION FANNIE MAE
AILIN,18654,Ameren Illinois Co
FNMAK,310522,FEDERAL NATIONAL MORTGAGE ASSOCIATION FANNIE MAE
IFCNF,2035057,Inficon Holding AG/ADR
FNMAL,310522,FEDERAL NATIONAL MORTGAGE ASSOCIATION FANNIE MAE
FNMFM,310522,FEDERAL NATIONAL MORTGAGE ASSOCIATION FANNIE MAE
IVR-PC,1437071,Invesco Mortgage Capital Inc.
AHL-PE,1267395,ASPEN INSURANCE HOLDINGS LTD
AILLP,18654,Ameren Illinois Co
WLYB,107140,"JOHN WILEY & SONS, INC."
FNMAO,310522,FEDERAL NATIONAL MORTGAGE ASSOCIATION FANNIE MAE
FNMAG,310522,FEDERAL NATIONAL MORTGAGE ASSOCIATION FANNIE MAE
FNMFO,310522,FEDERAL NATIONAL MORTGAGE ASSOCIATION FANNIE MAE
NGL-PB,1504461,NGL Energy Partners LP
ARZTF,1423210,ARYZTA AG (fka IAWS GROUP PLC)
GDV-PH,1260729,GABELLI DIVIDEND & INCOME TRUST
FISK,1553079,"Empire State Realty OP, L.P."
GRPFF,912892,"GRUPO TELEVISA, S.A.B."
LILAK,1712184,Liberty Latin America Ltd.
AGM-A,845877,FEDERAL AGRICULTURAL MORTGAGE CORP
EVOTF,1412558,Evotec SE
NGL-PC,1504461,NGL Energy Partners LP
BFS-PD,907254,"SAUL CENTERS, INC."
FMCCL,1026214,FEDERAL HOME LOAN MORTGAGE CORP
OGCP,1553079,"Empire State Realty OP, L.P."
GNL-PA,1526113,"Global Net Lease, Inc."
FMCKL,1026214,FEDERAL HOME LOAN MORTGAGE CORP
LTGHF,1569963,Life Healthcare Group Holdings Limited/ADR
PMT-PA,1464423,PennyMac Mortgage Investment Trust
PMT-PB,1464423,PennyMac Mortgage Investment Trust
SBOEF,1578955,SBO AG/ADR
LILAB,1712184,Liberty Latin America Ltd.
HCXY,1280784,"Hercules Capital, Inc."
GAB-PH,794685,GABELLI EQUITY TRUST INC
FMCCS,1026214,FEDERAL HOME LOAN MORTGAGE CORP
MHLA,1412100,"Maiden Holdings, Ltd."
AHL-PD,1267395,ASPEN INSURANCE HOLDINGS LTD
FMCCO,1026214,FEDERAL HOME LOAN MORTGAGE CORP
CODI-PB,1345126,Compass Diversified Holdings
FMCKN,1026214,FEDERAL HOME LOAN MORTGAGE CORP
FREJN,1026214,FEDERAL HOME LOAN MORTGAGE CORP
GLOP-PB,1598655,GasLog Partners LP
CMGMF,1503154,Chemring Group PLC/ADR
FMCCN,1026214,FEDERAL HOME LOAN MORTGAGE CORP
FMCKO,1026214,FEDERAL HOME LOAN MORTGAGE CORP
FMCKJ,1026214,FEDERAL HOME LOAN MORTGAGE CORP
FMCKM,1026214,FEDERAL HOME LOAN MORTGAGE CORP
GLOP-PC,1598655,GasLog Partners LP
FREGP,1026214,FEDERAL HOME LOAN MORTGAGE CORP
GLOP-PA,1598655,GasLog Partners LP
FMCCH,1026214,FEDERAL HOME LOAN MORTGAGE CORP
FMCCK,1026214,FEDERAL HOME LOAN MORTGAGE CORP
HL-PB,719413,HECLA MINING CO/DE/
FMCCP,1026214,FEDERAL HOME LOAN MORTGAGE CORP
HLSCF,2013223,Highlander Silver Corp.
SENEA,88948,Seneca Foods Corp
FMCCM,1026214,FEDERAL HOME LOAN MORTGAGE CORP
BH,1726173,Biglari Holdings Inc.
FMCKP,1026214,FEDERAL HOME LOAN MORTGAGE CORP
GRAF-UN,1897463,Graf Global Corp.
FXCNF,1164009,FIH Mobile Ltd
HCACU,2079013,Hall Chadwick Acquisition Corp
INN-PE,1497645,"Summit Hotel Properties, Inc."
CODI-PA,1345126,Compass Diversified Holdings
GAM-PB,40417,GENERAL AMERICAN INVESTORS CO INC
ATLC,1464343,Atlanticus Holdings Corp
IIPR-PA,1677576,INNOVATIVE INDUSTRIAL PROPERTIES INC
GTN-A,43196,"GRAY MEDIA, INC"
MEOBF,1345099,MESOBLAST LTD
DRDGF,1023512,DRDGOLD LTD
CMRE-PB,1503584,Costamare Inc.
CMRE-PD,1503584,Costamare Inc.
DGICB,800457,DONEGAL GROUP INC
HOVVB,357294,HOVNANIAN ENTERPRISES INC
CMRE-PC,1503584,Costamare Inc.
AGM-PD,845877,FEDERAL AGRICULTURAL MORTGAGE CORP
GDRZF,1072725,GOLD RESERVE LTD
HLTC,1561032,"National Healthcare Properties, Inc."
HVT-A,216085,HAVERTY FURNITURE COMPANIES INC
GGT-PE,921671,GABELLI MULTIMEDIA TRUST INC.
MAKOF,1784930,Mako Mining Corp.
GGN-PB,1313510,"GAMCO Global Gold, Natural Resources & Income Trust"
MCVT,1425355,SUI Group Holdings Ltd.
BRSYF,1505065,Brainsway Ltd.
UMH-PD,752642,"UMH PROPERTIES, INC."
AIRTP,353184,AIR T INC
OXLCM,1495222,Oxford Lane Capital Corp.
MTGRF,1537543,MGX Resources Limited/ADR
ECCX,1604174,Eagle Point Credit Co Inc.
KELYB,55135,KELLY SERVICES INC
NEWTI,1587987,"NewtekOne, Inc."
PTCHF,1782999,PureTech Health plc
MITT-PA,1514281,"TPG Mortgage Investment Trust, Inc."
OXLCO,1495222,Oxford Lane Capital Corp.
CRD-B,25475,CRAWFORD & CO
NCV-PA,1214935,Virtus Convertible & Income Fund
MITT-PB,1514281,"TPG Mortgage Investment Trust, Inc."
AVHHL,1762303,"AVITA Medical, Inc."
VSOGF,1762506,"Vista Energy, S.A.B. de C.V."
ARTNB,863110,ARTESIAN RESOURCES CORP
ERLFF,1271554,Entree Resources Ltd.
CKDXF,1815620,Opthea Ltd
CNTHP,23426,CONNECTICUT LIGHT & POWER CO
IHRTB,1400891,"iHeartMedia, Inc."
CNLPL,23426,CONNECTICUT LIGHT & POWER CO
GUT-PC,1080720,GABELLI UTILITY TRUST
BACQ,2028707,"Merlin, Inc."
NCZ-PA,1227857,Virtus Convertible & Income Fund II
DFPH,1799191,"Oncology Institute, Inc."
DSX-PB,1318885,DIANA SHIPPING INC.
CNTHO,23426,CONNECTICUT LIGHT & POWER CO
RVRF,1641601,River Financial Corp
MTMV,1393044,Motomova Inc
CHMI-PB,1571776,Cherry Hill Mortgage Investment Corp
RLFTY,1854078,Relief Therapeutics Holding SA
GSCCF,1896084,ioneer Ltd
PRRUF,1506184,IMMUTEP Ltd
CNTHN,23426,CONNECTICUT LIGHT & POWER CO
SLNCF,1479615,Silence Therapeutics plc
BHR-PB,1574085,Braemar Hotels & Resorts Inc.
APLMW,1944885,Apollomics Inc.
CNLHP,23426,CONNECTICUT LIGHT & POWER CO
OPGN,1293818,CapForce Inc.
ARCXF,1243429,ArcelorMittal
CNLTP,23426,CONNECTICUT LIGHT & POWER CO
CNLTL,23426,CONNECTICUT LIGHT & POWER CO
IPHYF,1598599,Innate Pharma SA
CNPWM,23426,CONNECTICUT LIGHT & POWER CO
BHR-PD,1574085,Braemar Hotels & Resorts Inc.
PRTHU,1653558,"Priority Technology Holdings, Inc."
CHMI-PA,1571776,Cherry Hill Mortgage Investment Corp
CNLHO,23426,CONNECTICUT LIGHT & POWER CO
CNPWP,23426,CONNECTICUT LIGHT & POWER CO
LANDP,1495240,GLADSTONE LAND Corp
CNLPM,23426,CONNECTICUT LIGHT & POWER CO
CNLTN,23426,CONNECTICUT LIGHT & POWER CO
ENO,71508,"ENTERGY NEW ORLEANS, LLC"
CDR-PC,761648,"CEDAR REALTY TRUST, INC."
CNLHN,23426,CONNECTICUT LIGHT & POWER CO
BNIGF,1851651,Beroni Group Ltd
IVEVF,1756594,Inventiva S.A.
SB-PD,1434754,"SAFE BULKERS, INC."
ECXJ,1823635,"CXJ GROUP CO., Ltd"
CDR-PB,761648,"CEDAR REALTY TRUST, INC."
SB-PC,1434754,"SAFE BULKERS, INC."
NVNXF,1859795,NOVONIX Ltd
EBRCZ,1347123,"EBR Systems, Inc."
DLNG-PA,1578453,Dynagas LNG Partners LP
QIPT,1540013,Quipt Home Medical Corp.
WONDF,1882839,WonderFi Technologies Inc.
CHPGF,1394189,Chesapeake Gold Corp
LUCN,1726079,"Lucent, Inc."
TTSH,1552800,"TILE SHOP HOLDINGS, INC."
SINC,1532595,Sincerity Applied Materials Holdings Corp.
BBXIB,1814974,"BBX Capital, Inc."
RNWF,96664,"Renewal Fuels, Inc."
RAASY,1804583,Cloopen Group Holding Ltd
CRTD,1357671,"Creatd, Inc."
AOAO,2042320,Alpha One Inc.
RDIB,716634,READING INTERNATIONAL INC
ECF-PA,793040,ELLSWORTH GROWTH & INCOME FUND LTD
AHT-PD,1232582,ASHFORD HOSPITALITY TRUST INC
AHT-PH,1232582,ASHFORD HOSPITALITY TRUST INC
OCGSF,942149,Outcrop Silver & Gold Corp
SOHOO,1301236,Sotherly Hotels Inc.
AHT-PF,1232582,ASHFORD HOSPITALITY TRUST INC
SFDL,818677,SECURITY FEDERAL CORP
AHT-PG,1232582,ASHFORD HOSPITALITY TRUST INC
AHT-PI,1232582,ASHFORD HOSPITALITY TRUST INC
BCV-PA,9521,BANCROFT FUND LTD
BCTF,1668340,"Bancorp 34, Inc."
OFED,1501078,Oconee Federal Financial Corp.
RGBPP,1589150,Regen BioPharma Inc
GLU-PB,1282957,GABELLI GLOBAL UTILITY & INCOME TRUST
ATEK,1882198,Athena Technology Acquisition Corp. II
RLFTF,1854078,Relief Therapeutics Holding SA
CPTP,202947,CAPITAL PROPERTIES INC /RI/
IROQ,1514743,"IF Bancorp, Inc."
IXAQF,1852019,IX Acquisition Corp.
ENDI,1908984,ENDI Corp.
BKSC,1007273,BANK OF SOUTH CAROLINA CORP
GSL-PB,1430725,"Global Ship Lease, Inc."
KBSR,1482430,"KBS Real Estate Investment Trust III, Inc."
CULL,1845799,"Cullman Bancorp, Inc. /MD/"
TKLS,1429393,"Trutankless, Inc."
CMCAF,1865248,Piermont Valley Acquisition Corp
JOCM,1907425,JOCOM HOLDINGS CORP.
GGROU,1489874,Golden Growers Cooperative
FUUFF,1703118,F3 Uranium Corp.
CBRRF,1845149,Chain Bridge I
SOHON,1301236,Sotherly Hotels Inc.
FBIOP,1429260,"Fortress Biotech, Inc."
HSTC,797564,"HST Global, Inc."
GTMAY,1163560,GRUPO TMM SAB
HCIL,1086303,"Hongchang International Co., Ltd"
ASCBF,1876716,ASPAC II Acquisition Corp.
FSHPU,1850059,Flag Ship Acquisition Corp
STRC,1050446,Strategy Inc
LITM,1769697,Frontier Nuclear & Minerals Inc.
CTGL,1498067,"CITRINE GLOBAL, CORP."
PROCF,1863362,Sofgen Pharma S.A.
KLTO,1907223,Greenland Mines Ltd
BCOW,1847360,"1895 Bancorp of Wisconsin, Inc. /MD/"
ILLR,1769624,Triller Group Inc.
TRLC,1550453,TriLinc Global Impact Fund LLC
ARRKF,1855743,ARRAS MINERALS CORP.
LEEEF,1711141,Leef Brands Inc.
GRFXF,1816723,Graphex Group Ltd
DMYY,1915380,"dMY Squared Technology Group, Inc."
MDNAF,1807983,Medicenna Therapeutics Corp.
NSRCF,1302084,NextSource Materials Inc.
CIZN,1075706,CITIZENS HOLDING CO /MS/
SHVLF,1301713,STARCORE INTERNATIONAL MINES LTD.
VICP,1468639,"Vicapsys Life Sciences, Inc."
NZEOF,1445654,New Zealand Oil & Gas Ltd/ADR
ENTX,1638097,Entera Bio Ltd.
BBXIA,1814974,"BBX Capital, Inc."
UONEK,1041657,"URBAN ONE, INC."
RMHI,1452804,"Retrieve Medical Holdings, Inc."
WINV,1854463,WinVest Acquisition Corp.
AVLNF,1362898,Avalon Advanced Materials Inc.
ANEB,1815974,"Anebulo Pharmaceuticals, Inc."
MLMC,1099234,"FrankSpeech Network, Inc."
CCTSF,1865861,Cactus Acquisition Corp. 1 Ltd
WSKEF,1738699,Wisekey International Holding S.A.
PTN,911216,PALATIN TECHNOLOGIES INC
GFASY,1389207,Gafisa S.A.
VVPR,1681348,VivoPower PLC
EAXR,832370,"Ealixir, Inc."
GBNY,1823365,"Generations Bancorp NY, Inc."
BIOE,1723059,Bio Essence Corp
ANPCF,1620678,ANGLE plc
ZIVO,1101026,"Zivo Bioscience, Inc."
OMCC,1000045,OLD MARKET CAPITAL Corp
JETMF,1846084,Global Crossing Airlines Group Inc.
ILLMF,1861233,illumin Holdings Inc.
AATC,943034,AUTOSCOPE TECHNOLOGIES CORP
LTSV,1619312,"Lightstone Value Plus REIT IV, Inc."
CLCS,1569340,"Cell Source, Inc."
HSTI,1365388,"High Sierra Technologies, Inc."
SCYYF,1408146,SCANDIUM INTERNATIONAL MINING CORP.
GWLL,1800373,"GOLDENWELL BIOTECH, INC."
OSBK,1076691,OCONEE FINANCIAL CORP
XTXXF,1891512,Adastra Holdings Ltd.
ZENV,1836934,Zenvia Inc.
WVVIP,838875,WILLAMETTE VALLEY VINEYARDS INC
LTCH,1826000,"Latch, Inc."
HLLK,1331421,"HALLMARK VENTURE GROUP, INC."
VWFB,1913838,"VWF Bancorp, Inc."
SGTM,1895251,"Sustainable Green Team, Ltd."
GRFXY,1816723,Graphex Group Ltd
MRZLF,1301854,Mirasol Resources Ltd
PRTO,1359931,"Protara Therapeutics, Inc."
BZRD,1765826,"Blubuzzard, Inc."
AFGC,1042046,AMERICAN FINANCIAL GROUP INC
UOKA,1741534,MDJM LTD
BRCNF,1158399,Burcon NutraScience Corp
FALC,922521,FALCONSTOR SOFTWARE INC
WHLM,1013706,"Wilhelmina International, Inc."
SALM,1050606,"SALEM MEDIA GROUP, INC. /DE/"
SFES,86115,SAFEGUARD SCIENTIFICS INC
BQST,1568628,Bioquest Corp
WHLRD,1527541,"Wheeler Real Estate Investment Trust, Inc."
GLBZ,890066,GLEN BURNIE BANCORP
ODDAF,1949766,Odd Burger Corp
HOOK,1760542,HOOKIPA Pharma Inc.
PRNAF,1131343,ALTERITY THERAPEUTICS LTD
HMMR,1539680,HAMMER TECHNOLOGY HOLDINGS CORP.
TVE,1376986,Tennessee Valley Authority
MCLE,1827855,Medicale Corp.
ULY,1603652,Urgent.ly Inc.
BNSOF,846546,BONSO ELECTRONICS INTERNATIONAL INC
FNCH,1733257,"Finch Therapeutics Group, Inc."
TVC,1376986,Tennessee Valley Authority
CUBT,1400271,Curative Biotechnology Inc
MYNZ,1874252,MAINZ BIOMED N.V.
MGTI,1001601,"MGT CAPITAL INVESTMENTS, INC."
SWISF,1771755,Sekur Private Data Ltd.
AGLY,1673504,Atlantis Glory Inc.
LDDFF,1919776,"LIBERTY DEFENSE HOLDINGS, LTD."
CYCA,1383088,CYTTA CORP.
TAIT,942126,TAITRON COMPONENTS INC
PNPL,1654672,"PINEAPPLE, INC."
EVTK,1816554,EVENTIKO INC.
SITS,1468978,"SOUTHERN ITS INTERNATIONAL, INC."
PMDI,806517,PSYCHEMEDICS CORP
PMEDF,1868079,Predictmedix Inc.
APHD,1490054,"VERDE BIO HOLDINGS, INC."
CJAX,1763925,CoJax Oil & Gas Corp
FEOVF,936801,OCEANIC IRON ORE CORP
CARV,1016178,CARVER BANCORP INC
NEXCF,1737270,Nextech3D.AI Corp.
SGN,1898474,"Signing Day Sports, Inc."
FULO,1092570,FULLNET COMMUNICATIONS INC
ASPU,1487198,"ASPEN GROUP, INC."
RBCN,1410172,"Rubicon Technology, Inc."
FLYYQ,1498710,"Spirit Aviation Holdings, Inc."
SCGY,1276531,"SCIENTIFIC ENERGY, INC"
NGHI,1574676,"Galenfeha, Inc."
VQSSF,1777765,VIQ Solutions Inc.
SILEF,1545224,Silver Elephant Mining Corp.
GBCS,727346,"SELECTIS HEALTH, INC."
EXDW,1634293,"Exceed World, Inc."
GLUC,1420108,"Glucose Health, Inc."
EESH,1138867,"EESTech, Inc."
BRRN,1397795,"Byrn, Inc."
MVCO,924095,"Metavesco, Inc."
SFUNY,1294404,Fang Holdings Ltd
YQAI,1976923,"YOUNEEQAI TECHNICAL SERVICES, INC."
ILXP,1115864,ECOMINAS CORP.
BBBXF,1548958,Brixton Metals Corp
UCLE,1543623,US NUCLEAR CORP.
LCHD,1715433,Leader Capital Holdings Corp.
FGCO,1377167,"Financial Gravity Companies, Inc."
EGLXF,1854233,Enthusiast Gaming Holdings Inc. / Canada
SUIC,1394108,SUIC Worldwide Holdings Ltd.
NXMH,1811530,"Next Meats Holdings, Inc."
RSCF,1103090,"REFLECT SCIENTIFIC, INC."
EGTYF,1629632,Eguana Technologies Inc.
CANN,1477009,TREES Corp (Colorado)
TGCB,1815632,"Tego Cyber, Inc."
VISL,1565228,"Vislink Technologies, Inc."
ACRL,1584618,"Atacama Resources International, Inc."
NMGX,891417,Nano Magic Inc.
MTTCF,1828098,Steakholder Foods Ltd.
VMNT,1605057,"Vemanti Group, Inc."
GRST,792935,ETHEMA HEALTH Corp
NUVI,1410708,Emo Capital Corp.
WDLF,1281984,"Decentral Life, Inc."
FZMD,319016,"Fuse Medical, Inc."
BWMG,1166708,"Brownie's Marine Group, Inc"
WNFT,1528188,Worldwide NFT Inc.
CLSDQ,1539029,"Clearside Biomedical, Inc."
RDAR,1384365,"Telvantis, Inc."
VCNX,1205922,"VACCINEX, INC."
ECIA,930775,ENCISION INC
UCASU,1723517,UC Asset LP
EBZT,1730869,"Everything Blockchain, Inc."
FTEL,1928581,GMEX Robotics Corp
CETXP,1435064,CEMTREX INC
GPLL,1883083,"GPL Holdings, Inc."
AXIM,1514946,"AXIM BIOTECHNOLOGIES, INC."
HHHEF,825171,37 CAPITAL INC
BHAT,1759136,Blue Hat Interactive Entertainment Technology
IWAL,1498372,iWallet Corp
TPHS,724742,Trinity Place Holdings Inc.
JRSS,1597892,JRSIS HEALTH CARE Corp
INKW,1585380,"Greene Concepts, Inc"
TKOI,1094084,TELKONET INC
MYCB,1556801,"My City Builders, Inc."
DTGI,1014052,"Digerati Technologies, Inc."
MAJI,1492448,"Exousia Pro, Inc."
KNOS,1108248,KRONOS ADVANCED TECHNOLOGIES INC
SSHT,1975222,SSHT S&T Group Ltd.
BYOC,1386049,"Beyond Commerce, Inc."
SNNC,1313938,"Sibannac, Inc."
GOGR,1378866,Go Green Global Technologies Corp.
SSKN,1051514,"STRATA Skin Sciences, Inc."
BRYGF,1861479,Terra Rossa Gold Ltd.
RNGC,1434740,Ranger Gold Corp.
SYIN,1292490,"Synbio International, Inc."
TNBI,1452011,Tanke Biosciences Corp
CARM,1485003,Carisma Therapeutics Inc.
SRMX,841533,"SADDLE RANCH MEDIA, INC."
AGNPF,1642178,Algernon Health Inc.
WHLRP,1527541,"Wheeler Real Estate Investment Trust, Inc."
BKTH,1144392,MEGOLA INC
TAAG,1386044,"Awareness Group, Inc."
CPWR,827099,Ocean Thermal Energy Corp
SFWJ,1919847,"Software Effective Solutions, Corp."
SPQS,803097,"SportsQuest, Inc."
BRLL,1631463,Barrel Energy Inc.
PHBI,1435181,Pharmagreen Biotech Inc.
MGHL,1162283,MORGAN GROUP HOLDING CO
VYRE,1127007,CABO VERDE CAPITAL INC.
MOBBW,1898643,Mobilicom Ltd
PCYN,812306,PROCYON CORP
PLSH,1552189,"PANACEA LIFE SCIENCES HOLDINGS, INC."
FVTI,1626745,"Fortune Valley Treasures, Inc."
GMZP,1973160,GEMZ Corp. NV
HBUV,1639068,Hubilu Venture Corp
GSPI,1461708,"Green Star Products, Inc."
CDSG,946112,"China Dongsheng International, Inc."
NTRR,1512886,NEUTRA CORP.
KITL,1608092,Kisses From Italy Inc.
VERO,1409269,Venus Concept Inc.
ESSI,1490873,"ECO SCIENCE SOLUTIONS, INC."
BSLK,1841125,"Bolt Projects Holdings, Inc."
MDEX,1318268,Madison Technologies Inc.
ADMG,1171008,ADAMANT DRI PROCESSING & MINERALS GROUP
BEGI,1483646,"BLACKSTAR ENTERPRISE GROUP, INC."
INNI,1098482,"Innovaro, Inc."
RTON,1580262,"Right On Brands, Inc."
KACLF,1865468,Kairous Acquisition Corp. Ltd
KOAN,897078,"Resonate Blends, Inc."
ZPTA,1843714,"Zapata Quantum, Inc."
BLPG,1416697,"Blue Line Protection Group, Inc."
EHVVF,1653606,"Ehave, Inc."
KGKG,1802546,"KONA GOLD BEVERAGE, INC."
ASII,1464865,"Accredited Solutions, Inc."
APSI,1553264,AQUA POWER SYSTEMS INC.
CRDV,1084551,Community Redevelopment Inc.
MMMW,1117228,MASS MEGAWATTS WIND POWER INC
MASN,1486452,"Maison Luxe, Inc."
SHGI,1874138,"Sparx Holdings Group, Inc."
GZIC,1286648,GZ6G Technologies Corp.
GXXM,1681556,"GEX MANAGEMENT, INC."
EDGM,1652958,"Edgemode, Inc."
OXBRW,1584831,OXBRIDGE RE HOLDINGS Ltd
GMBL,1451448,"ESPORTS ENTERTAINMENT GROUP, INC."
FRQN,1624517,"Frequency Holdings, Inc"
GWSO,1430300,"Global Warming Solutions, Inc."
EMED,1715819,"Electromedical Technologies, Inc"
DPUI,1791929,"DISCOUNT PRINT USA, INC."
ENDV,1528172,"ENDONOVO THERAPEUTICS, INC."
TCBPY,1872812,TC BioPharm (Holdings) plc
USDP,1610682,USD Partners LP
GIPL,1837774,Global Innovative Platforms Inc.
AITXD,1498148,Artificial Intelligence Technology Solutions Inc.
SONX,1407973,"Sonendo, Inc."
SCPX,1476963,"Scorpius Holdings, Inc."
DWAY,1394638,"Driveitaway Holdings, Inc."
ACBM,1622996,"ACRO BIOMEDICAL CO., LTD."
SNPW,1343465,Sun Pacific Holding Corp.
DSGT,1413909,DSG Global Inc.
ECDA,1922858,"ECD Automotive Design, Inc."
DLTI,1420368,DLT Resolution Inc.
SONG,1671132,Music Licensing Inc.
COSG,1706509,Cosmos Group Holdings Inc.
CICC,1534254,CION Investment Corp
AHII,1545236,American Heritage International Inc.
ELOX,1035354,"Eloxx Pharmaceuticals, Inc."
IMCI,884650,INFINITE GROUP INC
BAC-PL,70858,BANK OF AMERICA CORP /DE/
BAC-PM,70858,BANK OF AMERICA CORP /DE/
MER-PK,70858,BANK OF AMERICA CORP /DE/
BAC-PN,70858,BANK OF AMERICA CORP /DE/
BAC-PO,70858,BANK OF AMERICA CORP /DE/
BAC-PP,70858,BANK OF AMERICA CORP /DE/
BAC-PQ,70858,BANK OF AMERICA CORP /DE/
BAC-PS,70858,BANK OF AMERICA CORP /DE/
BACRP,70858,BANK OF AMERICA CORP /DE/
TCPA,99070,TRANSCANADA PIPELINES LTD
FHN-PC,36966,FIRST HORIZON CORP
FHN-PE,36966,FIRST HORIZON CORP
FHN-PF,36966,FIRST HORIZON CORP
FHN-PH,36966,FIRST HORIZON CORP
CELG-RI,14272,BRISTOL MYERS SQUIBB CO
SF-PC,720672,STIFEL FINANCIAL CORP
CDZIP,727273,CADIZ INC
SFB,720672,STIFEL FINANCIAL CORP
SF-PD,720672,STIFEL FINANCIAL CORP
BPPFF,313807,BP PLC
CMSC,811156,CMS ENERGY CORP
CMSD,811156,CMS ENERGY CORP
CMS-PC,811156,CMS ENERGY CORP
WHR-PA,106640,WHIRLPOOL CORP /DE/
ZIONP,109380,"ZIONS BANCORPORATION, NATIONAL ASSOCIATION /UT/"
UEPCO,100826,UNION ELECTRIC CO
FITBO,35527,FIFTH THIRD BANCORP
FITBP,35527,FIFTH THIRD BANCORP
FITBM,35527,FIFTH THIRD BANCORP
CTO-PA,23795,"CTO Realty Growth, Inc."
FCELB,886128,FUELCELL ENERGY INC
JPM-PJ,19617,JPMORGAN CHASE & CO
AMJB,19617,JPMORGAN CHASE & CO
JPM-PK,19617,JPMORGAN CHASE & CO
JPM-PL,19617,JPMORGAN CHASE & CO
JPM-PM,19617,JPMORGAN CHASE & CO
VYLD,19617,JPMORGAN CHASE & CO
BMPA,1130781,"BMP AI Technologies, Inc."
BBBY-WT,1130713,"BED BATH & BEYOND, INC."
BANC-PF,1169770,"BANC OF CALIFORNIA, INC."
NBRWF,1163739,NABORS INDUSTRIES LTD
DGP,1159508,DEUTSCHE BANK AKTIENGESELLSCHAFT
DGZ,1159508,DEUTSCHE BANK AKTIENGESELLSCHAFT
DZZ,1159508,DEUTSCHE BANK AKTIENGESELLSCHAFT
ADZCF,1159508,DEUTSCHE BANK AKTIENGESELLSCHAFT
DEENF,1159508,DEUTSCHE BANK AKTIENGESELLSCHAFT
OLOXF,1159508,DEUTSCHE BANK AKTIENGESELLSCHAFT
HNNAZ,1145255,HENNESSY ADVISORS INC
TSLTF,1144800,TRANSALTA CORP
TACPF,1144800,TRANSALTA CORP
TRNTF,1144800,TRANSALTA CORP
TDS-PU,1051512,TELEPHONE & DATA SYSTEMS INC /DE/
TDS-PV,1051512,TELEPHONE & DATA SYSTEMS INC /DE/
NGCGD,1061040,"New Generation Consumer Group, Inc."
AIMDW,1014763,"Ainos, Inc."
PPLC,922224,PPL Corp
OXY-WT,797468,OCCIDENTAL PETROLEUM CORP /DE/
BANFP,760498,BANCFIRST CORP /OK/
LNWO,750004,"Light & Wonder, Inc."
LAWIL,750004,"Light & Wonder, Inc."
ATMP,312070,BARCLAYS BANK PLC
BWVTF,312070,BARCLAYS BANK PLC
DJP,312070,BARCLAYS BANK PLC
GBUG,312070,BARCLAYS BANK PLC
GRN,312070,BARCLAYS BANK PLC
VXX,312070,BARCLAYS BANK PLC
VXZ,312070,BARCLAYS BANK PLC
JJETF,312070,BARCLAYS BANK PLC
TAPR,312070,BARCLAYS BANK PLC
FRMEP,712534,FIRST MERCHANTS CORP
CWLXF,831609,C21 Investments Inc.
WEXPF,842622,WESTERN EXPLORATION INC.
UZE,821130,"ARRAY DIGITAL INFRASTRUCTURE, INC."
UZF,821130,"ARRAY DIGITAL INFRASTRUCTURE, INC."
UZD,821130,"ARRAY DIGITAL INFRASTRUCTURE, INC."
DCOMP,846617,"Dime Community Bancshares, Inc. /NY/"
DCOMG,846617,"Dime Community Bancshares, Inc. /NY/"
FIISO,862831,FINANCIAL INSTITUTIONS INC
FIISP,862831,FINANCIAL INSTITUTIONS INC
ONBPO,707179,OLD NATIONAL BANCORP /IN/
ONBPP,707179,OLD NATIONAL BANCORP /IN/
WSBCO,203596,WESBANCO INC
SENEM,88948,Seneca Foods Corp
SENEL,88948,Seneca Foods Corp
ERNAW,748592,Ernexa Therapeutics Inc.
XOMAO,791908,XOMA Royalty Corp
XOMAP,791908,XOMA Royalty Corp
USB-PR,36104,US BANCORP DE
USB-PS,36104,US BANCORP DE
USB-PQ,36104,US BANCORP DE
BC-PC,14930,BRUNSWICK CORP
WFC-PD,72971,WELLS FARGO & COMPANY/MN
MNESP,66570,MSA Safety Inc
WFC-PZ,72971,WELLS FARGO & COMPANY/MN
WFCNP,72971,WELLS FARGO & COMPANY/MN
WFC-PA,72971,WELLS FARGO & COMPANY/MN
WOLTF,861967,WOLTERS KLUWER N V /FI
GENVR,849399,Gen Digital Inc.
C-PN,831001,CITIGROUP INC
C-PR,831001,CITIGROUP INC
CLSKW,827876,"CLEANSPARK, INC."
VNO-PN,899689,VORNADO REALTY TRUST
VNO-PO,899689,VORNADO REALTY TRUST
EBGEF,895728,ENBRIDGE INC
EBRGF,895728,ENBRIDGE INC
EBRZF,895728,ENBRIDGE INC
ENBFF,895728,ENBRIDGE INC
EBBGF,895728,ENBRIDGE INC
ENBHF,895728,ENBRIDGE INC
ENBMF,895728,ENBRIDGE INC
ENBOF,895728,ENBRIDGE INC
ENBSF,895728,ENBRIDGE INC
ENBNF,895728,ENBRIDGE INC
ENFFF,895728,ENBRIDGE INC
ENBGF,895728,ENBRIDGE INC
ENBRF,895728,ENBRIDGE INC
ENNPF,895728,ENBRIDGE INC
MSEXP,66004,MIDDLESEX WATER CO
NTRSO,73124,NORTHERN TRUST CORP
MOVAA,72573,MOVADO GROUP INC
CFR-PB,39263,"CULLEN/FROST BANKERS, INC."
DDT,28917,"DILLARD'S, INC."
BA-PA,12927,BOEING CO
TELFY,814052,TELEFONICA S A
GAB-PK,794685,GABELLI EQUITY TRUST INC
GAB-RI,794685,GABELLI EQUITY TRUST INC
WBS-PG,801337,WEBSTER FINANCIAL CORP
BPOPM,763901,"POPULAR, INC."
SOCGM,92108,SOUTHERN CALIFORNIA GAS CO
FNMAP,310522,FEDERAL NATIONAL MORTGAGE ASSOCIATION FANNIE MAE
DHTI,725394,"Dalrada Technology Group, Inc."
WBKCY,719245,WESTPAC BANKING CORP
SCHW-PJ,316709,SCHWAB CHARLES CORP
GL-PD,320335,GLOBE LIFE INC.
CFG-PE,759944,CITIZENS FINANCIAL GROUP INC/RI
CFG-PH,759944,CITIZENS FINANCIAL GROUP INC/RI
CFG-PI,759944,CITIZENS FINANCIAL GROUP INC/RI
FCNCO,798941,FIRST CITIZENS BANCSHARES INC /DE/
FCNCP,798941,FIRST CITIZENS BANCSHARES INC /DE/
FCNCN,798941,FIRST CITIZENS BANCSHARES INC /DE/
HWCPZ,750577,HANCOCK WHITNEY CORP
WELPM,107815,WISCONSIN ELECTRIC POWER CO
KEY-PL,91576,KEYCORP /NEW/
SCE-PG,92103,SOUTHERN CALIFORNIA EDISON Co
SCE-PK,92103,SOUTHERN CALIFORNIA EDISON Co
SCE-PL,92103,SOUTHERN CALIFORNIA EDISON Co
SCE-PN,92103,SOUTHERN CALIFORNIA EDISON Co
SCE-PM,92103,SOUTHERN CALIFORNIA EDISON Co
KGCRF,701818,KINROSS GOLD CORP
CNOBP,712771,"ConnectOne Bancorp, Inc."
KMPB,860748,KEMPER Corp
F-PB,37996,FORD MOTOR CO
F-PC,37996,FORD MOTOR CO
F-PD,37996,FORD MOTOR CO
LNC-PD,59558,LINCOLN NATIONAL CORP
INPAP,51434,INTERNATIONAL PAPER CO /NEW/
HBANL,49196,HUNTINGTON BANCSHARES INC /MD/
HBANZ,49196,HUNTINGTON BANCSHARES INC /MD/
HBANM,49196,HUNTINGTON BANCSHARES INC /MD/
HBANP,49196,HUNTINGTON BANCSHARES INC /MD/
SLNHP,64463,"Soluna Holdings, Inc"
AUB-PA,883948,Atlantic Union Bankshares Corp
ALL-PI,899051,ALLSTATE CORP
ALL-PJ,899051,ALLSTATE CORP
INVUP,862651,"Investview, Inc."
RDGAD,812152,RIDGEFIELD ACQUISITION CORP
CHSCL,823277,CHS INC
CHSCM,823277,CHS INC
CHSCN,823277,CHS INC
CHSCO,823277,CHS INC
XELLL,72903,XCEL ENERGY INC
PNMXO,81023,PUBLIC SERVICE CO OF NEW MEXICO
TFC-PI,92230,TRUIST FINANCIAL CORP
TFC-PO,92230,TRUIST FINANCIAL CORP
TFC-PR,92230,TRUIST FINANCIAL CORP
BOH-PA,46195,BANK OF HAWAII CORP
BOH-PB,46195,BANK OF HAWAII CORP
ASB-PF,7789,ASSOCIATED BANC-CORP
WRB-PH,11544,BERKLEY W R CORP
WRB-PF,11544,BERKLEY W R CORP
WRB-PG,11544,BERKLEY W R CORP
ASBA,7789,ASSOCIATED BANC-CORP
FULTP,700564,FULTON FINANCIAL CORP
VAL-WT,314808,Valaris Ltd
PAASF,771992,PAN AMERICAN SILVER CORP
AEFC,769218,AEGON LTD.
NEE-PN,753308,NEXTERA ENERGY INC
NEE-PU,753308,NEXTERA ENERGY INC
NEE-PS,753308,NEXTERA ENERGY INC
NEE-PT,753308,NEXTERA ENERGY INC
NEE-PV,753308,NEXTERA ENERGY INC
AILIO,18654,Ameren Illinois Co
AILIP,18654,Ameren Illinois Co
MTB-PJ,36270,M&T BANK CORP
MTB-PH,36270,M&T BANK CORP
MTB-PK,36270,M&T BANK CORP
DX-PC,826675,DYNEX CAPITAL INC
MCHPP,827054,MICROCHIP TECHNOLOGY INC
UNTCW,798949,UNIT CORP
ABAKF,790500,"ABRDN ASIA-PACIFIC INCOME FUND, INC."
CYAND,768408,CYANOTECH CORP
NPPXF,769594,NIPPON TELEGRAPH & TELEPHONE CORP
BCEFF,718940,BCE INC
BCEPF,718940,BCE INC
BCEXF,718940,BCE INC
BCAEF,718940,BCE INC
BCENF,718940,BCE INC
BCPPF,718940,BCE INC
VSECU,102752,VSE CORP
TDDWW,98222,TIDEWATER INC
TDGMW,98222,TIDEWATER INC
NSARO,13372,NSTAR ELECTRIC CO
NSARP,13372,NSTAR ELECTRIC CO
SIGIP,230557,SELECTIVE INSURANCE GROUP INC
BUSEP,314489,FIRST BUSEY CORP /NV/
VLYPN,714310,VALLEY NATIONAL BANCORP
HACBF,793742,HACHIJUNI BANK LTD
T-PA,732717,AT&T INC.
T-PC,732717,AT&T INC.
CCNEP,736772,CNB FINANCIAL CORP/PA
UMBFO,101382,UMB FINANCIAL CORP
CTDD,68622,QWEST CORP
SOJD,92122,SOUTHERN CO
SOJE,92122,SOUTHERN CO
SOMN,92122,SOUTHERN CO
SOJF,92122,SOUTHERN CO
EQH-PA,1333986,"Equitable Holdings, Inc."
EQH-PC,1333986,"Equitable Holdings, Inc."
RDCT,1376804,"VNUE, Inc."
BBLGW,1419554,Bone Biologics Corp
MHNC,1412100,"Maiden Holdings, Ltd."
GNT-PA,1438893,"GAMCO Natural Resources, Gold & Income Trust"
SPE-PC,897802,"SPECIAL OPPORTUNITIES FUND, INC."
CTLPP,896429,"CANTALOUPE, INC."
GSCE,886982,GOLDMAN SACHS GROUP INC
AGM-PE,845877,FEDERAL AGRICULTURAL MORTGAGE CORP
AGM-PF,845877,FEDERAL AGRICULTURAL MORTGAGE CORP
AGM-PG,845877,FEDERAL AGRICULTURAL MORTGAGE CORP
AGM-PH,845877,FEDERAL AGRICULTURAL MORTGAGE CORP
KIM-PN,879101,KIMCO REALTY CORP
RMTHF,876779,MAGIC SOFTWARE ENTERPRISES LTD
GWLPF,850918,GREAT-WEST LIFECO INC.
GRWFF,850918,GREAT-WEST LIFECO INC.
GRWLF,850918,GREAT-WEST LIFECO INC.
GRWTF,850918,GREAT-WEST LIFECO INC.
RF-PE,1281761,REGIONS FINANCIAL CORP
RF-PF,1281761,REGIONS FINANCIAL CORP
TMUSZ,1283699,"T-Mobile US, Inc."
TMUSI,1283699,"T-Mobile US, Inc."
TMUSL,1283699,"T-Mobile US, Inc."
AIZN,1267238,"ASSURANT, INC."
LNXSF,1311307,LANXESS AG
RCKTW,1281895,"ROCKET PHARMACEUTICALS, INC."
NHS-RW,1487610,Neuberger High Yield Strategies Fund Inc.
SFDMF,1493507,Shanghai Fudan Microelectronics Co Limited/ADR/
ATHS,1527469,Athene Holding Ltd.
ATH-PB,1527469,Athene Holding Ltd.
ATH-PD,1527469,Athene Holding Ltd.
ATH-PE,1527469,Athene Holding Ltd.
SSSSL,1509470,SURO CAPITAL CORP.
BUI-RI,1528988,"BlackRock Utilities, Infrastructure & Power Opportunities Trust"
BEPH,1533232,Brookfield Renewable Partners L.P.
BEPI,1533232,Brookfield Renewable Partners L.P.
BEP-PA,1533232,Brookfield Renewable Partners L.P.
BEPJ,1533232,Brookfield Renewable Partners L.P.
VRMWW,1580864,"Vroom, Inc."
IHICF,1567526,IHI Corporation/ADR
INBKZ,1562463,First Internet Bancorp
SBEVW,1553788,"SPLASH BEVERAGE GROUP, INC."
BTGRF,1546538,BTS Group Holdings Public Co Limited/ADR
BTLWF,1546538,BTS Group Holdings Public Co Limited/ADR
AERGP,879911,"APPLIED ENERGETICS, INC."
GLDW,1618181,World Gold Trust
VIASP,1606268,"Via Renewables, Inc."
LAAI,1594968,Loan Artificial Intelligence Corp.
PAAPU,1070423,PLAINS ALL AMERICAN PIPELINE LP
NIXXW,1462223,"Nixxy, Inc."
SBBTF,1451561,Vend Marketplaces ASA/ADR
ARES-PB,1176948,Ares Management Corp
BAMKF,1001085,BROOKFIELD Corp /ON/
BKAMF,1001085,BROOKFIELD Corp /ON/
BKFAF,1001085,BROOKFIELD Corp /ON/
BKFPF,1001085,BROOKFIELD Corp /ON/
LFMDP,948320,"LifeMD, Inc."
BKFOF,1001085,BROOKFIELD Corp /ON/
BRPSF,1001085,BROOKFIELD Corp /ON/
BRFCF,1001085,BROOKFIELD Corp /ON/
BKPA,1001085,BROOKFIELD Corp /ON/
BNH,1001085,BROOKFIELD Corp /ON/
BNJ,1001085,BROOKFIELD Corp /ON/
BROXF,1001085,BROOKFIELD Corp /ON/
BXDIF,1001085,BROOKFIELD Corp /ON/
BRCFF,1001085,BROOKFIELD Corp /ON/
BKFDF,1001085,BROOKFIELD Corp /ON/
EFSCP,1025835,ENTERPRISE FINANCIAL SERVICES CORP
CMLSQ,1058623,CUMULUS MEDIA INC
CNDIF,1045520,CANADIAN IMPERIAL BANK OF COMMERCE /CAN/
ORANY,1038143,ORANGE
STNDF,1087711,Santander UK plc
SNTUF,1087711,Santander UK plc
BRKRP,1109354,BRUKER CORP
BFH-PA,1101215,"BREAD FINANCIAL HOLDINGS, INC."
RZC,898174,REINSURANCE GROUP OF AMERICA INC
NEWEN,1004315,NATIONAL GRID PLC
NMKCP,1004315,NATIONAL GRID PLC
NMKBP,1004315,NATIONAL GRID PLC
NMPWP,1004315,NATIONAL GRID PLC
MGR,1004434,"AFFILIATED MANAGERS GROUP, INC."
MGRB,1004434,"AFFILIATED MANAGERS GROUP, INC."
MGRD,1004434,"AFFILIATED MANAGERS GROUP, INC."
MGRE,1004434,"AFFILIATED MANAGERS GROUP, INC."
BERZ,927971,BANK OF MONTREAL /CAN/
RWT-PA,930236,REDWOOD TRUST INC
RWTN,930236,REDWOOD TRUST INC
RWTP,930236,REDWOOD TRUST INC
RWTQ,930236,REDWOOD TRUST INC
RWTO,930236,REDWOOD TRUST INC
COF-PI,927628,CAPITAL ONE FINANCIAL CORP
COF-PJ,927628,CAPITAL ONE FINANCIAL CORP
COF-PK,927628,CAPITAL ONE FINANCIAL CORP
COF-PL,927628,CAPITAL ONE FINANCIAL CORP
COF-PN,927628,CAPITAL ONE FINANCIAL CORP
ACGLN,947484,ARCH CAPITAL GROUP LTD.
FNGO,927971,BANK OF MONTREAL /CAN/
FNGS,927971,BANK OF MONTREAL /CAN/
FNGU,927971,BANK OF MONTREAL /CAN/
GDXD,927971,BANK OF MONTREAL /CAN/
DULL,927971,BANK OF MONTREAL /CAN/
FLYD,927971,BANK OF MONTREAL /CAN/
FLYU,927971,BANK OF MONTREAL /CAN/
BNKD,927971,BANK OF MONTREAL /CAN/
BNKU,927971,BANK OF MONTREAL /CAN/
BULZ,927971,BANK OF MONTREAL /CAN/
JETU,927971,BANK OF MONTREAL /CAN/
JETD,927971,BANK OF MONTREAL /CAN/
CARD,927971,BANK OF MONTREAL /CAN/
CARU,927971,BANK OF MONTREAL /CAN/
SHNY,927971,BANK OF MONTREAL /CAN/
WTID,927971,BANK OF MONTREAL /CAN/
WTIU,927971,BANK OF MONTREAL /CAN/
GDXU,927971,BANK OF MONTREAL /CAN/
NRGD,927971,BANK OF MONTREAL /CAN/
NRGU,927971,BANK OF MONTREAL /CAN/
OILD,927971,BANK OF MONTREAL /CAN/
OILU,927971,BANK OF MONTREAL /CAN/
TEN-PE,1166663,TSAKOS ENERGY NAVIGATION LTD
TEN-PF,1166663,TSAKOS ENERGY NAVIGATION LTD
HTHL,1170839,HUMITECH INTERNATIONAL GROUP INC
EUBGD,1171326,ENTREPRENEUR UNIVERSE BRIGHT GROUP
ABR-PD,1253986,ARBOR REALTY TRUST INC
ABR-PE,1253986,ARBOR REALTY TRUST INC
ABR-PF,1253986,ARBOR REALTY TRUST INC
TXEMF,909112,TEMPLETON EMERGING MARKETS INCOME FUND
FLG-PU,910073,"FLAGSTAR BANK, NATIONAL ASSOCIATION"
FLG-PA,910073,"FLAGSTAR BANK, NATIONAL ASSOCIATION"
BFS-PE,907254,"SAUL CENTERS, INC."
EMRJF,1127248,EMERA INC
EMICF,1127248,EMERA INC
XAKJ,1128252,"SIPP International Industries, Inc."
TGOPF,1078716,3i GROUP PLC
SWKHL,1089907,SWK Holdings Corp
AMUB,1114446,UBS AG
BDCX,1114446,UBS AG
BDCZ,1114446,UBS AG
CEFD,1114446,UBS AG
USML,1114446,UBS AG
UCIB,1114446,UBS AG
MVRL,1114446,UBS AG
PFFL,1114446,UBS AG
QULL,1114446,UBS AG
SCDL,1114446,UBS AG
SMHB,1114446,UBS AG
IWML,1114446,UBS AG
MLPB,1114446,UBS AG
MLPR,1114446,UBS AG
MTUL,1114446,UBS AG
HDLB,1114446,UBS AG
IFED,1114446,UBS AG
IWDL,1114446,UBS AG
IWFL,1114446,UBS AG
ELCPF,1039610,EDP ENERGIAS DE PORTUGAL SA
PCG-PX,1004980,PG&E Corp
WINTW,946486,WINDTREE THERAPEUTICS INC /DE/
WAFDP,936528,WAFD INC
BGMSP,1130166,"Bio Green Med Solution, Inc."
AEBMY,1174511,ANADOLU EFES BIRACILIK VE MALT SANAYI A S/ADR
AEBMF,1174511,ANADOLU EFES BIRACILIK VE MALT SANAYI A S/ADR
SHMLF,1166834,SHL TELEMEDICINE LTD
STRF,1050446,Strategy Inc
STRK,1050446,Strategy Inc
STRD,1050446,Strategy Inc
NLY-PI,1043219,ANNALY CAPITAL MANAGEMENT INC
NLY-PJ,1043219,ANNALY CAPITAL MANAGEMENT INC
MOBQW,1084267,"Mobiquity Technologies, Inc."
PTIXW,1022899,"Protagenic Therapeutics, Inc.new"
FREJP,1026214,FEDERAL HOME LOAN MORTGAGE CORP
FMCKK,1026214,FEDERAL HOME LOAN MORTGAGE CORP
BIPH,1406234,Brookfield Infrastructure Partners L.P.
BIPI,1406234,Brookfield Infrastructure Partners L.P.
BIP-PA,1406234,Brookfield Infrastructure Partners L.P.
BIP-PB,1406234,Brookfield Infrastructure Partners L.P.
BIPJ,1406234,Brookfield Infrastructure Partners L.P.
BRIPF,1406234,Brookfield Infrastructure Partners L.P.
GFSAY,1389207,Gafisa S.A.
BK-PK,1390777,Bank of New York Mellon Corp
ACR-PC,1332551,ACRES Commercial Realty Corp.
ACR-PD,1332551,ACRES Commercial Realty Corp.
SGBAF,1347408,SES S.A.
ORCL-PD,1341439,ORACLE CORP
QVCGP,1355096,"QVC Group, Inc."
QVCGB,1355096,"QVC Group, Inc."
NXDT-PA,1356115,NEXPOINT DIVERSIFIED REAL ESTATE TRUST
MFICL,1278752,MidCap Financial Investment Corp
YRAIF,1279956,YARA INTERNATIONAL ASA
SHO-PH,1295810,"Sunstone Hotel Investors, Inc."
SHO-PI,1295810,"Sunstone Hotel Investors, Inc."
LLOBF,1160106,Lloyds Banking Group plc
AQNB,1174169,ALGONQUIN POWER & UTILITIES CORP.
AGQPF,1174169,ALGONQUIN POWER & UTILITIES CORP.
QXO-PB,1236275,"QXO, Inc."
AXIA-PC,1439124,BRAZILIAN ELECTRIC POWER CO
AXIA-P,1439124,BRAZILIAN ELECTRIC POWER CO
ATLCL,1464343,Atlanticus Holdings Corp
LOB-PA,1462120,"Live Oak Bancshares, Inc."
ATLCZ,1464343,Atlanticus Holdings Corp
CIMP,1409493,CHIMERA INVESTMENT CORP
CIMN,1409493,CHIMERA INVESTMENT CORP
CIMO,1409493,CHIMERA INVESTMENT CORP
AGQ,1415311,ProShares Trust II
BOIL,1415311,ProShares Trust II
EUO,1415311,ProShares Trust II
GLL,1415311,ProShares Trust II
KOLD,1415311,ProShares Trust II
YCL,1415311,ProShares Trust II
YCS,1415311,ProShares Trust II
ZSL,1415311,ProShares Trust II
UGL,1415311,ProShares Trust II
ULE,1415311,ProShares Trust II
UVXY,1415311,ProShares Trust II
VIXM,1415311,ProShares Trust II
VIXY,1415311,ProShares Trust II
SCO,1415311,ProShares Trust II
SVXY,1415311,ProShares Trust II
UCO,1415311,ProShares Trust II
SKLTF,1487139,Seek Ltd
CUBB,1488813,"Customers Bancorp, Inc."
HPP-PC,1482512,"Hudson Pacific Properties, Inc."
CLDT-PA,1476045,Chatham Lodging Trust
JTGLF,1472033,"Citibank,N.A./ADR"
PFXNZ,1490349,PhenixFIN Corp
KRNGF,1494191,Karoon Gas Australia Ltd /ADR/
GROO,1499275,"GROOVY COMPANY, INC."
NMFCZ,1496099,New Mountain Finance Corp
MITT-PC,1514281,"TPG Mortgage Investment Trust, Inc."
MITN,1514281,"TPG Mortgage Investment Trust, Inc."
MITP,1514281,"TPG Mortgage Investment Trust, Inc."
MS-PQ,895421,MORGAN STANLEY
MS-PO,895421,MORGAN STANLEY
MS-PP,895421,MORGAN STANLEY
LGNDZ,886163,LIGAND PHARMACEUTICALS INC
LGNXZ,886163,LIGAND PHARMACEUTICALS INC
LGNYZ,886163,LIGAND PHARMACEUTICALS INC
LGNZZ,886163,LIGAND PHARMACEUTICALS INC
GLU-PA,1282957,GABELLI GLOBAL UTILITY & INCOME TRUST
AHL-PF,1267395,ASPEN INSURANCE HOLDINGS LTD
ET-PI,1276187,Energy Transfer LP
CFOR,1293818,CapForce Inc.
ZARE,1327978,Ares Real Estate Income Trust Inc.
CODI-PC,1345126,Compass Diversified Holdings
BWBBP,1341317,Bridgewater Bancshares Inc
TOGIW,1349706,"TurnOnGreen, Inc."
ZIVOW,1101026,"Zivo Bioscience, Inc."
ZNOGW,1131312,ZION OIL & GAS INC
GDV-PK,1260729,GABELLI DIVIDEND & INCOME TRUST
STRRP,1210708,"Star Equity Holdings, Inc."
XXAAU,931755,AEI INCOME & GROWTH FUND XXI LTD PARTNERSHIP
TDBCP,947263,TORONTO DOMINION BANK
MBNKO,1000209,MEDALLION FINANCIAL CORP
RYLBF,1000275,ROYAL BANK OF CANADA
ADC-PA,917251,AGREE REALTY CORP
ALB-PA,915913,ALBEMARLE CORP
REGCO,910606,REGENCY CENTERS CORP
REGCP,910606,REGENCY CENTERS CORP
MS-PL,895421,MORGAN STANLEY
GPUS-PD,896493,"Hyperscale Data, Inc."
ANG-PD,1039828,American National Group Inc.
POWWP,1015383,Outdoor Holding Co
WTFCN,1015328,WINTRUST FINANCIAL CORP
MNLCF,1086888,MANULIFE FINANCIAL CORP
MNUPF,1086888,MANULIFE FINANCIAL CORP
MNQFF,1086888,MANULIFE FINANCIAL CORP
MNUFF,1086888,MANULIFE FINANCIAL CORP
TCBIO,1077428,TEXAS CAPITAL BANCSHARES INC/TX
NOVTU,1076930,NOVANTA INC
TMSOF,1075124,THOMSON REUTERS CORP /CAN/
FNFPA,1065823,FIRST NILES FINANCIAL INC
DHCNI,1075415,DIVERSIFIED HEALTHCARE TRUST
DHCNL,1075415,DIVERSIFIED HEALTHCARE TRUST
LFT-PA,1547546,"Lument Finance Trust, Inc."
SMSOF,1560968,Samsonite International SA/ADR
SYF-PA,1601712,Synchrony Financial
SYF-PB,1601712,Synchrony Financial
LBRA,1599407,1847 Holdings LLC
MONRF,1605755,Moncler S.p.A./ADR
DBVTF,1613780,DBV Technologies S.A.
KREF-PA,1631596,KKR Real Estate Finance Trust Inc.
MBINL,1629019,Merchants Bancorp
MBINM,1629019,Merchants Bancorp
MBINN,1629019,Merchants Bancorp
CITAF,1317295,CHINA SHIPPING CONTAINER LINES CO LTD
CRTDD,1357671,"Creatd, Inc."
SAJ,1377936,SARATOGA INVESTMENT CORP.
SAT,1377936,SARATOGA INVESTMENT CORP.
SAY,1377936,SARATOGA INVESTMENT CORP.
SAZ,1377936,SARATOGA INVESTMENT CORP.
SAV,1377936,SARATOGA INVESTMENT CORP.
DUKB,1326160,Duke Energy CORP
GAINN,1321741,GLADSTONE INVESTMENT CORPORATIONDE
GAINZ,1321741,GLADSTONE INVESTMENT CORPORATIONDE
GAING,1321741,GLADSTONE INVESTMENT CORPORATIONDE
GAINI,1321741,GLADSTONE INVESTMENT CORPORATIONDE
FPHOY,1490078,First Phosphate Corp.
FRSPF,1490078,First Phosphate Corp.
HWLDF,1483994,H World Group Ltd
RIV-PA,1501072,"RIVERNORTH OPPORTUNITIES FUND, INC."
NASC,1509957,Can B Corp
SMTGF,1516684,SMA Solar Technology AG/ADR
NEMCL,1164727,NEWMONT Corp /DE/
IVDAW,1397183,"Iveda Solutions, Inc."
IHETW,1400891,"iHeartMedia, Inc."
KKRT,1404912,KKR & Co. Inc.
KKR-PD,1404912,KKR & Co. Inc.
KKRS,1404912,KKR & Co. Inc.
NZEOY,1445654,New Zealand Oil & Gas Ltd/ADR
CMCLF,1447960,"China Molybdenum Co., Ltd."
AGNCO,1423689,AGNC Investment Corp.
AGNCP,1423689,AGNC Investment Corp.
AGNCZ,1423689,AGNC Investment Corp.
CUENW,1424657,Cuentas Inc.
AGNCL,1423689,AGNC Investment Corp.
OSDVF,1431852,Osisko Development Corp.
ODVWZ,1431852,Osisko Development Corp.
PRBZF,1503812,PREMIUM BRANDS HOLDINGS Corp
OFSSH,1487918,OFS Capital Corp
OFSSO,1487918,OFS Capital Corp
INN-PF,1497645,"Summit Hotel Properties, Inc."
CNVEF,1475260,CENOVUS ENERGY INC.
CPER,1479247,United States Commodity Index Funds Trust
BNCWW,1482541,CEA Industries Inc.
HTFC,1487428,Horizon Technology Finance Corp
SBFMW,1402328,Sunshine Biopharma Inc.
PSA-PL,1393311,Public Storage
PSA-PM,1393311,Public Storage
PSA-PN,1393311,Public Storage
PSA-PO,1393311,Public Storage
PSA-PP,1393311,Public Storage
PSA-PI,1393311,Public Storage
PSA-PJ,1393311,Public Storage
PSA-PF,1393311,Public Storage
PSA-PG,1393311,Public Storage
PSA-PQ,1393311,Public Storage
PSA-PR,1393311,Public Storage
PSA-PS,1393311,Public Storage
DTSTW,1419951,Data Storage Corp
BHLLD,1407583,Bunker Hill Mining Corp.
LOIMF,1454147,Loomis AB / ADR
BXCAP,1372612,BOX INC
NMPRY,1333172,Navios Maritime Holdings Inc.
NFTM,1345865,Buildablock Corp.
PFH,1137774,PRUDENTIAL FINANCIAL INC
PRH,1137774,PRUDENTIAL FINANCIAL INC
PRS,1137774,PRUDENTIAL FINANCIAL INC
CNO-PA,1224608,"CNO Financial Group, Inc."
OXSQH,1259429,Oxford Square Capital Corp.
QVCC,1254699,QVC INC
OXSQG,1259429,Oxford Square Capital Corp.
SRJN,1126956,SPIRE INC
MFA-PC,1055160,"MFA FINANCIAL, INC."
MFAN,1055160,"MFA FINANCIAL, INC."
MFAO,1055160,"MFA FINANCIAL, INC."
EPDU,1061219,ENTERPRISE PRODUCTS PARTNERS L.P.
SQFTP,1080657,"Presidio Property Trust, Inc."
SQFTW,1080657,"Presidio Property Trust, Inc."
APCXW,1070050,AppTech Payments Corp.
XAEIU,1023458,AEI INCOME & GROWTH FUND XXII LTD PARTNERSHIP
EPR-PC,1045450,EPR PROPERTIES
EPR-PE,1045450,EPR PROPERTIES
DTK,936340,DTE ENERGY CO
RNR-PG,913144,RENAISSANCERE HOLDINGS LTD
MLCMF,912958,MILLICOM INTERNATIONAL CELLULAR SA
PREJF,911421,PARTNERRE LTD
DTB,936340,DTE ENERGY CO
DTG,936340,DTE ENERGY CO
AFGD,1042046,AMERICAN FINANCIAL GROUP INC
AFGE,1042046,AMERICAN FINANCIAL GROUP INC
AFGB,1042046,AMERICAN FINANCIAL GROUP INC
GLDI,1053092,CREDIT SUISSE AG
SLVO,1053092,CREDIT SUISSE AG
USOI,1053092,CREDIT SUISSE AG
NXPLW,1058307,NextPlat Corp
BESS-WT,1066764,Bimergen Energy Corp
SWZCF,1069336,SWISSCOM AG
MET-PF,1099219,METLIFE INC
PTCCY,1108329,PETROCHINA CO LTD
CSCIF,1113423,COSCIENS Biopharma Inc.
SLFQF,1097362,SUN LIFE FINANCIAL INC
SLFIF,1097362,SUN LIFE FINANCIAL INC
SUNFF,1097362,SUN LIFE FINANCIAL INC
OSSFF,1437545,Embla Medical HF/ADR
TWOD,1465740,TWO HARBORS INVESTMENT CORP.
RSNHF,1447391,RESONA HOLDINGS INC
BYDIF,1447956,BYD Electronic (International) Co Ltd
NWSZF,1449664,CTF Services Ltd
GRBK-PA,1373670,"Green Brick Partners, Inc."
NCPLW,1414767,Netcapital Inc.
EFC-PB,1411342,Ellington Financial Inc.
EFC-PC,1411342,Ellington Financial Inc.
EFC-PD,1411342,Ellington Financial Inc.
FGBIP,1408534,"First Guaranty Bancshares, Inc."
HCIIP,1400810,"HCI Group, Inc."
CANE,1471824,Teucrium Commodity Trust
CORN,1471824,Teucrium Commodity Trust
SOYB,1471824,Teucrium Commodity Trust
TAGS,1471824,Teucrium Commodity Trust
WEAT,1471824,Teucrium Commodity Trust
ZNKUF,1705455,"ZENKOKU HOSHO Co., Ltd./ADR"
OPP-PA,1678130,"RiverNorth/DoubleLine Strategic Opportunity Fund, Inc."
OPP-PC,1678130,"RiverNorth/DoubleLine Strategic Opportunity Fund, Inc."
OPP-PB,1678130,"RiverNorth/DoubleLine Strategic Opportunity Fund, Inc."
GGT-PG,921671,GABELLI MULTIMEDIA TRUST INC.
IRS-WT,933267,IRSA INVESTMENTS & REPRESENTATIONS INC
RHEPZ,1004724,"REGIONAL HEALTH PROPERTIES, INC"
RHEPA,1004724,"REGIONAL HEALTH PROPERTIES, INC"
RHEPB,1004724,"REGIONAL HEALTH PROPERTIES, INC"
KPLTW,1785424,"Katapult Holdings, Inc."
ANKM,1781629,"Ankam, Inc."
MAPSW,1779474,"WM TECHNOLOGY, INC."
SAABF,1770114,Saab AB/ADR
XRXDW,1770450,Xerox Holdings Corp
TRSO,1758699,TRANSUITE.ORG INC.
COEPW,1759186,"Coeptis Therapeutics Holdings, Inc."
NOWGD,1761911,Nowigence Inc.
ELVGD,1741489,"Elvictor Group, Inc."
NEOVW,1748137,NeoVolta Inc.
CHWRF,1751162,China Tower Corp Limited/ADR
HYNLY,1712356,Hydro One Ltd
ASCIX,1716885,Angel Oak Strategic Credit Fund
BPYPM,1545772,Brookfield Property Partners L.P.
BPYPN,1545772,Brookfield Property Partners L.P.
BPYPO,1545772,Brookfield Property Partners L.P.
SOHGF,1536787,ALSOK Co Ltd./ADR
TFIN-P,1539638,"Triumph Financial, Inc."
XRN-PA,1533615,Chiron Real Estate Inc.
XRN-PB,1533615,Chiron Real Estate Inc.
MLSPF,1516535,Melrose Industries Plc/ADR
BTDPF,1516324,Barratt Developments PLC/ADR
CTTRF,1520504,"Controladora Vuela Compania de Aviacion, S.A.B. de C.V."
BAFBF,1506721,Balfour Beatty plc/ADR
EP-PC,1506307,"KINDER MORGAN, INC."
LOMWF,1509397,Lion One Metals Ltd.
TE-WT,1992243,T1 Energy Inc.
VFSWW,1913510,VinFast Auto Ltd.
AMPX-WT,1899287,"Amprius Technologies, Inc."
BAKR,1904616,Baker Global Asset Management Inc.
SDAWW,1936804,SunCar Technology Group Inc.
RZLVW,1920294,REZOLVE AI PLC
RDPTF,1949257,Radiopharm Theranostics Ltd
QLUNF,1951378,Qilun Group Inc.
THQQF,1969796,Embracer Group AB/ADR
ENGNW,1980845,enGene Holdings Inc.
AFJKU,1979005,"Aimei Health Technology Co., Ltd."
AFJKR,1979005,"Aimei Health Technology Co., Ltd."
LDTDF,1981462,LeddarTech Holdings Inc.
NIVFW,1981662,NewGenIvf Group Ltd
NPEHF,1985406,"Nippon Express Holdings, Inc./ADR"
FFAIW,1805521,FARADAY FUTURE INTELLIGENT ELECTRIC INC.
VENAF,1800392,MicroAlgo Inc.
MCOMW,1788841,micromobility.com Inc.
DAZSF,1896511,ZKGC New Energy Ltd
ASPCU,1890361,ASPAC III Acquisition Corp.
ASPCR,1890361,ASPAC III Acquisition Corp.
FLDDW,1889123,"Fold Holdings, Inc."
LSEB,1888740,LSEB Creative Corp.
BKLPF,1884130,PT Bukalapak.com Tbk/ADR
ADSEW,1879248,Ads-Tec Energy Public Ltd Co
MTEKW,1872964,Maris Tech Ltd.
CDROW,1866782,"Codere Online Luxembourg, S.A."
TVAIR,1872228,Thayer Ventures Acquisition Corp II
TVAIU,1872228,Thayer Ventures Acquisition Corp II
VTTGF,1729514,VAT Group AG/ADR
OWSCX,1748680,1WS Credit Income Fund
CELUW,1752828,Celularity Inc
PDSKX,1756404,Principal Real Asset Fund
PRXK,1692345,"PROCACCIANTI HOTEL REIT, INC."
PRXA,1692345,"PROCACCIANTI HOTEL REIT, INC."
AMLIF,1699880,American Lithium Corp.
ASRRF,1719117,ASR Nederland N.V./ADR
COBA,1727255,Chilean Cobalt Corp.
HTZWW,1657853,"HERTZ GLOBAL HOLDINGS, INC"
NRSAX,1663712,NEXPOINT REAL ESTATE STRATEGIES FUND
GECCH,1675033,Great Elm Capital Corp.
GECCG,1675033,Great Elm Capital Corp.
GECCO,1675033,Great Elm Capital Corp.
GECCI,1675033,Great Elm Capital Corp.
DBRG-PH,1679688,"DigitalBridge Group, Inc."
DBRG-PI,1679688,"DigitalBridge Group, Inc."
DBRG-PJ,1679688,"DigitalBridge Group, Inc."
FVGPY,1691445,FinVolution Group
SHLAF,1655190,Schindler Holding AG/ADR
SHLRF,1655190,Schindler Holding AG/ADR
GIPRW,1651721,"GENERATION INCOME PROPERTIES, INC."
RWAYI,1653384,Runway Growth Finance Corp.
RWAYL,1653384,Runway Growth Finance Corp.
KLSVD,1655531,KLONDIKE SILVER CORP.
REXR-PC,1571283,"Rexford Industrial Realty, Inc."
GRTUF,1564538,GRANITE REAL ESTATE INVESTMENT TRUST
RITM-PA,1556593,Rithm Capital Corp.
RITM-PB,1556593,Rithm Capital Corp.
RITM-PF,1556593,Rithm Capital Corp.
RITM-PE,1556593,Rithm Capital Corp.
RITM-PC,1556593,Rithm Capital Corp.
RITM-PD,1556593,Rithm Capital Corp.
ISADY,1608401,ISS A/S / ADR
ISFFF,1608401,ISS A/S / ADR
SNPTF,1601992,Sunny Optical Technology (Group) Co Limited/ADR
TRTX-PC,1630472,"TPG RE Finance Trust, Inc."
RVMDW,1628171,"Revolution Medicines, Inc."
NRXPW,1719406,"NRX Pharmaceuticals, Inc."
HFRO-PA,1710680,HIGHLAND OPPORTUNITIES & INCOME FUND
HFRO-PB,1710680,HIGHLAND OPPORTUNITIES & INCOME FUND
BYCBF,1706795,Barry Callebaut AG/ADR
NREF-PA,1786248,"NexPoint Real Estate Finance, Inc."
BENFW,1775734,Beneficient
SRTAW,1779128,"Strata Critical Medical, Inc."
NTRBW,1676047,NutriBand Inc.
CEHCF,1668393,"Cosmo Energy Holdings Co., Ltd./ADR"
PMFAX,1723701,PIMCO Flexible Municipal Income Fund
BIAFW,1712762,"bioAffinity Technologies, Inc."
AOMD,1766478,"Angel Oak Mortgage REIT, Inc."
AOMN,1766478,"Angel Oak Mortgage REIT, Inc."
SYAXF,1739016,Elevra Lithium Ltd
RTEZ,1733861,REST EZ Inc.
BETRW,1835856,Better Home & Finance Holding Co
RGTIW,1838359,"Rigetti Computing, Inc."
PIIIW,1832511,P3 Health Partners Inc.
MDAIW,1833498,"Spectral AI, Inc."
ASAIY,1834048,Sendas Distributor S.A.
AMPWF,1845097,Ardagh Metal Packaging S.A.
HVIIU,1846416,Hennessy Capital Investment Corp. VII
HVIIR,1846416,Hennessy Capital Investment Corp. VII
FIGP,1846702,"Forge Group, Inc."
WALDW,1840199,Waldencast plc
VEEAW,1840317,VEEA INC.
SLDPW,1844862,"Solid Power, Inc."
XAGEW,1842939,"Longevity Health Holdings, Inc."
KORGW,1855457,"KORE Group Holdings, Inc."
FSHPR,1850059,Flag Ship Acquisition Corp
ASTLW,1860805,Algoma Steel Group Inc.
VSEEW,1864531,"VSEE HEALTH, INC."
ARBEW,1861841,Arbe Robotics Ltd.
ECXWW,1861974,ECARX Holdings Inc.
XOSWW,1819493,"Xos, Inc."
RBOTW,1812173,Vicarious Surgical Inc.
PRIAF,1819175,Prime Impact Acquisition I
SKYH-WT,1823587,Sky Harbour Group Corp
CPTKW,1827899,Crown PropTech Acquisitions
EVEX-WT,1823652,"Eve Holding, Inc."
OPADW,1825024,Offerpad Solutions Inc.
OPTEY,1815620,Opthea Ltd
MSPRW,1802450,"MSP Recovery, Inc."
MSPRZ,1802450,"MSP Recovery, Inc."
DFUKF,1805526,DeFi Development Corp.
DFDVW,1805526,DeFi Development Corp.
EVLVW,1805385,"Evolv Technologies Holdings, Inc."
KCLHF,1795589,Kingsoft Cloud Holdings Ltd
TPGXL,1880661,TPG Inc.
IMPPP,1876581,Imperial Petroleum Inc./Marshall Islands
PRENW,1876431,Prenetics Global Ltd
ATEKU,1882198,Athena Technology Acquisition Corp. II
ATEKW,1882198,Athena Technology Acquisition Corp. II
LVWR-WT,1898795,"LiveWire Group, Inc."
HGASW,1817232,Global Gas Corp
MSOGF,1815846,MINISO Group Holding Ltd
PHXE-P,1818643,"Phoenix Energy One, LLC"
KUKEY,1809158,Kuke Music Holding Ltd
PMVCW,1807765,PMV Consumer Acquisition Corp.
TOIIW,1799191,"Oncology Institute, Inc."
DNOPF,1796026,Dino Polska S.A./ADR
AENTW,1823584,ALLIANCE ENTERTAINMENT HOLDING CORP
ACHR-WT,1824502,Archer Aviation Inc.
IONQ-WT,1824920,"IonQ, Inc."
NOTE-WT,1823466,"FiscalNote Holdings, Inc."
SCLXW,1820190,Scilex Holding Co
SDSTW,1831979,Stardust Power Inc.
TLSIW,1826667,"TriSalus Life Sciences, Inc."
PDYNW,1826681,Palladyne AI Corp.
ZCARW,1854275,"Zoomcar Holdings, Inc."
KITTW,1849820,"Nauticus Robotics, Inc."
OKMN,1848334,"OKMIN RESOURCES, INC."
VGASW,1841425,"Verde Clean Fuels, Inc."
BNAIW,1838163,Brand Engagement Network Inc.
BEATW,1779372,"HeartBeam, Inc."
JSPRW,1788028,"Jasper Therapeutics, Inc."
ADDTF,1766868,Addtech AB/ADR
TCMEF,1744676,Tencent Music Entertainment Group
MRCIF,1752564,"Mercari, Inc./ADR"
EICA,1754836,Eagle Point Income Co Inc.
EICC,1754836,Eagle Point Income Co Inc.
BACQU,2028707,"Merlin, Inc."
BACQR,2028707,"Merlin, Inc."
ALISU,2026767,Calisa Acquisition Corp
ALISR,2026767,Calisa Acquisition Corp
MLACU,2029492,Mountain Lake Acquisition Corp.
MLACR,2029492,Mountain Lake Acquisition Corp.
STKTF,2032517,Sectra AB/ADR
KIDZW,2022308,"Classover Holdings, Inc."
TAVIU,2020385,Tavia Acquisition Corp.
TAVIR,2020385,Tavia Acquisition Corp.
LPBBW,2023676,Launch Two Acquisition Corp.
LPBBU,2023676,Launch Two Acquisition Corp.
RDACR,2018145,Rising Dragon Acquisition Corp.
RDACU,2018145,Rising Dragon Acquisition Corp.
YHNAR,2020987,YHN Acquisition I Ltd
YHNAU,2020987,YHN Acquisition I Ltd
SNNRF,2021938,Sunrise Communications AG
VACHU,2006815,Voyager Acquisition Corp./Cayman Islands
VACHW,2006815,Voyager Acquisition Corp./Cayman Islands
RENXF,1811115,Renalytix plc
STWI,1999261,StageWise Strategies Corp.
HPAIW,2001699,Helport AI Ltd
SSTPW,1805833,"System1, Inc."
ORGNW,1802457,"Origin Materials, Inc."
FOUR-PA,1794669,"Shift4 Payments, Inc."
SWDR,1711929,"Starwood Real Estate Income Trust, Inc."
MNSBP,1693577,"MainStreet Bancshares, Inc."
GPMT-PA,1703644,Granite Point Mortgage Trust Inc.
GCGJ,1765048,GUOCHUN INTERNATIONAL INC.
IVBXF,1774163,Innovent Biologics Inc/ADR
ACAT,1781726,NP Life Sciences Health Industry Group Inc.
BKSY-WT,1753539,BlackSky Technology Inc.
SACH-PA,1682220,Sachem Capital Corp.
SCCD,1682220,Sachem Capital Corp.
SCCE,1682220,Sachem Capital Corp.
SCCF,1682220,Sachem Capital Corp.
SCCG,1682220,Sachem Capital Corp.
MLCIL,2051820,Mount Logan Capital Inc.
BLUWU,2050501,Blue Water Acquisition Corp. III
BLUWW,2050501,Blue Water Acquisition Corp. III
YSHLF,2053843,Yangzijiang Shipbuilding Holdings Ltd/ADR
DAICW,2033770,"CID Holdco, Inc."
KOKSF,2033019,Kokusai Electric Corporation/ADR
PELIU,2037431,Pelican Acquisition Corp
PELIR,2037431,Pelican Acquisition Corp
RANGR,2035644,Range Capital Acquisition Corp.
RANGU,2035644,Range Capital Acquisition Corp.
APACU,2043630,StoneBridge Acquisition II Corp
APACR,2043630,StoneBridge Acquisition II Corp
HAVAU,2042460,Harvard Ave Acquisition Corp
HAVAR,2042460,Harvard Ave Acquisition Corp
DMIIR,2040475,Drugs Made In America Acquisition II Corp.
DMIIU,2040475,Drugs Made In America Acquisition II Corp.
GTERR,2043766,Globa Terra Acquisition Corp
GTERW,2043766,Globa Terra Acquisition Corp
GTERU,2043766,Globa Terra Acquisition Corp
NPACW,2048948,New Providence Acquisition Corp. III/Cayman
NPACU,2048948,New Providence Acquisition Corp. III/Cayman
LCCCU,2049248,Lakeshore Acquisition III Corp.
LCCCR,2049248,Lakeshore Acquisition III Corp.
CYJBF,1436741,Cargotec Corp OYJ
JUDO,1445831,Newpoint Financial Corp
NXPGF,1455632,Mobico Group PLC/ADR
RILYZ,1464790,"BRC Group Holdings, Inc."
RILYG,1464790,"BRC Group Holdings, Inc."
RILYK,1464790,"BRC Group Holdings, Inc."
RILYL,1464790,"BRC Group Holdings, Inc."
RILYN,1464790,"BRC Group Holdings, Inc."
RILYP,1464790,"BRC Group Holdings, Inc."
RILYT,1464790,"BRC Group Holdings, Inc."
DSX-WT,1318885,DIANA SHIPPING INC.
SNIRF,1329213,SENIOR PLC
GME-WT,1326380,GameStop Corp.
GMBLP,1451448,"ESPORTS ENTERTAINMENT GROUP, INC."
GMBLZ,1451448,"ESPORTS ENTERTAINMENT GROUP, INC."
UUGWF,1440130,United Utilities Group plc
PMTU,1464423,PennyMac Mortgage Investment Trust
PMTW,1464423,PennyMac Mortgage Investment Trust
PMTV,1464423,PennyMac Mortgage Investment Trust
PMT-PC,1464423,PennyMac Mortgage Investment Trust
MIMTF,1460447,Mitsubishi Materials Corp / ADR
WCPRF,1472879,WHITECAP RESOURCES INC.
HSCSW,1468492,HeartSciences Inc.
KPHMW,1372514,KIORA PHARMACEUTICALS INC
GIGGF,1336364,Giga Metals Corp
ASPSZ,1462418,ALTISOURCE PORTFOLIO SOLUTIONS S.A.
ASPSW,1462418,ALTISOURCE PORTFOLIO SOLUTIONS S.A.
MSBIP,1466026,"Midland States Bancorp, Inc."
ADAMI,1273685,"ADAMAS TRUST, INC."
ADAMN,1273685,"ADAMAS TRUST, INC."
ADAMG,1273685,"ADAMAS TRUST, INC."
ADAMM,1273685,"ADAMAS TRUST, INC."
ADAMH,1273685,"ADAMAS TRUST, INC."
ADAML,1273685,"ADAMAS TRUST, INC."
ADAMZ,1273685,"ADAMAS TRUST, INC."
ADAMO,1273685,"ADAMAS TRUST, INC."
BSLKW,1841125,"Bolt Projects Holdings, Inc."
GROVW,1841761,"Grove Collaborative Holdings, Inc."
BBAI-WT,1836981,"BigBear.ai Holdings, Inc."
OSRHW,1840425,"OSR Holdings, Inc."
SPWRW,1838987,SunPower Inc.
ASBPW,1847345,"Aspire Biopharma Holdings, Inc."
SAIHW,1847075,SAIHEAT Ltd
GREEL,1844971,Greenidge Generation Holdings Inc.
NPWR-WT,1845437,NET Power Inc.
LTCHW,1826000,"Latch, Inc."
BODYW,1826889,"Beachbody Company, Inc."
HLLY-WT,1822928,Holley Inc.
HUMAW,1818382,"Humacyte, Inc."
WSUPW,1819516,Wheels Up Experience Inc.
ZENVF,1836934,Zenvia Inc.
GPATU,1834526,GP-Act III Acquisition Corp.
GPATW,1834526,GP-Act III Acquisition Corp.
GROY-WT,1834026,Gold Royalty Corp.
AUROW,1828108,"Aurora Innovation, Inc."
DNABW,1830214,"Ginkgo Bioworks Holdings, Inc."
LTAFX,1496254,Alternative Strategies Income Fund
LTCFX,1496254,Alternative Strategies Income Fund
UVIX,1793497,VS Trust
OWLTW,1816708,"Owlet, Inc."
WGSWW,1818331,GeneDx Holdings Corp.
REVBW,1810560,"REVELATION BIOSCIENCES, INC."
ABXL,1814287,"Abacus Global Management, Inc."
SBIGW,1801602,"SpringBig Holdings, Inc."
BYNOU,1801417,byNordic Acquisition Corp
BYNOW,1801417,byNordic Acquisition Corp
TMCWW,1798562,TMC the metals Co Inc.
CTSWF,1865861,Cactus Acquisition Corp. 1 Ltd
CTSUF,1865861,Cactus Acquisition Corp. 1 Ltd
GDSTR,1858007,Goldenstone Acquisition Ltd.
GDSTU,1858007,Goldenstone Acquisition Ltd.
GDSTW,1858007,Goldenstone Acquisition Ltd.
WINVR,1854463,WinVest Acquisition Corp.
WINVU,1854463,WinVest Acquisition Corp.
WINVW,1854463,WinVest Acquisition Corp.
AERTW,1853044,"Aeries Technology, Inc."
MOBXW,1855467,"MOBIX LABS, INC"
SHFSW,1854963,"SHF Holdings, Inc."
MINR,1854816,Minerva Gold Inc.
GOODN,1234006,GLADSTONE COMMERCIAL CORP
GOODO,1234006,GLADSTONE COMMERCIAL CORP
TRPPF,1232384,TC ENERGY CORP
TRPEF,1232384,TC ENERGY CORP
TCEYF,1232384,TC ENERGY CORP
TCENF,1232384,TC ENERGY CORP
TCNCF,1232384,TC ENERGY CORP
TRPRF,1232384,TC ENERGY CORP
WAL-PA,1212545,WESTERN ALLIANCE BANCORPORATION
PSEC-PA,1287032,PROSPECT CAPITAL CORP
DLR-PL,1297996,"DIGITAL REALTY TRUST, INC."
ISMCF,1332174,iShares S&P GSCI Commodity-Indexed Trust
GLP-PB,1323468,GLOBAL PARTNERS LP
SEAL-PA,1308106,Seapeak LLC
SEAL-PB,1308106,Seapeak LLC
RGPX,1357878,"REGENEREX PHARMA, INC."
LANDO,1495240,GLADSTONE LAND Corp
PETVW,1512922,"PetVivo Holdings, Inc."
BCKIF,1516323,Babcock International Group PLC/ADR
NXGLW,1468929,"NEXGEL, INC."
SQLLW,1605888,ATLANTIC INTERNATIONAL CORP.
NSA-PB,1618563,National Storage Affiliates Trust
NHPBP,1561032,"National Healthcare Properties, Inc."
NWSLL,1564708,NEWS CORP
NCHEF,1570299,Nichirei Corporation/ADR
DTLAP,1575311,Brookfield DTLA Fund Office Trust Investor Inc.
MBUMF,1534281,"Mabuchi Motor Co., Ltd./ADR"
NIOBW,1512228,NIOCORP DEVELOPMENTS LTD
PNDZF,1505880,Pandora A/S / ADR
GDHLF,1526125,GDS Holdings Ltd
RCD,1527590,Ready Capital Corp
RCB,1527590,Ready Capital Corp
RC-PC,1527590,Ready Capital Corp
RC-PE,1527590,Ready Capital Corp
ACP-PA,1503290,abrdn Income Credit Strategies Fund
OXLCL,1495222,Oxford Lane Capital Corp.
OXLCN,1495222,Oxford Lane Capital Corp.
ARR-PC,1428205,"Armour Residential REIT, Inc."
AZLUY,1432364,AZUL SA
AZUXY,1432364,AZUL SA
AZSAY,1432364,AZUL SA
PBATF,1489088,PT Bukit Asam Tbk/ADR
OXLCI,1495222,Oxford Lane Capital Corp.
OXFRP,1495222,Oxford Lane Capital Corp.
OXLCP,1495222,Oxford Lane Capital Corp.
OXLCZ,1495222,Oxford Lane Capital Corp.
OXLCG,1495222,Oxford Lane Capital Corp.
PEB-PG,1474098,Pebblebrook Hotel Trust
PEB-PH,1474098,Pebblebrook Hotel Trust
SHMZF,1648512,Shimadzu Corporation/ADR
FCRX,1633336,"Crescent Capital BDC, Inc."
DUKRD,1638911,DUKE Robotics Corp.
JBHIF,1643198,JB Hi-Fi Limited/ADR
BHFAM,1685040,"Brighthouse Financial, Inc."
BHFAN,1685040,"Brighthouse Financial, Inc."
BHFAO,1685040,"Brighthouse Financial, Inc."
BBAAY,1577552,Alibaba Group Holding Ltd
BIVIW,1580149,BIOVIE INC.
HCTPF,1580226,Hutchison Port Holdings Trust/ADR
AUIWF,1568183,AURANIA RESOURCES LTD.
AHRT-PA,1569187,"AH Realty Trust, Inc."
FGNXP,1591890,FG Nexus Inc.
BWET,1610940,Amplify Commodity Trust
BWNB,1630805,"Babcock & Wilcox Enterprises, Inc."
BW-PA,1630805,"Babcock & Wilcox Enterprises, Inc."
AREBW,1648087,AMERICAN REBEL HOLDINGS INC
PW-PA,1532619,Power REIT
NSKFF,1535759,Kongsberg Gruppen ASA/ADR
BUGDF,1547870,Bumrungrad Hospital Public Co Limited/ADR
BUHPF,1547870,Bumrungrad Hospital Public Co Limited/ADR
BUHHF,1547870,Bumrungrad Hospital Public Co Limited/ADR
PPLOF,1546066,PEMBINA PIPELINE CORP
PBPRF,1546066,PEMBINA PIPELINE CORP
PBNAF,1546066,PEMBINA PIPELINE CORP
PMBPF,1546066,PEMBINA PIPELINE CORP
PMMBF,1546066,PEMBINA PIPELINE CORP
PPLAF,1546066,PEMBINA PIPELINE CORP
TNONW,1560293,"Tenon Medical, Inc."
WHFCL,1552198,"WhiteHorse Finance, Inc."
WYTC,1560143,WYTEC INTERNATIONAL INC
NEWTP,1587987,"NewtekOne, Inc."
NEWTG,1587987,"NewtekOne, Inc."
NEWTO,1587987,"NewtekOne, Inc."
NEWTH,1587987,"NewtekOne, Inc."
CCLDO,1582982,"CareCloud, Inc."
ECCC,1604174,Eagle Point Credit Co Inc.
ECCU,1604174,Eagle Point Credit Co Inc.
ECC-PD,1604174,Eagle Point Credit Co Inc.
ECCV,1604174,Eagle Point Credit Co Inc.
ECCW,1604174,Eagle Point Credit Co Inc.
WELWF,1877557,Integrated Wellness Acquisition Corp
WELUF,1877557,Integrated Wellness Acquisition Corp
CDIOW,1870144,"Cardio Diagnostics Holdings, Inc."
MIBE,1872066,MIAMI BREEZE CAR CARE INC
EMCWF,1869601,Embrace Change Acquisition Corp.
EMCRF,1869601,Embrace Change Acquisition Corp.
EMCUF,1869601,Embrace Change Acquisition Corp.
RDZNW,1868640,Roadzen Inc.
WRDIF,1867729,WeRide Inc.
BTSGU,1865782,"BrightSpring Health Services, Inc."
AMODW,1862463,"ALPHA MODUS HOLDINGS, INC."
ACQC,1860484,Relativity Acquisition Corp
VLN-WT,1863006,Valens Semiconductor Ltd.
SCIIR,2076739,SC II Acquisition Corp.
SCIIU,2076739,SC II Acquisition Corp.
SVACU,2074850,Spring Valley Acquisition Corp. III
SVACW,2074850,Spring Valley Acquisition Corp. III
IDPUF,2062803,IDP Education Ltd./ADR
MCGAW,2064658,Yorkville Acquisition Corp.
MCGAU,2064658,Yorkville Acquisition Corp.
DNACF,2065660,"DeNA Co., Ltd./ADR"
NGHLF,2060863,Nightingale Health Plc
PCAPW,2056634,ProCap Acquisition Corp
PCAPU,2056634,ProCap Acquisition Corp
HCACR,2079013,Hall Chadwick Acquisition Corp
ITHAU,2080985,ITHAX Acquisition Corp III
ITHAW,2080985,ITHAX Acquisition Corp III
MESHU,2081468,Meshflow Acquisition Corp
MESHW,2081468,Meshflow Acquisition Corp
SSACR,2081300,SPACSphere Acquisition Corp.
SSACW,2081300,SPACSphere Acquisition Corp.
SSACU,2081300,SPACSphere Acquisition Corp.
LEGO-UN,2087450,Legato Merger Corp. IV
RLMLF,2086869,RESOLUTION MINERALS LTD/ADR
ARCIW,2083910,Archimedes Tech SPAC Partners III Co.
ARCIU,2083910,Archimedes Tech SPAC Partners III Co.
XCBEU,2083493,X3 Acquisition Corp. Ltd.
XCBEW,2083493,X3 Acquisition Corp. Ltd.
FTW-WT,2083125,PRESIDIO PRODUCTION Co
WPAC-RI,2081536,White Pearl Acquisition Corp.
WPAC-UN,2081536,White Pearl Acquisition Corp.
KRAQW,2082119,KRAKacquisition Corp
KRAQU,2082119,KRAKacquisition Corp
XFLH-UN,2088103,XFLH Capital Corp
XFLH-RI,2088103,XFLH Capital Corp
LEGO-WT,2087450,Legato Merger Corp. IV
SBKLF,2087852,Sumitomo Bakelite Co Limited/ADR
HQWWW,2088256,Horizon Quantum Holdings Ltd.
OBIBF,2088339,"OBIC Business Consultants Co., Ltd./ADR"
CMIIU,2088805,Columbus Circle Capital Corp II
CMIIW,2088805,Columbus Circle Capital Corp II
XSLLU,2088807,Xsolla SPAC 1
XSLLW,2088807,Xsolla SPAC 1
JELLF,2089509,JEOL LTD/ADR
MTPLF,2100603,Metaplanet Inc.
BGFR,1722556,BestGofer Inc.
HYMCW,1718405,HYCROFT MINING HOLDING CORP
ENSCW,1716947,"Ensysce Biosciences, Inc."
OCCIN,1716951,"OFS Credit Company, Inc."
OCCIM,1716951,"OFS Credit Company, Inc."
OCCIO,1716951,"OFS Credit Company, Inc."
SCAFF,1713675,Schaeffler AG/ADR
DRRKF,1705969,dormakaba Holding AG
ZTOEF,1677250,ZTO Express (Cayman) Inc.
LTRYW,1673481,Sports Entertainment Gaming Global Corp
MTMCF,2091028,Metallium Limited/ADR
CRYAF,2094687,"Chery Automobile Co., Ltd./ADR"
FORFF,1666175,Fortis Inc.
FTRSF,1666175,Fortis Inc.
FRTJF,1666175,Fortis Inc.
FINCF,1666175,Fortis Inc.
FRTSF,1666175,Fortis Inc.
FTPSF,1666175,Fortis Inc.
SKILW,1774675,Skillsoft Corp.
SDMHF,1794363,Sartorius Stedim Biotech S.A./ADR
DFNSW,1787518,T3 Defense Inc.
ALTG-PA,1759824,ALTA EQUIPMENT GROUP INC.
PSPX,1765651,Pacific Sports Exchange Inc.
NICHX,1736510,Variant Alternative Income Fund
RVSNW,1743905,Rail Vision Ltd.
ESMR,1995920,E-Smart Corp.
BKHAU,2000775,Black Hawk Acquisition Corp
BKHAR,2000775,Black Hawk Acquisition Corp
LOTWW,1962746,Lotus Technology Inc.
ALURW,1964979,"ALLURION TECHNOLOGIES, INC."
SEPSF,1969766,Asep Medical Holdings Inc.
HYAC-UN,1970509,Haymaker Acquisition Corp. 4
HYAC-WT,1970509,Haymaker Acquisition Corp. 4
SXTPW,1946563,"60 DEGREES PHARMACEUTICALS, INC."
CRMLW,1951089,Critical Metals Corp.
CRTMF,1951089,Critical Metals Corp.
ALMP,1956237,Almco Plumbing Inc
NOEMW,1956648,CO2 Energy Transition Corp.
NOEMU,1956648,CO2 Energy Transition Corp.
NOEMR,1956648,CO2 Energy Transition Corp.
TBMCR,1934945,Trailblazer Merger Corp I
NTCS,1933359,Natics Corp.
APTN,1938571,"ADAPTIN BIO, INC."
GSMT,1940243,Global-Smart.Tech Inc.
RSVRW,1824403,"Reservoir Media, Inc."
BFRGW,1829247,"BullFrog AI Holdings, Inc."
GLCP,1830696,GLOBAL LEADERS CORP
GEGGL,1831096,"Great Elm Group, Inc."
FVNNU,2010653,Future Vision II Acquisition Corp.
FVNNR,2010653,Future Vision II Acquisition Corp.
CCIXU,2006291,Churchill Capital Corp IX/Cayman
CCIXW,2006291,Churchill Capital Corp IX/Cayman
EVGOW,1821159,EVgo Inc.
IPCXU,2012318,Inflection Point Acquisition Corp. III
IPCXR,2012318,Inflection Point Acquisition Corp. III
CLDWW,1855485,"Calidi Biotherapeutics, Inc."
ANSCU,1854149,Agriculture & Natural Solutions Acquisition Corp
ANSCW,1854149,Agriculture & Natural Solutions Acquisition Corp
ONMDW,1849380,OneMedNet Corp
CDAWF,1851909,Compass Digital Acquisition Corp.
CDAUF,1851909,Compass Digital Acquisition Corp.
CPPTL,1837671,Copper Property CTL Pass Through Trust
CORZW,1839341,"Core Scientific, Inc./tx"
CORZZ,1839341,"Core Scientific, Inc./tx"
CORZR,1839341,"Core Scientific, Inc./tx"
SOUNW,1840856,"SOUNDHOUND AI, INC."
UCFIW,1901203,CN Healthy Food Tech Group Corp.
VMCWF,1892747,Valuence Merger Corp. I
VMCUF,1892747,Valuence Merger Corp. I
NE-WTA,1895262,Noble Corp plc
NE-WT,1895262,Noble Corp plc
OPTHF,2027329,Optimi Health Corp.
SGIPF,2027330,"Sugi Holdings Co., Ltd./ADR"
CRBD,1889539,"Corebridge Financial, Inc."
RFAIU,2012807,RF Acquisition Corp II
RFAIR,2012807,RF Acquisition Corp II
SOUL-RI,2025608,Soulpower Acquisition Corp.
SOUL-UN,2025608,Soulpower Acquisition Corp.
CAPNU,2024203,Cayson Acquisition Corp
CAPNR,2024203,Cayson Acquisition Corp
FOXXW,2013807,Foxx Development Holdings Inc.
SBXD-UN,2015947,SilverBox Corp IV
SBXD-WT,2015947,SilverBox Corp IV
TLPPF,2007191,Telix Pharmaceuticals Ltd
INVLW,2001557,"Innventure, Inc."
MDCXW,1997296,Medicus Pharma Ltd.
HNIT,1994373,Huineng Technology Corp
GTENW,1986817,"Gores Holdings X, Inc. / CI"
GTENU,1986817,"Gores Holdings X, Inc. / CI"
SPHIF,1995306,SUPER HI INTERNATIONAL HOLDING LTD.
SPME,1930147,"Sound Point Meridian Capital, Inc."
RLNDF,1924064,RoyaLand Co Ltd.
TRWD,1916558,Tradewinds Universal
SPMA,1930147,"Sound Point Meridian Capital, Inc."
AIIOW,1932737,ROBO.AI INC.
NAKAW,1946573,Nakamoto Inc.
VTBAS,1984345,"Vestible Assets, LLC"
RMSGW,1983324,Real Messenger Corp
PYAIF,1969302,Pony AI Inc.
NVNIW,1965143,Nvni Group Ltd
OIOWW,1957538,ESGL Holdings Ltd
INPOF,1848826,InPost S.A./ADR
SOARW,1853070,"Volato Group, Inc."
CNDAU,1851959,Concord Acquisition Corp II
CNDAW,1851959,Concord Acquisition Corp II
GCTS-WT,1851961,"GCT Semiconductor Holding, Inc."
DAVEW,1841408,Dave Inc./DE
ZPTAW,1843714,"Zapata Quantum, Inc."
PLMUF,1845550,Plum Acquisition Corp. III
PLMWF,1845550,Plum Acquisition Corp. III
FLYX-WT,1843973,FLYEXCLUSIVE INC.
QTIWW,1844505,"QT IMAGING HOLDINGS, INC."
ZHIHF,1835724,Zhihu Inc.
PCTBP,1830033,"PureCycle Technologies, Inc."
PCTTU,1830033,"PureCycle Technologies, Inc."
PCTTW,1830033,"PureCycle Technologies, Inc."
LIDRW,1818644,"AEye, Inc."
JOBY-WT,1819848,"Joby Aviation, Inc."
CXAIW,1820875,CXApp Inc.
BZFDW,1828972,"BuzzFeed, Inc."
HSIGF,1861737,Hesai Group
CEROW,1870404,"CERO THERAPEUTICS HOLDINGS, INC."
BZAIW,1871638,"Blaize Holdings, Inc."
SWVLW,1875609,Swvl Holdings Corp
RAJAF,1885680,"Cordyceps Sunshine Biotech Holdings Co., Ltd."
FEAV,1888654,"5E Advanced Materials, Inc."
KVACU,1889983,Keen Vision Acquisition Corp.
KVACW,1889983,Keen Vision Acquisition Corp.
ISLUF,1915328,Israel Acquisitions Corp
ISLWF,1915328,Israel Acquisitions Corp
HEMNF,1915760,Hemnet Group AB/ADR
GSTK,1917993,Growth Stalk Holdings Corp
ESHAR,1918661,ESH Acquisition Corp.
SATA,1920406,"Strive, Inc."
FOXOW,1812360,FOXO TECHNOLOGIES INC.
QSIAW,1816431,Quantum-Si Inc
SVREW,1894693,SaverOne 2014 Ltd.
TETWF,1900679,Technology & Telecommunication Acquisition Corp
TETUF,1900679,Technology & Telecommunication Acquisition Corp
CNCKW,1913847,Coincheck Group N.V.
CLRRF,1903392,ClimateRock
CLRUF,1903392,ClimateRock
CLRWF,1903392,ClimateRock
KDKRW,1853138,"Kodiak AI, Inc."
GRABW,1855612,Grab Holdings Ltd
APOS,1858681,"Apollo Global Management, Inc."
ARQQW,1859690,Arqit Quantum Inc.
ANGHW,1871983,Anghami Inc
ZEOWW,1865506,Zeo Energy Corp.
NNAVW,1865631,NEXTNAV INC.
NXNVW,1865631,NEXTNAV INC.
WBXWF,1866501,Wallbox N.V.
NRSNW,1875091,NeuroSense Therapeutics Ltd.
TLGUF,1879814,TLGY ACQUISITION CORP
TLGWF,1879814,TLGY ACQUISITION CORP
STTPF,2018852,SCHOTT Pharma AG & Co. KGaA/ADR
TNMWF,2013186,TNL Mediagene
FSTWF,2014254,FST Corp.
ALCYU,1901336,Alchemy Investments Acquisition Corp 1
ALCYW,1901336,Alchemy Investments Acquisition Corp 1
BTMWW,1901799,Bitcoin Depot Inc.
PAII-UN,2069238,Pyrophyte Acquisition Corp. II
PAII-WT,2069238,Pyrophyte Acquisition Corp. II
SOCAW,2065948,Solarius Capital Acquisition Corp.
SOCAU,2065948,Solarius Capital Acquisition Corp.
BURUW,1814215,"Nuburu, Inc."
HCMAU,2069856,HCM III ACQUISITION CORP.
HCMAW,2069856,HCM III ACQUISITION CORP.
GMWKF,2062522,GAMES WORKSHOP GROUP PLC/ADR
MXUGF,2061911,Mixue Bingcheng Co Ltd/ADR
RDAGU,2055459,Republic Digital Acquisition Co
RDAGW,2055459,Republic Digital Acquisition Co
COLAU,2028201,Columbus Acquisition Corp/Cayman Islands
COLAR,2028201,Columbus Acquisition Corp/Cayman Islands
EVAC-UN,2042902,EQV Ventures Acquisition Corp. II
EVAC-WT,2042902,EQV Ventures Acquisition Corp. II
TKMEF,2044863,"Tokyo Metro Co., Ltd./ADR"
MANDF,2038958,Mandatum Oyj/ADR
JACS-UN,2039058,Jackson Acquisition Co II
JACS-RI,2039058,Jackson Acquisition Co II
CMCAU,1865248,Piermont Valley Acquisition Corp
CMCAW,1865248,Piermont Valley Acquisition Corp
DRMAW,1853816,"Dermata Therapeutics, Inc."
NVACW,1859807,"Profusa, Inc."
SEATW,1856031,Vivid Seats Inc.
HNSDF,1856488,Hensoldt AG/ADR
IXQUF,1852019,IX Acquisition Corp.
IXQWF,1852019,IX Acquisition Corp.
BRLSW,1852973,Borealis Foods Inc.
HMELF,1853630,Hold Me Ltd
PSQH-WT,1847064,"PSQ Holdings, Inc."
OABIW,1846253,"OmniAb, Inc."
SLND-WT,1883814,"Southland Holdings, Inc."
PLSAY,1884082,Polestar Automotive Holding UK PLC
VHAIW,1880431,Vocodia Holdings Corp
VHABW,1880431,Vocodia Holdings Corp
DRTSW,1871321,Alpha Tau Medical Ltd.
OPTXW,1866816,"SYNTEC OPTICS HOLDINGS, INC."
EVTWF,1867102,Vertical Aerospace Ltd.
SATLW,1874315,Satellogic Inc.
SWAGW,1872525,"Stran & Company, Inc."
SRZNW,1824893,"Surrozen, Inc./DE"
VLDXW,1825079,"Velo3D, Inc."
HIPOW,1828105,Hippo Holdings Inc.
GWH-WT,1819438,"ESS Tech, Inc."
OPFI-WT,1818502,OppFi Inc.
TSPH,1823593,TuSimple Holdings Inc.
BARKW,1819574,"Bark, Inc."
LSRCF,1822989,Lasertec Corporation/ADR
CBRGF,1845149,Chain Bridge I
ESLAW,1844417,"Estrella Immunopharma, Inc."
CBGGF,1845149,Chain Bridge I
IMAQR,1846235,International Media Acquisition Corp.
IMAQU,1846235,International Media Acquisition Corp.
IMAQW,1846235,International Media Acquisition Corp.
RMCOW,1843656,Royalty Management Holding Corp
KTTAW,1841330,Pasithea Therapeutics Corp.
LOCLW,1840780,Local Bounti Corporation/DE
PSEWF,1833835,Paysafe Ltd
BDMDW,1982444,Baird Medical Investment Holdings Ltd
IMAA,1980295,IMA Tech
TBNRL,1997652,Tamboran Resources Corp
PDPA,1998043,Pearl Diver Credit Co Inc.
STHRF,2068441,Strathcona Resources Ltd.
TOKCF,2066601,"Tokyo Ohka Kogyo Co., Ltd./ADR"
QUMSU,2070900,Quantumsphere Acquisition Corp
QUMSR,2070900,Quantumsphere Acquisition Corp
JNGHF,2071868,"Jiangsu Hengrui Pharmaceuticals Co., Ltd./ADR"
GSRFU,2072404,GSR IV Acquisition Corp.
GSRFR,2072404,GSR IV Acquisition Corp.
OCSAW,1953530,Oculis Holding AG
TANAF,1941189,Tian'an Technology Group Ltd
CRGOW,1927719,Freightos Ltd
FKURF,2043424,Fujikura Ltd/ADR
XRPNW,2044009,Armada Acquisition Corp. II
XRPNU,2044009,Armada Acquisition Corp. II
KYFGF,2042187,Kyoto Financial Group Inc/ADR
OBAWU,2034313,Oxley Bridge Acquisition Ltd
OBAWW,2034313,Oxley Bridge Acquisition Ltd
OACCW,2029769,Oaktree Acquisition Corp. III Life Sciences
ATIIU,2028516,Archimedes Tech SPAC Partners II Co.
ATIIW,2028516,Archimedes Tech SPAC Partners II Co.
OACCU,2029769,Oaktree Acquisition Corp. III Life Sciences
VRBCF,2029969,Virbac SA/ADR
LABFF,2029970,"Laboratorios Farmaceuticos Rovi, S.A./ADR"
SHFH,2032609,Scientist Home Future Health Ltd
DRDBU,2032528,Roman DBDR Acquisition Corp. II
DRDBW,2032528,Roman DBDR Acquisition Corp. II
KXHCF,2053383,Kioxia Holdings Corporation/ADR
ONWRF,2059986,Onward Medical N.V./ADR
HRZRF,2060217,"Horizon Robotics, Inc./ADR"
KYIVW,2062440,Kyivstar Group Ltd.
CCIIW,2064683,Cohen Circle Acquisition Corp. II
CCIIU,2064683,Cohen Circle Acquisition Corp. II
ASBRF,2055337,"Asahi Group Holdings, Ltd./ADR"
GLIBK,2057463,"GCI Liberty, Inc."
DAAQW,2052162,Digital Asset Acquisition Corp.
DAAQU,2052162,Digital Asset Acquisition Corp.
PEW-WT,2051380,GrabAGun Digital Holdings Inc.
EGHAR,2052547,EGH Acquisition Corp.
EGHAU,2052547,EGH Acquisition Corp.
WHLRL,1527541,"Wheeler Real Estate Investment Trust, Inc."
CCID,1517767,Carlyle Credit Income Fund
PRHIZ,1502292,"Presurance Holdings, Inc."
HPHTF,1600928,Hamamatsu Photonics K.K./ADR
FTAIM,1590364,FTAI Aviation Ltd.
FTAIN,1590364,FTAI Aviation Ltd.
WEIBF,1595761,WEIBO Corp
BSMLP,1621434,"Black Stone Minerals, L.P."
ACGP,1642122,"Associated Capital Group, Inc."
BCTXL,1610820,BriaCell Therapeutics Corp.
BCTXZ,1610820,BriaCell Therapeutics Corp.
GGBY,1616736,Alpha Investment Inc.
ILLRW,1769624,Triller Group Inc.
VNTXF,1754180,FORTE GROUP HOLDINGS INC.
QFNHF,1741530,"Qfin Holdings, Inc."
LARAX,1753712,Lord Abbett Credit Opportunities Fund
OZVN,1751707,OZ VISION INC.
GFAIW,1804469,"Guardforce AI Co., Ltd."
TALKW,1803901,"Talkspace, Inc."
NCLTF,1801729,"Nitori Holdings Co., Ltd."
PINE-PA,1786117,"Alpine Income Property Trust, Inc."
ADYYF,1788707,Adyen N.V./ADR
PSKRF,1789444,Protector Forsikring/ADR
CAHPF,1686009,Evolution Mining Limited/ADR
IBIDF,1654508,"Ibiden Co., Ltd./ADR"
MYSEW,1648960,"Myseum, Inc."
HSCT,1721056,HOOPS SCOUTING USA
FATPQ,1705012,"Fat Brands, Inc"
FABTQ,1705012,"Fat Brands, Inc"
MEIUF,1699967,Meitu Inc./ADR
TNEYF,2073901,Tamarack Valley Energy Ltd./ADR
MKLYU,2067592,McKinley Acquisition Corp
MKLYR,2067592,McKinley Acquisition Corp
CCXIU,2074973,Churchill Capital Corp XI
CCXIW,2074973,Churchill Capital Corp XI
NWAX-WT,2074878,New America Acquisition I Corp.
NWAX-UN,2074878,New America Acquisition I Corp.
HNSPF,2073669,Hansoh Pharmaceutical Group Co Limited/ADR
HVMCU,2070602,Highview Merger Corp.
HVMCW,2070602,Highview Merger Corp.
CTATF,2070829,"Contemporary Amperex Technology Co., Limited/ADR"
REECF,2070570,Reece Limited/ADR
BCARW,2065779,D. Boral ARC Acquisition I Corp.
BCARU,2065779,D. Boral ARC Acquisition I Corp.
LSHGF,2063675,Louis Hachette Group/ADR
SCSKF,2063116,SCSK Corporation/ADR
BPACU,2064177,Blueport Acquisition Ltd
BPACR,2064177,Blueport Acquisition Ltd
INACR,2063816,Indigo Acquisition Corp.
INACU,2063816,Indigo Acquisition Corp.
GDERF,2021390,Galderma Group AG/ADR
DTSQR,2017950,DT Cloud Star Acquisition Corp
DTSQU,2017950,DT Cloud Star Acquisition Corp
IMSRW,2019804,Terrestrial Energy Inc. /DE/
SPEGU,2028735,Silver Pegasus Acquisition Corp.
SPEGR,2028735,Silver Pegasus Acquisition Corp.
CHARR,2024459,Charlton Aria Acquisition Corp
CHARU,2024459,Charlton Aria Acquisition Corp
GIGGU,2023730,GigCapital7 Corp.
GIGGW,2023730,GigCapital7 Corp.
TDWDR,2076616,Tailwind 2.0 Acquisition Corp.
TDWDU,2076616,Tailwind 2.0 Acquisition Corp.
SRBEF,2075141,VusionGroup
EMISR,2075816,Emmis Acquisition Corp.
CSCCF,2075918,Capstone Copper Corp./ADR
EVOXW,2077954,Evolution Global Acquisition Corp
EVOXU,2077954,Evolution Global Acquisition Corp
MACIW,2016221,Melar Acquisition Corp. I/Cayman
MACIU,2016221,Melar Acquisition Corp. I/Cayman
QSEAR,2047455,Quartzsea Acquisition Corp
QSEAU,2047455,Quartzsea Acquisition Corp
IRHOR,2051985,Iron Horse Acquisition II Corp.
IRHOU,2051985,Iron Horse Acquisition II Corp.
OYSEU,2042182,Oyster Enterprises II Acquisition Corp
OYSER,2042182,Oyster Enterprises II Acquisition Corp
RTACW,2035173,Renatus Tactical Acquisition Corp I
RTACU,2035173,Renatus Tactical Acquisition Corp I
FUSEW,2033383,Fusemachines Inc.
WLACU,2032379,Willow Lane Acquisition Corp.
WLACW,2032379,Willow Lane Acquisition Corp.
TACOU,2033122,Berto Acquisition Corp.
TACOW,2033122,Berto Acquisition Corp.
THTG,2029303,Tech Tonic Group Corp.
PLMKW,2030482,"Plum Acquisition Corp, IV"
PLMKU,2030482,"Plum Acquisition Corp, IV"
ALDFU,2031561,Aldel Financial II Inc.
ALDFW,2031561,Aldel Financial II Inc.
PARXF,2073620,Parex Resources Inc./ADR
TMTNF,2072098,Toromont Industries Ltd./ADR
SCXBF,2066600,SCB X Public Co Ltd
KOYNW,2068454,"CSLM Digital Asset Acquisition Corp III, Ltd"
KOYNU,2068454,"CSLM Digital Asset Acquisition Corp III, Ltd"
CRACR,2070887,Crown Reserve Acquisition Corp. I
CRACW,2070887,Crown Reserve Acquisition Corp. I
CRACU,2070887,Crown Reserve Acquisition Corp. I
PREKF,2071912,PrairieSky Royalty Ltd/ADR
FLNCF,2065932,Freelancer Ltd
FGRS,2064124,"Figure Technology Solutions, Inc."
MDDNF,2063417,Meridian Energy Ltd/ADR
VNMEW,2055879,Vendome Acquisition Corp I
VNMEU,2055879,Vendome Acquisition Corp I
SVNHF,2089488,SUNEVISION HOLDINGS/ADR
PAACU,2087446,Proem Acquisition Corp. I
LKYRF,2091585,Locksley Resources Limited/ADR
CLBR-UN,2091024,Colombier Acquisition Corp. III
DUTBF,2085208,Duality Biotherapeutics Inc/ADR
GPACU,2085408,General Purpose Acquisition Corp.
GPACW,2085408,General Purpose Acquisition Corp.
LFACW,2084563,Leapfrog Acquisition Corp
LFACU,2084563,Leapfrog Acquisition Corp
OBCKF,2094691,Ottobock SE & Co. KGaA/ADR
MZYX-UN,2097376,MOZAYYX Acquisition Corp.
DBCAW,2095161,D. Boral Acquisition I Corp.
DBCAU,2095161,D. Boral Acquisition I Corp.
SVIVU,2098242,Spring Valley Acquisition Corp. IV
SVIVW,2098242,Spring Valley Acquisition Corp. IV
UAC-UN,2098669,United Acquisition Corp. I
UAC-WT,2098669,United Acquisition Corp. I
CAQUU,2100125,Cambridge Acquisition Corp.
DYORW,2079292,Insight Digital Partners II
DYORU,2079292,Insight Digital Partners II
BLRKW,2081532,Bluerock Acquisition Corp.
BLRKU,2081532,Bluerock Acquisition Corp.
ADACU,2083002,American Drive Acquisition Co
ADACW,2083002,American Drive Acquisition Co
GIWWU,2080019,GigCapital8 Corp.
GIWWR,2080019,GigCapital8 Corp.
MTLPF,2090231,Metlen Energy & Metals PLC/ADR
IACOU,2091176,Idea Acquisition Corp.
WIPKF,2074059,Winpak Ltd./ADR
RNKGF,2093907,RENK Group AG/ADR
CTAAU,2094073,Clearthink 1 Acquisition Corp.
AACIU,2092897,Armada Acquisition Corp. III
ARTCW,2086545,Art Technology Acquisition Corp.
ARTCU,2086545,Art Technology Acquisition Corp.
DPCDF,2094201,DPC DASH LTD/ADR
AIKCF,2087856,Aica Kogyo Co Limited/ADR
MLAAW,2094265,Mountain Lake Acquisition Corp. II
MLAAU,2094265,Mountain Lake Acquisition Corp. II
ILLUU,2101135,Illumination Acquisition Corp. I
AACOU,2099906,Abony Acquisition Corp. I
NOFCF,2108180,NOF Corporation/ADR
BLHWF,2109234,BELIMO Holding AG/ADR
OBIIF,2077146,"OBIC Co., Ltd./ADR"
SAC-UN,2082844,Safeguard Acquisition Corp.
SAC-WT,2082844,Safeguard Acquisition Corp.
CRANR,2081358,Crane Harbor Acquisition Corp. II
CRANU,2081358,Crane Harbor Acquisition Corp. II
SORNW,2086263,Soren Acquisition Corp.
SORNU,2086263,Soren Acquisition Corp.
SVAQU,2085659,Silicon Valley Acquisition Corp.
SVAQW,2085659,Silicon Valley Acquisition Corp.
WSTNU,2076192,Westin Acquisition Corp
WSTNR,2076192,Westin Acquisition Corp
OTGAU,2077010,OTG Acquisition Corp. I
OTGAW,2077010,OTG Acquisition Corp. I
TNDEF,2075349,Top End Energy Ltd/ADR
GPTGF,2075474,GPT Group/ADR
TRGSU,2098780,TRG Latin America Acquisitions Corp.
GIXXR,2098712,GigCapital9 Corp.
GIXXU,2098712,GigCapital9 Corp.
TDACU,1926599,Translational Development Acquisition Corp.
TDACW,1926599,Translational Development Acquisition Corp.
YMTKF,2107946,Yamato Kogyo Co. Ltd/ADR
KELRF,2107989,Keisei Electric Railway Co. Ltd/ADR
PONOU,2108164,"Pono Capital Four, Inc."
APXCF,2093856,APEX CRITICAL METALS CORP.
RNGOF,2092252,"Rengo Co., Ltd./ADR"
GLED-UN,2091484,GalaxyEdge Acquisition Corp
ZSHOF,2088776,"Zensho Holdings Co., Ltd./ADR"
PALOU,2101562,PALOMA ACQUISITION CORP I
ACAAU,2096900,Averin Capital Acquisition Corp.
SUMAU,2105838,SUMA Acquisition Corp
IEAGR,2084396,Infinite Eagle Acquisition Corp.
IEAGU,2084396,Infinite Eagle Acquisition Corp.
ZKPU,2087447,Lafayette Digital Acquisition Corp. I
ZKPW,2087447,Lafayette Digital Acquisition Corp. I
ZJLMF,2087840,"Zhejiang Leapmotor Technology Co., Ltd./ADR"
WLIIU,2083946,Willow Lane Acquisition Corp. II
ALOVW,2083989,"Aldabra 4 Liquidity Opportunity Vehicle, Inc."
ALOVU,2083989,"Aldabra 4 Liquidity Opportunity Vehicle, Inc."
AEAQU,2083689,Activate Energy Acquisition Corp.
AEAQW,2083689,Activate Energy Acquisition Corp.
LPCVW,2083728,Launchpad Cadenza Acquisition Corp I
LPCVU,2083728,Launchpad Cadenza Acquisition Corp I
DSACU,2082149,Daedalus Special Acquisition Corp.
DSACW,2082149,Daedalus Special Acquisition Corp.
BIXIU,2082542,Bitcoin Infrastructure Acquisition Corp Ltd
BIXIW,2082542,Bitcoin Infrastructure Acquisition Corp Ltd
SPIWF,2083221,SPIE SA/ADR
KRSP-WT,2074872,Rice Acquisition Corp 3
KRSP-UN,2074872,Rice Acquisition Corp 3
LLYVK,2078416,"Liberty Live Holdings, Inc."
LLYVB,2078416,"Liberty Live Holdings, Inc."
TCLHF,2073804,TCL Electronics Holdings Limited/ADR
FCRS-WT,2074697,FutureCrest Acquisition Corp.
FCRS-UN,2074697,FutureCrest Acquisition Corp.
DLMAF,2073893,Dollarama Inc./ADR
NPIFF,2072389,Northland Power Inc./ADR
NPICF,2072389,Northland Power Inc./ADR
BIREF,2073268,Birchcliff Energy Ltd./ADR
GIBOW,2034520,GIBO HOLDINGS Ltd
HSPTR,2032950,Horizon Space Acquisition II Corp.
HSPTU,2032950,Horizon Space Acquisition II Corp.
PUIGF,2029472,Puig Brands S.A./ADR
NUAIW,2028336,"New ERA Energy & Digital, Inc."
NTWOW,2028027,Newbury Street II Acquisition Corp
NTWOU,2028027,Newbury Street II Acquisition Corp
RAINW,2028293,"Rain Enhancement Technologies Holdco, Inc."
IBACR,1998781,IB Acquisition Corp.
GMTH,2000762,GMTech Inc.
LPAAU,2015502,Launch One Acquisition Corp.
LPAAW,2015502,Launch One Acquisition Corp.
EDVGF,2020414,Endeavour Group Limited/ADR
CHPGU,2024460,ChampionsGate Acquisition Corp
CHPGR,2024460,ChampionsGate Acquisition Corp
VCICU,2025396,Vine Hill Capital Investment Corp.
VCICW,2025396,Vine Hill Capital Investment Corp.
BGLWW,2019435,Blue Gold Ltd
MLECW,1937737,Moolec Science SA
NAMSW,1936258,NewAmsterdam Pharma Co N.V.
AFRIW,1903870,Forafric Global PLC
REEWF,1889112,Cartesian Growth Corp II
REEUF,1889112,Cartesian Growth Corp II
DFSCW,1889823,DEFSEC Technologies Inc.
INNPF,1889791,INNOCAN PHARMA Corp
AVSBS,2032732,"Arrived Homes 5, LLC"
AVPKS,2032732,"Arrived Homes 5, LLC"
AEHGS,2032732,"Arrived Homes 5, LLC"
ALOIS,2032732,"Arrived Homes 5, LLC"
NAMMW,2026514,Namib Minerals
TICAW,2032966,"TIC Solutions, Inc."
VDTA,2033264,Vertical Data Inc.
SVCCW,2033593,Stellar V Capital Corp. (Cayman Islands)
SVCCU,2033593,Stellar V Capital Corp. (Cayman Islands)
FERAR,2025401,Fifth Era Acquisition Corp I
FERAU,2025401,Fifth Era Acquisition Corp I
SIMAW,2014982,SIM Acquisition Corp. I
SIMAU,2014982,SIM Acquisition Corp. I
AGMWF,2022059,"Silver Mountain Resources, Inc."
ABVEW,1979484,Above Food Ingredients Inc.
SVUWF,1973368,SRIVARU Holding Ltd
MRNOW,1988776,Murano Global Investments Plc
SHMDW,1987240,SCHMID Group N.V.
EURKR,2000410,Eureka Acquisition Corp
EURKU,2000410,Eureka Acquisition Corp
MGSD,2003750,"Maitong Sunshine Cultural Development Co., Ltd"
DSYWW,1999297,Big Tree Cloud Holdings Ltd
YDESW,2011674,YD Bio Ltd
PMCUF,2013003,Pro Medicus Ltd./ADR
LIMNW,1971387,"Liminatus Pharma, Inc."
CCGWW,1965473,Cheche Group Inc.
BCGWW,1953984,"Binah Capital Group, Inc."
LZM-WT,1958217,Lifezone Metals Ltd
MACT,1957783,"MachTen, Inc."
FUFUW,1921158,Bitfufu Inc.
AKPPS,1923734,Ark7 Properties Plus LLC
GLTK,1938338,GlobalTech Corp
LMMY,1939937,"Exousia Bio, Inc."
SCPQW,2083143,Social Commerce Partners Corp
SCPQU,2083143,Social Commerce Partners Corp
TRAD-UN,2085485,APEX Tech Acquisition Inc.
SBXE-UN,2081909,SilverBox Corp V
SBXE-WT,2081909,SilverBox Corp V
AVVOF,2082141,Avio S.p.A./ADR
LATAU,2076427,Galata Acquisition Corp. II
LATAW,2076427,Galata Acquisition Corp. II
AIIA-RI,2073553,AI Infrastructure Acquisition Corp.
AIIA-UN,2073553,AI Infrastructure Acquisition Corp.
MBVIW,2073928,M3-Brigade Acquisition VI Corp.
MBVIU,2073928,M3-Brigade Acquisition VI Corp.
GBNXF,2071913,Gibson Energy Inc/ADR
TRMLF,2071881,Tourmaline Oil Corp/ADR
RAAQU,2052161,Real Asset Acquisition Corp.
CGCTU,2049662,Cartesian Growth Corp III
CGCTW,2049662,Cartesian Growth Corp III
RAAQW,2052161,Real Asset Acquisition Corp.
ONCHW,2054272,1RT Acquisition Corp.
ONCHU,2054272,1RT Acquisition Corp.
CHACU,2054174,Crane Harbor Acquisition Corp.
CHACR,2054174,Crane Harbor Acquisition Corp.
KCHVU,2053799,Kochav Defense Acquisition Corp.
KCHVR,2053799,Kochav Defense Acquisition Corp.
NMPAU,2054876,NMP Acquisition Corp.
NMPAR,2054876,NMP Acquisition Corp.
BACCR,2059654,Blue Acquisition Corp/Cayman
BACCU,2059654,Blue Acquisition Corp/Cayman
PCPPF,2053411,PC Partner Group Ltd/ADR
TGE-WT,2053456,Generation Essentials Group
AXINU,2057030,Axiom Intelligence Acquisition Corp 1
AXINR,2057030,Axiom Intelligence Acquisition Corp 1
MGHTF,2062807,Mercury NZ Ltd./ADR
CRAQR,2058359,Cal Redwood Acquisition Corp.
CRAQU,2058359,Cal Redwood Acquisition Corp.
RAC-UN,2047497,Rithm Acquisition Corp.
RAC-WT,2047497,Rithm Acquisition Corp.
TWLVR,2052243,Twelve Seas Investment Co III/Cayman
TWLVU,2052243,Twelve Seas Investment Co III/Cayman
SPGDF,2042556,Springer Nature AG & Co. KGaA/ADR
ORIQW,2044523,Origin Investment Corp I
ORIQU,2044523,Origin Investment Corp I
DGMDF,2034300,Digital Domain Holdings Limited/ADR
TVACU,2033991,Texas Ventures Acquisition III Corp
TVACW,2033991,Texas Ventures Acquisition III Corp
OIMAW,2088325,OneIM Acquisition Corp.
OIMAU,2088325,OneIM Acquisition Corp.
HRIBF,2088827,"Horiba, Ltd./ADR"
BIII-WT,2087087,Black Spade Acquisition III Co
BIII-UN,2087087,Black Spade Acquisition III Co
AACBR,2034334,Artius II Acquisition Inc.
AACBU,2034334,Artius II Acquisition Inc.
VWAVW,2038439,"VisionWave Holdings, Inc."
IPODW,2041047,Dune Acquisition Corp II
IPODU,2041047,Dune Acquisition Corp II
MGCOF,2039784,"Midea Group Co., Ltd./ADR"
BDCIU,2042292,BTC Development Corp.
BDCIW,2042292,BTC Development Corp.
VACI-WT,2080023,Viking Acquisition Corp I
MMTXU,2077033,Miluna Acquisition Corp
MMTXW,2077033,Miluna Acquisition Corp
LAFAU,2079106,LaFayette Acquisition Corp.
LAFAR,2079106,LaFayette Acquisition Corp.
MBGCF,2079706,"Mitsubishi Gas Chemical Company, Inc./ADR"
MSOKF,2087844,Mitsui-Soko Holdings Co Limited/ADR
NUCLW,2089283,Eagle Nuclear Energy Corp.
MEVOW,2087361,M Evo Global Acquisition Corp II
MEVOU,2087361,M Evo Global Acquisition Corp II
GGPSF,2087843,Greatland Resources Limited/ADR
AMVIF,2085236,AUMOVIO SE
VACI-UN,2080023,Viking Acquisition Corp I
YMATF,2108185,Azbil Corporation/ADR
HCICU,2099093,Hennessy Capital Investment Corp. VIII
BGTCF,2098425,"Beijing Geekplus Technology Co., Ltd./ADR"
FGIIU,2090452,FG Imperii Acquisition Corp.
FGIIW,2090452,FG Imperii Acquisition Corp.
BDTB,2041531,Bodhi Tree Biotechnology Inc
COPL-WT,2045473,Copley Acquisition Corp
COPL-UN,2045473,Copley Acquisition Corp
CHECW,2047177,Chenghe Acquisition III Co.
CHECU,2047177,Chenghe Acquisition III Co.
LOKVW,2048951,Live Oak Acquisition Corp. V
LOKVU,2048951,Live Oak Acquisition Corp. V
SUNXF,2048958,Stardust Solar Energy Inc.
GCLWW,2002045,GCL Global Holdings Ltd
LEGT-UN,2002038,Legato Merger Corp. III
LEGT-WT,2002038,Legato Merger Corp. III
SCAGW,2000366,Scage Future
LWSCF,2073972,Sienna Senior Living Inc./ADR
SVAUF,2074157,StorageVault Canada Inc./ADR
TLNCU,2073340,Talon Capital Corp.
TLNCW,2073340,Talon Capital Corp.
TACHW,2009183,Titan Acquisition Corp.
TACHU,2009183,Titan Acquisition Corp.
ALFUW,2010930,Centurion Acquisition Corp.
ALFUU,2010930,Centurion Acquisition Corp.
GAFC,1989788,Guru App Factory Corp
MNYWW,1974044,MoneyHero Ltd
BAYAU,1969475,Bayview Acquisition Corp
BAYAR,1969475,Bayview Acquisition Corp
APADR,1956439,AParadise Acquisition Corp.
APADU,1956439,AParadise Acquisition Corp.
CAPTW,1967478,Captivision Inc.
MGTEW,1965052,Marblegate Capital Corp
LVROF,1945711,Lavoro Ltd
LVRWF,1945711,Lavoro Ltd
FBYDW,1937987,"Falcon's Beyond Global, Inc."
EBOSF,1533082,EBOS Group Limited/ADR
DPLMF,1529906,Diploma plc/ADR
CGABL,1527166,Carlyle Group Inc.
GNL-PB,1526113,"Global Net Lease, Inc."
GNL-PE,1526113,"Global Net Lease, Inc."
GNL-PD,1526113,"Global Net Lease, Inc."
AMPGZ,1518461,"AmpliTech Group, Inc."
AMPGR,1518461,"AmpliTech Group, Inc."
MNMXF,2109556,Minimax Group Inc./ADR
EURBF,2106126,Eurobank SA/ADR
PRIF-PD,1554625,"Priority Income Fund, Inc."
PRIF-PJ,1554625,"Priority Income Fund, Inc."
PRIF-PK,1554625,"Priority Income Fund, Inc."
PRIF-PL,1554625,"Priority Income Fund, Inc."
FBRT-PE,1562528,"Franklin BSP Realty Trust, Inc."
EYGPF,1562294,Electricity Generating Public Co Limited/ADR
EYUUF,1562294,Electricity Generating Public Co Limited/ADR
CICB,1534254,CION Investment Corp
BBBXD,1548958,Brixton Metals Corp
MPLXP,1552000,MPLX LP
CPNNF,1551468,Central Pattana Public Co Limited/ADR
CTPUF,1551468,Central Pattana Public Co Limited/ADR
RPT-PC,1614806,Rithm Property Trust Inc.
ACONW,1635077,"Aclarion, Inc."
LBRDP,1611983,Liberty Broadband Corp
SNROF,1584273,"Sanrio Company, Ltd./ADR"
IPSOF,1582820,IPSOS/ADR
CTRVP,1583771,"Hepion Pharmaceuticals, Inc."
OZKAP,1569650,Bank OZK
HACQU,2089982,HCM IV Acquisition Corp.
SAAQU,2091222,Space Asset Acquisition Corp.
SAAQW,2091222,Space Asset Acquisition Corp.
GLVHF,2089499,GLENVEAGH PROPERTIES PLC/ADR
AWTRF,2092258,Air Water Inc./ADR
SWBGF,2098324,Shawbrook Group plc/ADR
BHAVU,2097288,BHAV Acquisition Corp
PTORW,2093912,Praetorian Acquisition Corp.
PTORU,2093912,Praetorian Acquisition Corp.
PNFP-PB,2082866,"Pinnacle Financial Partners, Inc."
PNFP-PC,2082866,"Pinnacle Financial Partners, Inc."
PNFP-PA,2082866,"Pinnacle Financial Partners, Inc."
BWIV-UN,2082847,Blue Water Acquisition Corp. IV
DNMXU,2081125,Dynamix Corp III
DNMXW,2081125,Dynamix Corp III
KTWOR,2086524,K2 Capital Acquisition Corp
KTWOU,2086524,K2 Capital Acquisition Corp
BBCQU,2088295,Bleichroeder Acquisition Corp. II
BBCQW,2088295,Bleichroeder Acquisition Corp. II
KBONW,2088749,Karbon Capital Partners Corp.
KBONU,2088749,Karbon Capital Partners Corp.
RNGTU,2078653,Range Capital Acquisition Corp II
RNGTW,2078653,Range Capital Acquisition Corp II
APXTU,2079253,Apex Treasury Corp
APXTW,2079253,Apex Treasury Corp
BKPKF,2075877,Bank Pekao S.A./ADR
BRRWW,2076163,"ProCap Financial, Inc."
IRAB-WT,2077785,Iris Acquisition Corp II
IRAB-UN,2077785,Iris Acquisition Corp II
LPUGF,2068440,Laopu Gold Co. Ltd./ADR
JXADF,2065485,JX Advanced Metals Corporation/ADR
TPZEF,2073655,Topaz Energy Corp./ADR
FINGF,2073638,Finning International Inc./ADR
BLZRW,2075310,Trailblazer Acquisition Corp.
BLZRU,2075310,Trailblazer Acquisition Corp.
WENNW,2057043,WEN Acquisition Corp
WENNU,2057043,WEN Acquisition Corp
FIGXW,2059033,FIGX Capital Acquisition Corp.
FIGXU,2059033,FIGX Capital Acquisition Corp.
SSEAU,2059165,STARRY SEA ACQUISITION CORP
SSEAR,2059165,STARRY SEA ACQUISITION CORP
JENA-UN,2060337,JENA ACQUISITION Corp II
JENA-RI,2060337,JENA ACQUISITION Corp II
PMTRU,2061473,Perimeter Acquisition Corp. I
PMTRW,2061473,Perimeter Acquisition Corp. I
SPHXF,2063413,SM Prime Holdings Inc./ADR
ALEGF,2046098,ALLEGRO.EU SA/ADR
LKSPU,2043508,Lake Superior Acquisition Corp
LKSPR,2043508,Lake Superior Acquisition Corp
PACHW,2040381,Pioneer Acquisition I Corp
PACHU,2040381,Pioneer Acquisition I Corp
LTMGF,2041918,Lottomatica Group S.p.A./ADR
SMFRF,2048270,"Sumitomo Forestry Co., Ltd./ADR"
UYSCR,2036973,UY Scuti Acquisition Corp.
UYSCU,2036973,UY Scuti Acquisition Corp.
RIBBU,2035016,Ribbon Acquisition Corp.
RIBBR,2035016,Ribbon Acquisition Corp.
FACTU,2028935,FACT II Acquisition Corp.
FACTW,2028935,FACT II Acquisition Corp.
BLNH,2029586,"Blue Line Holdings, Inc."
LACHF,2023870,Lapco Holdings Limited/ADR
ALPWF,2025774,Alps Group Inc
POLEU,2025341,Andretti Acquisition Corp. II
POLEW,2025341,Andretti Acquisition Corp. II
DMAAU,2028614,Drugs Made In America Acquisition Corp.
DMAAR,2028614,Drugs Made In America Acquisition Corp.
ETHMW,2028699,Dynamix Corp
ETHMU,2028699,Dynamix Corp
SBCWW,1930313,SBC Medical Group Holdings Inc
NBRGU,1918414,Newbridge Acquisition Ltd
NBRGR,1918414,Newbridge Acquisition Ltd
OAKUW,1945422,Oak Woods Acquisition Corp
SMXWW,1940674,SMX (Security Matters) Public Ltd Co
NMHIW,1947861,Nature's Miracle Holding Inc.
ABLVW,1957489,Able View Global Inc.
OAKUU,1945422,Oak Woods Acquisition Corp
OAKUR,1945422,Oak Woods Acquisition Corp
HSPUF,1946021,Horizon Space Acquisition I Corp.
HSPWF,1946021,Horizon Space Acquisition I Corp.
USGOW,1947244,U.S. GoldMining Inc.
HUBCW,1905660,Hub Cyber Security Ltd.
HUBCZ,1905660,Hub Cyber Security Ltd.
RPDL,1910975,Rapid Line Inc.
FGMCU,1906364,FG Merger II Corp.
FGMCR,1906364,FG Merger II Corp.
PERF-WT,1899830,Perfect Corp.
JFBRW,1885408,Jeffs' Brands Ltd
WLSS,1887912,Welsis Corp.
GGROW,1886190,Gogoro Inc.
QETAR,1978528,Quetta Acquisition Corp
QETAU,1978528,Quetta Acquisition Corp
PBMWW,1985062,PSYENCE BIOMEDICAL LTD.
MKDWW,1991332,MKDWELL Tech Inc.
COOTW,1959994,Australian Oilseeds Holdings Ltd
ATCHW,1963088,"AtlasClear Holdings, Inc."
SLXNW,2022416,Silexion Therapeutics Corp
TYNPF,2019040,Nippon Sanso Holdings Corporation/ADR
TYHOF,2018139,Toyota Tsusho Corporation/ADR
KWMWW,2000756,K Wave Media Ltd.
INFQ-WT,2007825,"Infleqtion, Inc."
ZOOZW,1992818,ZOOZ Strategy Ltd.
TOMYF,1826779,Tomy Co Ltd/ADR
BNZIW,1826011,"Banzai International, Inc."
UHGWW,1830188,"United Homes Group, Inc."
SMEGF,1830056,Siemens Energy AG/ADR
FOACW,1828937,Finance of America Companies Inc.
EDBLW,1809750,Edible Garden AG Inc
LUCYW,1808377,Innovative Eyewear Inc
SES-WT,1819142,SES AI Corp
PVOZ,1824204,Park View OZ REIT Inc
LNZAW,1843724,"LanzaTech Global, Inc."
TBLAW,1840502,Taboola.com Ltd.
EONR-WT,1842556,EON Resources Inc.
IINNW,1837493,Inspira Technologies OXY B.H.N. Ltd
XBPEW,1839530,"XBP Global Holdings, Inc."
NVVEW,1836875,Nuvve Holding Corp.
INVZW,1835654,Innoviz Technologies Ltd.
JWSUF,1831359,Jaws Mustang Acquisition Corp
JWSWF,1831359,Jaws Mustang Acquisition Corp
CSTUF,1834032,Constellation Acquisition Corp I
CSTWF,1834032,Constellation Acquisition Corp I
NNFSF,1834267,Nongfu Spring Co. Ltd./ADR
ALBC,1834868,Alternative Ballistics Corp
SABSW,1833214,"SAB Biotherapeutics, Inc."
PRCWF,1863362,Sofgen Pharma S.A.
TVGNW,1860871,Tevogen Bio Holdings Inc.
BFRIW,1858685,Biofrontera Inc.
MCAGR,1859035,Mountain Crest Acquisition Corp. V
MCAGU,1859035,Mountain Crest Acquisition Corp. V
DFLIW,1847986,Dragonfly Energy Holdings Corp.
GDLG,1848672,Glidelogic Corp.
GDEVW,1848739,GDEV Inc.
AEAEU,1852016,AltEnergy Acquisition Corp
AEAEW,1852016,AltEnergy Acquisition Corp
AIRJW,1855474,AirJoule Technologies Corp.
NVAWW,1852551,Nova Minerals Ltd
NVAAF,1852551,Nova Minerals Ltd
ASUUF,1876716,ASPAC II Acquisition Corp.
ASCRF,1876716,ASPAC II Acquisition Corp.
ASCWF,1876716,ASPAC II Acquisition Corp.
LCFYW,1875547,Locafy Ltd
MSSWF,1882464,Metal Sky Star Acquisition Corp
MSSUF,1882464,Metal Sky Star Acquisition Corp
PGYWW,1883085,Pagaya Technologies Ltd.
IGTAR,1866838,Inception Growth Acquisition Ltd
IGTAU,1866838,Inception Growth Acquisition Ltd
IGTAW,1866838,Inception Growth Acquisition Ltd
CFNHS,1874979,"Cityfunds I, LLC"
CTYFS,1874979,"Cityfunds I, LLC"
CTFTS,1874979,"Cityfunds I, LLC"
CTFDS,1874979,"Cityfunds I, LLC"
CTFPS,1874979,"Cityfunds I, LLC"
CTYDS,1874979,"Cityfunds I, LLC"
CFLAS,1874979,"Cityfunds I, LLC"
CTFMS,1874979,"Cityfunds I, LLC"
BTBDW,1718224,"BT Brands, Inc."
AIBRF,1728918,AIB Group plc/ADR
MVSTW,1760689,"Microvast Holdings, Inc."
MPNGF,1754088,Meituan Dianping/ADR
STSSW,1737995,Sharps Technology Inc.
WRLWF,1733968,West Red Lake Gold Mines Ltd.
WRLRF,1733968,West Red Lake Gold Mines Ltd.
WLGMF,1733968,West Red Lake Gold Mines Ltd.
ICRP,1690012,"InPoint Commercial Real Estate Income, Inc."
METCI,1687187,"Ramaco Resources, Inc."
METCB,1687187,"Ramaco Resources, Inc."
METCZ,1687187,"Ramaco Resources, Inc."
STSR,1698538,"Strategic Student & Senior Housing Trust, Inc."
SATLF,1679920,"Start Today Co., Ltd./ADR"
QGAI,1663038,Quantum Genesis AI Corp.
TRTN-PB,1660734,Triton International Ltd
BSTT,1662972,"Blackstone Real Estate Income Trust, Inc."
TRTN-PC,1660734,Triton International Ltd
TRTN-PD,1660734,Triton International Ltd
TRTN-PE,1660734,Triton International Ltd
TRTN-PF,1660734,Triton International Ltd
TRTN-PG,1660734,Triton International Ltd
LENDX,1658645,Stone Ridge Trust V
BEIGF,1651308,BeOne Medicines Ltd.
MDV-PA,1645873,"MODIV INDUSTRIAL, INC."
HPE-PC,1645590,Hewlett Packard Enterprise Co
HOLOW,1841209,MicroCloud Hologram Inc.
AISPW,1842566,"Airship AI Holdings, Inc."
ANNAW,1845123,"AleAnna, Inc."
EUDAW,1847846,EUDA Health Holdings Ltd
GHBWF,1848731,Glass House Brands Inc.
RNWWW,1848763,ReNew Energy Global plc
FILG,1852039,Grayscale Filecoin Trust (FIL)
DJTWW,1849635,Trump Media & Technology Group Corp.
BEAGU,1852207,Bold Eagle Acquisition Corp.
BEAGR,1852207,Bold Eagle Acquisition Corp.
SGST,1852575,"Strategic Storage Trust VI, Inc."
IAUX-WT,1853962,i-80 Gold Corp.
PL-WT,1836833,Planet Labs PBC
COCHW,1840877,"Envoy Medical, Inc."
ICUCW,1831868,SeaStar Medical Holding Corp
RUMBW,1830081,Rumble Inc.
LIANY,1831283,LianBio
ONFOW,1825452,"Onfolio Holdings, Inc"
ONFOP,1825452,"Onfolio Holdings, Inc"
FRBP,1825248,Franklin BSP Capital Corp
MYPSW,1823878,"PLAYSTUDIOS, Inc."
JXN-PA,1822993,Jackson Financial Inc.
PASTF,1789135,Plastic Omnium/ADR
WEBJF,1778788,Webjet Limited/ADR
MNTSW,1781162,Momentus Inc.
TRINZ,1786108,Trinity Capital Inc.
TRINI,1786108,Trinity Capital Inc.
BKKT-WT,1820302,"Bakkt, Inc."
OPENW,1801169,Opendoor Technologies Inc.
OPENL,1801169,Opendoor Technologies Inc.
OPENZ,1801169,Opendoor Technologies Inc.
TCBWF,1872812,TC BioPharm (Holdings) plc
SPKLU,1884046,Spark I Acquisition Corp
SPKLW,1884046,Spark I Acquisition Corp
GRAF-WT,1897463,Graf Global Corp.
CDTTW,1896212,CDT Equity Inc.
WLDSW,1887673,Wearable Devices Ltd.
ABPWW,1893219,"Abpro Holdings, Inc."
YBZN,1885514,Yi Po International Holdings Ltd
CINGW,1862150,Cingulate Inc.
MSAIW,1863990,"MultiSensor AI Holdings, Inc."
AQUNR,1861063,Aquaron Acquisition Corp.
AQUNU,1861063,Aquaron Acquisition Corp.
CYCUW,1868419,"Cycurion, Inc."
BULLW,1866364,Webull Corp
FGIWW,1864943,FGI Industries Ltd.
ALSUF,1865111,Alpha Star Acquisition Corp
ALSTF,1865111,Alpha Star Acquisition Corp
ALSWF,1865111,Alpha Star Acquisition Corp
LDDFD,1919776,"LIBERTY DEFENSE HOLDINGS, LTD."
SMNRW,1913577,"Semnur Pharmaceuticals, Inc."
ALVOW,1898416,Alvotech
GRMLW,1907223,Greenland Mines Ltd
GRRRW,1903145,Gorilla Technology Group Inc.
AIMUF,1903464,Aimfinity Investment Corp. I
AIMWF,1903464,Aimfinity Investment Corp. I
AIMTF,1903464,Aimfinity Investment Corp. I
LANV-WT,1922097,Lanvin Group Holdings Ltd
HOVRW,1930021,New Horizon Aircraft Ltd.
FMSTW,1935418,Foremost Clean Energy Ltd.
FGSN,1934850,"F&G Annuities & Life, Inc."
FGN,1934850,"F&G Annuities & Life, Inc."
KMFG,1935033,KEEMO Fashion Group Ltd
RKWBF,1969729,Rockwool A/S/ADR
RKWAF,1969729,Rockwool A/S/ADR
AAVXF,1956827,Abivax S.A.
GFRWF,1966287,Greenfire Resources Ltd.
LGSP,1970129,"LEGEND SPICES, INC."
ZAPWF,1955104,Zapp Electric Vehicles Group Ltd
LSBWF,1946399,"LakeShore Biopharma Co., Ltd."
BAERW,1941536,"Bridger Aerospace Group Holdings, Inc."
AMBWQ,1937441,Ambipar Emergency Response
AMBIQ,1937441,Ambipar Emergency Response
CPWPF,2071911,Capital Power Corp/ADR
CPRHF,2071911,Capital Power Corp/ADR
CPXWF,2071911,Capital Power Corp/ADR
ELEEF,2073615,Element Fleet Management Corp./ADR
NNWWF,2073913,North West Co Inc./ADR
BCSS-UN,2064355,Bain Capital GSS Investment Corp.
BCSS-WT,2064355,Bain Capital GSS Investment Corp.
PSBAF,2063685,PT Sumber Alfaria Trijaya Tbk/ADR
BEBE-WT,2079933,TGE Value Creative Solutions Corp
BEBE-UN,2079933,TGE Value Creative Solutions Corp
IGACU,2075068,Invest Green Acquisition Corp
IGACR,2075068,Invest Green Acquisition Corp
STLJF,2077242,Stella-Jones Inc./ADR
YCY-UN,2075336,AA Mission Acquisition Corp. II
YCY-WT,2075336,AA Mission Acquisition Corp. II
BSAAR,2051587,BEST SPAC I Acquisition Corp.
BSAAU,2051587,BEST SPAC I Acquisition Corp.
WTGUU,2053927,Wintergreen Acquisition Corp.
WTGUR,2053927,Wintergreen Acquisition Corp.
LWACU,2061379,LightWave Acquisition Corp.
LWACW,2061379,LightWave Acquisition Corp.
ALUB-UN,2041493,Alussa Energy Acquisition Corp. II
ALUB-WT,2041493,Alussa Energy Acquisition Corp. II
GSHRU,2044635,Gesher Acquisition Corp. II
GSHRW,2044635,Gesher Acquisition Corp. II
NHICU,2043699,NewHold Investment Corp. III
NHICW,2043699,NewHold Investment Corp. III
SDHIU,2034037,Siddhi Acquisition Corp (Cayman Islands)
SDHIR,2034037,Siddhi Acquisition Corp (Cayman Islands)
MICLF,2032399,Mycronic AB/ADR
PGACU,2030829,PANTAGES CAPITAL ACQUISITION Corp
PGACR,2030829,PANTAGES CAPITAL ACQUISITION Corp
SZZLU,2030663,Sizzle Acquisition Corp. II
SZZLR,2030663,Sizzle Acquisition Corp. II
KFIIR,2029976,K&F GROWTH ACQUISITION CORP. II
KFIIU,2029976,K&F GROWTH ACQUISITION CORP. II
IPEXR,2028355,Inflection Point Acquisition Corp. V
IPEXU,2028355,Inflection Point Acquisition Corp. V
ATHNF,2019367,Athens International Airport SA/ADR
MBAVU,2016072,M3-Brigade Acquisition V Corp.
MBAVW,2016072,M3-Brigade Acquisition V Corp.
BRETF,2018463,Brazilian Rare Earths Limited/ADR
CUBWW,2015955,Lionheart Holdings
CUBWU,2015955,Lionheart Holdings
OYCG,1994582,Oyocar Group Inc.
LDXC,1985554,Londax Corp.
TOYWF,1985273,"TOYO Co., Ltd"
KATJF,2109545,Knowledge Atlas Technology Joint Stock Co Limited/ADR
ODERF,2108124,"Odakyu Electric Railway Co., Ltd./ADR"
MTAL-UN,2107724,Metals Acquisition Corp. II
SWCPF,2107960,SWCC Corp/ADR
TOETF,2089506,TOSEI CORP/ADR
PCCOF,2089174,Paltac Corporation/ADR
NHKGF,2087500,NHK Spring Co. Ltd/ADR
VHCPW,2086264,Vine Hill Capital Investment Corp. II
VHCPU,2086264,Vine Hill Capital Investment Corp. II
RFAMU,2091712,RF Acquisition Corp III
CNDHF,2091663,CONDUIT HOLDINGS LTD/ADR
NGSCF,2092248,"Nagase & Co., Ltd./ADR"
RFAMR,2091712,RF Acquisition Corp III
TMTSU,2097364,Spartacus Acquisition Corp. II
MAWAF,2093667,"Maruwa Co., Ltd./ADR"
ZJNGF,2093654,Zijin Gold International Co Limited/ADR
MUZEW,2093484,Muzero Acquisition Corp
MUZEU,2093484,Muzero Acquisition Corp
